hemis_credits_total,hemis_credits_passed,hemis_credits_failed,hemis_credit_pass_rate,target_success_75,matric_school_name,teaching_language,teacher_language_alternation_helped,school_language_same_as_home,english_language_level,school_fee_source,matric_class_size,school_location,school_facilities_count,school_facilities_used_count,school_commute_mode,used_online_learning,school_leadership_activity,school_meal_source,school_academic_achievement,home_resources_count,family_attended_university,home_location,general_support_source,has_dependents,number_of_dependents,has_disability_or_special_needs,plans_part_time_work,part_time_hours,concern_academic,concern_financial,concern_adjustment_belonging,concern_accommodation_transport,concern_safety_health,concern_time_management,concern_any,programme_choice,first_choice_influence,university_accommodation,accommodation_type,accommodation_internet,accommodation_backup_power,distance_from_campus,travel_to_campus,travel_time_to_8am,devices_owned_count,tuition_funding,accommodation_funding,living_expense_funding,applied_nsfas,nsfas_approved,father_employment_status,mother_employment_status
1.0,1.0,0.0,1.0,1.0,Zonkizizwe Secondary School ,English,1.0,1.0,Second,"Bursary e.g., Sasol, Eskom etc.",Between 41 and 60,Township,7,7,Walking,0.0,1.0,School based feeding programme,School leaving,5,0.0,Township,Both Parents,0.0,0.0,0.0,0.0,0.0,1,1,0,0,1,1,1,First,Passion,Accommodation,Self Catering,1.0,0.0,Between 15km and 19km,University bus service,Between 31 minutes and an hour,2,NSFAS,NSFAS,NSFAS,1.0,1.0,,Domestic servant or unskilled labour
1.0,1.0,0.0,1.0,1.0,El tabernacle Christian college ,English,1.0,0.0,Second,Parents or guardians,Less than 20,Private school,13,13,Boarding school,1.0,0.0,School based food garden,Bachelor,5,1.0,Township,Both Parents,0.0,0.0,0.0,0.0,0.0,1,1,0,0,0,1,1,Second,The desire to make a difference,University Residence,Self Catering,1.0,1.0,Between 6km and 9km,University bus service,Between 31 minutes and an hour,2,Parent/Parents,Parent/Parents,Funding arrangements not finalized (if none of the above options apply),0.0,0.0,Employed and earning salary/wages,Employed and earning salary/wages
0.969,0.969,0.0,1.0,1.0,Mphanama Secondary School ,English,1.0,1.0,First,Parents or guardians,Between 20 and 30,Suburb/City/Town,8,8,Walking,1.0,0.0,School based feeding programme,Bachelor,5,1.0,Township,No support,0.0,0.0,0.0,0.0,0.0,1,1,1,0,1,1,1,Second,Passion,University Residence,Self Catering,1.0,1.0,Between 10km and 14km,University bus service,Between 31 minutes and an hour,1,NSFAS,NSFAS,NSFAS,1.0,1.0,,Unable to work/disabled and not receiving a disability grant
1.0,1.0,0.0,1.0,1.0,Semphato Secondary School,Sepedi,1.0,1.0,Second,Government scholarship/bursary,Between 31 and 40,Township,4,4,Walking,0.0,1.0,Parents provided lunch money,Bachelor,3,0.0,Township,Both Parents,0.0,0.0,0.0,1.0,5.0,1,0,0,0,1,0,1,First,The desire to make a difference,Accommodation,Self Catering,1.0,1.0,Less than 5km,University bus service,Between 31 minutes and an hour,2,NSFAS,NSFAS,NSFAS,1.0,1.0,,
0.08,0.08,0.0,1.0,1.0,Dimani Agricultural high ,Tshivenda,1.0,0.0,First,No fee-paying school,Between 41 and 60,Township,7,6,Public Transport,0.0,1.0,Two meals a day,Bachelor,4,1.0,Suburb/City/Town,Single Parent,0.0,0.0,0.0,1.0,6.0,0,0,0,0,0,1,1,First,Passion,University Residence,Self Catering,1.0,1.0,Greater than 30km,University bus service,Between 31 minutes and an hour,2,NSFAS,NSFAS,NSFAS,1.0,1.0,,
1.0,1.0,0.0,1.0,1.0,Monamoledi ,Sepedi,1.0,1.0,First,No fee-paying school,Greater than 80,Rural Village,6,5,Public Transport,0.0,0.0,One meal a day at home,School leaving,1,0.0,Rural Village,No support,0.0,0.0,0.0,0.0,0.0,1,1,1,0,0,1,1,First,Family,University Residence,Self Catering,1.0,0.0,Greater than 30km,University bus service,Between 31 minutes and an hour,1,NSFAS,NSFAS,NSFAS,1.0,1.0,,Unemployed and receiving social grant
1.0,1.0,0.0,1.0,1.0,PInagare Secondary School ,English,1.0,0.0,First,"Parents or guardians, No fee-paying school",Between 41 and 60,Rural Village,4,4,Public Transport,0.0,0.0,School based feeding programme,Bachelor,3,1.0,Rural Village,Both Parents,0.0,0.0,0.0,0.0,0.0,1,0,0,0,1,1,1,First,Teachers,Accommodation,Self Catering,1.0,1.0,Between 20km and 30km,University bus service,Between 31 minutes and an hour,1,Parent/Parents,Parent/Parents,"Spouse/Partner e.g., wife, boyfriend etc.",1.0,0.0,Employed and earning salary/wages,Employed and earning salary/wages
0.5,0.5,0.0,1.0,1.0,Tiyani secondary school ,Xitsonga,1.0,0.0,Second,No fee-paying school,Between 61 and 80,Rural Village,5,4,Walking,0.0,1.0,School based feeding programme,Bachelor,2,1.0,Rural Village,Both Parents,0.0,0.0,0.0,0.0,0.0,1,1,1,0,0,1,1,First,Other,Accommodation,Self Catering,1.0,1.0,Between 20km and 30km,University bus service,Between 31 minutes and an hour,1,NSFAS,NSFAS,NSFAS,1.0,1.0,Employed and earning salary/wages,Unemployed and looking for work
1.0,1.0,0.0,1.0,1.0,Hoërskool Silverton ,English,0.0,0.0,Second,Parents or guardians,Between 31 and 40,Suburb/City/Town,10,7,Public Transport,0.0,0.0,Parents provided lunch box.,Bachelor,4,1.0,Township,Single Parent,0.0,0.0,0.0,1.0,5.0,1,1,1,0,1,1,1,First,Other,University Residence,Self Catering,1.0,1.0,Between 20km and 30km,University bus service,Between 31 minutes and an hour,1,Parent/Parents,Parent/Parents,Paying for myself,,,,Employed and earning salary/wages
0.08,0.08,0.0,1.0,1.0,Bona Lesedi Secondary school ,English,1.0,0.0,First,No fee-paying school,Between 41 and 60,Suburb/City/Town,7,6,Public Transport,0.0,0.0,Two meals a day,Bachelor,3,1.0,Informal settlement,Single Parent,0.0,0.0,0.0,0.0,0.0,1,1,1,0,0,1,1,First,Passion,Accommodation,Self Catering,1.0,1.0,Greater than 30km,University bus service,Between 31 minutes and an hour,1,NSFAS,NSFAS,NSFAS,1.0,1.0,,
1.0,1.0,0.0,1.0,1.0,Frank mahjong’s mst academy,English,1.0,0.0,First,No fee-paying school,Between 41 and 60,Rural Village,10,9,Public Transport,0.0,0.0,School based feeding programme,Bachelor,1,1.0,Rural Village,Both Parents,0.0,0.0,0.0,0.0,0.0,1,0,1,0,1,1,1,First,The desire to make a difference,University Residence,Self Catering,1.0,0.0,Greater than 30km,University bus service,Between 1 and 2 hours,1,NSFAS,NSFAS,NSFAS,1.0,1.0,,
0.5,0.5,0.0,1.0,1.0,FH Odendaal ,English,0.0,0.0,Second,Parents or guardians,Between 20 and 30,Public,10,10,Dropped off by parent or relative,1.0,1.0,Parents provided lunch box.,Bachelor,4,1.0,Township,Both Parents,0.0,0.0,0.0,0.0,0.0,1,1,1,0,1,1,1,First,The desire to make a difference,University Residence,Self Catering,1.0,1.0,Less than 5km,Walking,less than 30 minutes,1,Parent/Parents,Parent/Parents,Funding arrangements not finalized (if none of the above options apply),,,Employed and earning salary/wages,Employed and earning salary/wages
0.5,0.5,0.0,1.0,1.0,Soshanguve East Secondary School,English,1.0,0.0,First,No fee-paying school,Between 31 and 40,Township,12,11,Walking,1.0,0.0,Parents provided lunch box.,Bachelor,4,1.0,Township,Both Parents,0.0,0.0,0.0,0.0,0.0,1,0,1,0,1,1,1,First,Other,University Residence,Self Catering,1.0,0.0,Between 20km and 30km,University bus service,Between 31 minutes and an hour,2,Parent/Parents,Parent/Parents,"Guardian e.g., grandparent, uncle, siblings etc.",0.0,0.0,Employed and earning salary/wages,Self-employed
1.0,1.0,0.0,1.0,1.0,Central Secondary School ,English,1.0,1.0,First,Parents or guardians,Between 20 and 30,Suburb/City/Town,9,7,Walking,0.0,0.0,Parents provided lunch box.,Bachelor,4,1.0,Suburb/City/Town,Both Parents,0.0,0.0,1.0,0.0,0.0,1,1,1,0,1,1,1,First,Passion,University Residence,Self Catering,1.0,1.0,Between 6km and 9km,University bus service,Between 31 minutes and an hour,2,NSFAS,NSFAS,NSFAS,1.0,1.0,Employed and earning salary/wages,Employed and earning salary/wages
1.0,1.0,0.0,1.0,1.0,MAALOBANE HIGH SCHOOL ,English,1.0,0.0,First,No fee-paying school,Between 41 and 60,Rural Village,6,6,Public Transport,0.0,0.0,School based feeding programme,Bachelor,2,0.0,Rural Village,Single Parent,0.0,0.0,1.0,0.0,0.0,1,1,1,0,0,1,1,First,Passion,University Residence,Self Catering,1.0,1.0,Between 20km and 30km,University bus service,Between 31 minutes and an hour,1,NSFAS,NSFAS,NSFAS,1.0,0.0,,
1.0,1.0,0.0,1.0,1.0,Central Secondary School,English,1.0,0.0,First,Parents or guardians,Between 31 and 40,Suburb/City/Town,9,9,Public Transport,0.0,0.0,Parents provided lunch money,Bachelor,5,0.0,Township,Both Parents,0.0,0.0,0.0,0.0,0.0,1,0,1,0,1,1,1,First,The desire to make a difference,University Residence,Self Catering,1.0,0.0,Greater than 30km,University bus service,Between 31 minutes and an hour,1,NSFAS,NSFAS,NSFAS,1.0,1.0,,
0.9,0.9,0.0,1.0,1.0,Mandla Mthethwa school of excellence ,English,1.0,0.0,Second,Parents or guardians,Between 20 and 30,Rural Village,12,12,Boarding school,0.0,0.0,Three meals a day,School leaving,4,0.0,Township,Both Parents,0.0,0.0,0.0,0.0,0.0,1,0,1,0,1,1,1,First,Passion,University Residence,Self Catering,1.0,1.0,Between 20km and 30km,University bus service,Between 31 minutes and an hour,2,NSFAS,NSFAS,NSFAS,1.0,1.0,,
1.0,1.0,0.0,1.0,1.0,Reggie Masuku Secondary School,IsiZulu,1.0,1.0,First,No fee-paying school,Between 41 and 60,Suburb/City/Town,6,5,Walking,0.0,0.0,School based feeding programme,Bachelor,1,1.0,Informal settlement,Single Parent,0.0,0.0,0.0,0.0,0.0,1,0,0,0,0,0,1,First,The desire to make a difference,University Residence,Self Catering,1.0,,,University bus service,Between 1 and 2 hours,1,NSFAS,NSFAS,NSFAS,1.0,1.0,,
1.0,1.0,0.0,1.0,1.0,Engabezweni Secondary school ,English,1.0,0.0,Second,No fee-paying school,Between 31 and 40,Rural Village,7,7,School Bus,0.0,1.0,Parents provided lunch money,Bachelor,5,1.0,Rural Village,Both Parents,1.0,1.0,0.0,0.0,0.0,1,1,1,0,0,1,1,Second,Job Security,University Residence,Self Catering,1.0,1.0,Less than 5km,Walking,less than 30 minutes,1,NSFAS,NSFAS,NSFAS,1.0,1.0,,
1.0,1.0,0.0,1.0,1.0,The Oasis College ,English,1.0,0.0,First,Parents or guardians,Greater than 80,Township,5,4,Scholar transport (Rural learners),0.0,0.0,Parents provided lunch box.,Bachelor,1,1.0,Rural Village,Both Parents,0.0,0.0,0.0,0.0,0.0,1,1,1,0,0,1,1,Second,Passion,University Residence,Self Catering,1.0,1.0,Between 20km and 30km,University bus service,Between 31 minutes and an hour,1,NSFAS,NSFAS,NSFAS,1.0,1.0,Unemployed and looking for work,
0.999,0.999,0.0,1.0,1.0,Kgolakaleleme,English,1.0,0.0,Second,Trust fund,Between 41 and 60,Rural Village,6,1,Walking,1.0,1.0,School based feeding programme,Bachelor,4,1.0,Rural Village,Single Parent,0.0,0.0,0.0,0.0,0.0,0,0,0,0,0,0,1,Third,Other,University Residence,Self Catering,1.0,1.0,Between 20km and 30km,University bus service,Between 31 minutes and an hour,1,NSFAS,NSFAS,NSFAS,1.0,1.0,,
1.0,1.0,0.0,1.0,1.0,Mohlakaneng Senior Secondary School ,Sepedi,1.0,1.0,First,No fee-paying school,Between 20 and 30,Public,9,8,Walking,0.0,1.0,School based feeding programme,Bachelor,4,1.0,Township,Single Parent,0.0,0.0,0.0,1.0,5.0,1,0,1,0,1,1,1,First,Family,University Residence,Self Catering,1.0,1.0,Less than 5km,Walking,Between 31 minutes and an hour,2,NSFAS,NSFAS,NSFAS,1.0,1.0,,
1.0,0.938,0.062,0.938,1.0,Masihambisane High school ,IsiZulu,1.0,1.0,Second,No fee-paying school,Between 41 and 60,Public,5,5,Walking,0.0,0.0,Parents provided lunch money,Bachelor,2,0.0,Township,Both Parents,0.0,0.0,0.0,0.0,0.0,1,0,1,0,1,1,1,First,Role Models,University Residence,Self Catering,1.0,1.0,Between 15km and 19km,University bus service,Between 1 and 2 hours,1,NSFAS,NSFAS,NSFAS,1.0,1.0,Unemployed and receiving social grant,Self-employed
1.0,1.0,0.0,1.0,1.0,Sediba thuto Secondary School ,Sesotho,1.0,1.0,Second,No fee-paying school,Between 31 and 40,Township,9,5,Walking,0.0,0.0,School based feeding programme,Bachelor,3,0.0,Township,No support,0.0,0.0,0.0,0.0,0.0,1,0,1,0,1,1,1,First,The desire to make a difference,University Residence,Self Catering,1.0,1.0,Greater than 30km,University bus service,Between 31 minutes and an hour,1,NSFAS,NSFAS,NSFAS,1.0,1.0,Unemployed and looking for work,Unemployed and looking for work
0.08,0.08,0.0,1.0,1.0,Riverside High School ,English,1.0,0.0,First,Parents or guardians,Greater than 80,Suburb/City/Town,11,10,Lift club,0.0,0.0,Parents provided lunch box.,Bachelor,4,1.0,Suburb/City/Town,Single Parent,0.0,0.0,0.0,0.0,0.0,1,1,1,0,1,1,1,First,Job Security,University Residence,Self Catering,1.0,1.0,,University bus service,Between 31 minutes and an hour,2,Parent/Parents,Parent/Parents,"Guardian e.g., grandparent, uncle, siblings etc.",,,,Employed and earning salary/wages
1.0,1.0,0.0,1.0,1.0,School of Health Sciences ,IsiZulu,1.0,0.0,Second,No fee-paying school,Greater than 80,Rural Village,8,7,Public Transport,0.0,1.0,Parents provided lunch money,School leaving,4,1.0,Rural Village,Single Parent,0.0,0.0,0.0,1.0,6.0,1,1,0,0,1,1,1,First,Job Security,University Residence,Self Catering,1.0,0.0,Greater than 30km,University bus service,Between 31 minutes and an hour,2,NSFAS,NSFAS,NSFAS,1.0,0.0,,
0.08,0.08,0.0,1.0,1.0,St Paul's Catholic School ,English,1.0,0.0,First,Merit scholarships,Between 41 and 60,Rural Village,10,8,Public Transport,1.0,0.0,School based feeding programme,Bachelor,3,1.0,Rural Village,Both Parents,0.0,0.0,0.0,0.0,0.0,1,1,0,0,1,1,1,First,Family,University Residence,Self Catering,1.0,1.0,Greater than 30km,University bus service,Between 31 minutes and an hour,2,NSFAS,NSFAS,NSFAS,1.0,1.0,Employed and earning salary/wages,
0.08,0.08,0.0,1.0,1.0,Hlanganani Secondary School ,English,1.0,0.0,First,No fee-paying school,Between 41 and 60,Rural Village,6,6,Public Transport,0.0,0.0,School based feeding programme,Bachelor,3,0.0,Rural Village,Single Parent,0.0,0.0,0.0,0.0,0.0,1,1,0,0,1,1,1,First,The desire to make a difference,University Residence,Self Catering,1.0,1.0,Greater than 30km,University bus service,Between 31 minutes and an hour,2,NSFAS,NSFAS,NSFAS,1.0,1.0,,Domestic servant or unskilled labour
1.0,1.0,0.0,1.0,1.0,Mokgareng Secondary School ,Setswana,1.0,0.0,Second,No fee-paying school,Between 20 and 30,Rural Village,7,7,Walking,0.0,0.0,School based feeding programme,School leaving,1,0.0,Rural Village,"Guardian e.g., grandparent, uncle, siblings etc..",0.0,0.0,0.0,1.0,6.0,1,1,1,0,0,1,1,First,The desire to make a difference,University Residence,Catered,1.0,1.0,Between 15km and 19km,University bus service,Between 31 minutes and an hour,1,NSFAS,NSFAS,NSFAS,1.0,1.0,,Unemployed and looking for work
1.0,1.0,0.0,1.0,1.0,Mathew Phosa Secondary School ,Sepedi,1.0,1.0,Second,No fee-paying school,Between 61 and 80,Rural Village,8,5,Walking,0.0,1.0,School based feeding programme,Bachelor,3,1.0,Rural Village,Both Parents,0.0,0.0,0.0,,,1,1,1,0,0,0,1,First,Passion,Accommodation,,,1.0,Between 15km and 19km,University bus service,Between 31 minutes and an hour,1,NSFAS,NSFAS,NSFAS,1.0,0.0,Unable to work/disabled and receiving a disability grant,Employed and earning salary/wages
1.002,1.002,0.0,1.0,1.0,Langenhoven High School,English,0.0,0.0,First,Parents or guardians,Between 20 and 30,Suburb/City/Town,12,12,Dropped off by parent or relative,0.0,1.0,Parents provided lunch box.,Bachelor,6,1.0,Suburb/City/Town,Both Parents,0.0,0.0,0.0,1.0,5.0,1,1,0,0,0,1,1,Second,Family,University Residence,Self Catering,1.0,0.0,Less than 5km,Walking,less than 30 minutes,2,Parent/Parents,Parent/Parents,"Guardian e.g., grandparent, uncle, siblings etc.",,,,Employed and earning salary/wages
0.5,0.5,0.0,1.0,1.0,Mapeloana Secondary school ,English,1.0,1.0,Second,"Bursary e.g., Sasol, Eskom etc.",Greater than 80,Suburb/City/Town,8,7,,,0.0,School based feeding programme,Bachelor,3,1.0,Informal settlement,Both Parents,0.0,0.0,0.0,1.0,5.0,1,0,0,0,0,1,1,First,Passion,University Residence,Self Catering,1.0,1.0,Greater than 30km,University bus service,Between 31 minutes and an hour,1,NSFAS,NSFAS,NSFAS,1.0,1.0,Unemployed and looking for work,Unemployed and looking for work
1.0,0.906,0.094,0.906,1.0,Raymond Mhlaba Secondary  School ,IsiZulu,1.0,,Second,"Self-funded, No fee-paying school",Between 61 and 80,Township,12,11,Public Transport,1.0,0.0,School based feeding programme,Bachelor,5,1.0,Township,No support,0.0,0.0,0.0,1.0,15.0,1,1,1,0,0,1,1,Third,The desire to make a difference,University Residence,Catered,1.0,1.0,Between 20km and 30km,University bus service,Between 31 minutes and an hour,0,NSFAS,NSFAS,NSFAS,1.0,1.0,,
1.0,1.0,0.0,1.0,1.0,Hans Kekana Secondary School ,Setswana,1.0,1.0,First,Parents or guardians,Between 20 and 30,Township,1,4,Dropped off by parent or relative,1.0,1.0,Parents provided lunch box.,Bachelor,4,0.0,Rural Village,Both Parents,0.0,0.0,0.0,0.0,0.0,1,0,0,0,1,1,1,First,The desire to make a difference,University Residence,Self Catering,1.0,1.0,Between 20km and 30km,University bus service,Between 31 minutes and an hour,2,Parent/Parents,Parent/Parents,"Guardian e.g., grandparent, uncle, siblings etc.",,,Employed and earning salary/wages,Unemployed and looking for work
0.5,0.4,0.1,0.8,1.0,Sinthumule senior secondary school ,Tshivenda,1.0,1.0,First,No fee-paying school,Greater than 80,Rural Village,7,5,Dropped off by parent or relative,0.0,1.0,Parents provided lunch box.,Bachelor,5,1.0,Suburb/City/Town,Both Parents,0.0,0.0,0.0,0.0,0.0,1,1,1,0,0,0,1,Third,Passion,University Residence,Self Catering,1.0,1.0,Between 10km and 14km,University bus service,Between 1 and 2 hours,1,"Loans e.g., bank, Edu loan etc.","Loans e.g., bank, Edu","Guardian e.g., grandparent, uncle, siblings etc.",1.0,0.0,Unemployed and looking for work,Employed and earning salary/wages
0.08,0.08,0.0,1.0,1.0,Harry Oppenheimer Agricultural High school ,English,1.0,0.0,First,Parents or guardians,Between 41 and 60,Farm,9,8,Boarding school,0.0,0.0,School based feeding programme,Bachelor,3,1.0,Rural Village,Single Parent,0.0,0.0,0.0,0.0,0.0,0,1,1,0,0,0,1,Second,Job Security,University Residence,Self Catering,1.0,0.0,Less than 5km,Walking,less than 30 minutes,2,"Bursary e.g., Eskom, Sasol etc.","Bursary e.g., Eskom, Sasol etc","Bursary e.g., Eskom, Sasol etc.",1.0,0.0,,Employed and earning salary/wages
1.0,1.0,0.0,1.0,1.0,Hans kekana ,Setswana,1.0,1.0,Second,No fee-paying school,Between 20 and 30,Township,7,5,Walking,0.0,1.0,School based feeding programme,Bachelor,2,0.0,Township,Single Parent,0.0,0.0,0.0,0.0,0.0,1,1,1,0,0,1,1,First,Role Models,University Residence,Self Catering,1.0,0.0,Between 10km and 14km,University bus service,Between 31 minutes and an hour,1,Funding arrangements not analyzed (if none of the above options apply),Funding arrangements not finalized (if none of the above options apply),Funding arrangements not finalized (if none of the above options apply),,,,
0.9,0.9,0.0,1.0,1.0,Poo Secondary School,Sepedi,1.0,1.0,Second,No fee-paying school,Between 41 and 60,Rural Village,5,5,Public Transport,0.0,0.0,School based feeding programme,Bachelor,3,1.0,Rural Village,Both Parents,0.0,0.0,0.0,0.0,0.0,1,0,0,0,0,0,1,First,Other,University Residence,Self Catering,1.0,1.0,Between 20km and 30km,University bus service,Between 31 minutes and an hour,1,NSFAS,NSFAS,NSFAS,1.0,1.0,Employed and earning salary/wages,Unemployed and receiving social grant
0.08,0.08,0.0,1.0,1.0,Letsibogo girls high,English,1.0,0.0,First,No fee-paying school,Between 20 and 30,Township,12,12,Walking,1.0,1.0,School based feeding programme,Bachelor,3,0.0,Township,Both Parents,0.0,0.0,0.0,0.0,0.0,1,0,1,0,1,1,1,First,The desire to make a difference,University Residence,Self Catering,1.0,1.0,Between 20km and 30km,University bus service,Between 31 minutes and an hour,1,NSFAS,NSFAS,NSFAS,1.0,1.0,,
0.9,0.9,0.0,1.0,1.0,Letlape middle school ,Setswana,1.0,1.0,Second,Parents or guardians,Between 31 and 40,Rural Village,8,8,School Bus,1.0,0.0,School based feeding programme,Bachelor,3,1.0,Farm,Single Parent,0.0,0.0,0.0,0.0,0.0,1,1,1,0,0,0,1,First,Role Models,Accommodation,Self Catering,0.0,0.0,Between 20km and 30km,Public transport,Between 31 minutes and an hour,1,Parent/Parents,Parent/Parents,"Spouse/Partner e.g., wife, boyfriend etc.",,0.0,Employed and earning salary/wages,Employed and earning salary/wages
1.0,1.0,0.0,1.0,1.0,Msengi senior secondary ,Xitsonga,1.0,1.0,First,No fee-paying school,Greater than 80,Rural Village,8,7,Walking,0.0,0.0,School based feeding programme,Bachelor,2,1.0,Rural Village,"Guardian e.g., grandparent, uncle, siblings etc..",0.0,0.0,0.0,0.0,0.0,1,0,0,0,0,0,1,Third,Passion,Accommodation,,1.0,,,University bus service,Between 31 minutes and an hour,1,NSFAS,NSFAS,NSFAS,1.0,1.0,,
1.0,1.0,0.0,1.0,1.0,Bombani senior secondary school ,English,1.0,0.0,Second,No fee-paying school,Between 41 and 60,Rural Village,8,7,Walking,0.0,1.0,School based feeding programme,Bachelor,2,0.0,Rural Village,No support,0.0,0.0,0.0,0.0,0.0,1,1,0,0,0,0,1,First,Passion,University Residence,Self Catering,1.0,1.0,Greater than 30km,University bus service,Between 31 minutes and an hour,1,NSFAS,NSFAS,NSFAS,1.0,1.0,,
1.0,1.0,0.0,1.0,1.0,Kwandebele Science School ,English,1.0,1.0,Second,No fee-paying school,Between 31 and 40,Township,7,7,Own Automobile/car,0.0,1.0,School based feeding programme,Bachelor,4,1.0,Township,Single Parent,0.0,0.0,0.0,1.0,5.0,1,0,0,0,0,0,1,First,Other,University Residence,Self Catering,1.0,0.0,Greater than 30km,University bus service,Between 31 minutes and an hour,1,NSFAS,NSFAS,NSFAS,1.0,0.0,,
1.0,1.0,0.0,1.0,1.0,Bondzeni high school ,Xitsonga,1.0,1.0,First,No fee-paying school,Between 20 and 30,Rural Village,8,9,Walking,0.0,1.0,Parents provided lunch money,Bachelor,5,1.0,Rural Village,Both Parents,0.0,0.0,0.0,0.0,0.0,1,0,1,0,1,1,1,First,Passion,University Residence,Self Catering,1.0,1.0,Less than 5km,Walking,less than 30 minutes,1,Parent/Parents,Parent/Parents,Paying for myself,1.0,0.0,Employed and earning salary/wages,Employed and earning salary/wages
1.0,1.0,0.0,1.0,1.0,Hoerskool Rob Ferreir,English,0.0,0.0,Second,Parents or guardians,Between 20 and 30,Suburb/City/Town,11,8,Dropped off by parent or relative,1.0,0.0,Parents provided lunch box.,Bachelor,5,1.0,Suburb/City/Town,"Guardian e.g., grandparent, uncle, siblings etc..",0.0,0.0,0.0,0.0,0.0,1,1,1,0,1,1,1,First,The desire to make a difference,Private,Self Catering,1.0,1.0,Greater than 30km,University bus service,Between 31 minutes and an hour,1,NSFAS,NSFAS,NSFAS,1.0,1.0,,
1.0,1.0,0.0,1.0,1.0,Phambili secondary school ,IsiNdebele,1.0,1.0,Second,No fee-paying school,Between 31 and 40,Public,6,3,Walking,0.0,0.0,Parents provided lunch money,Bachelor,4,1.0,Township,Single Parent,0.0,0.0,1.0,0.0,0.0,1,0,0,0,1,1,1,First,The desire to make a difference,University Residence,Self Catering,1.0,1.0,Greater than 30km,University bus service,Between 31 minutes and an hour,2,NSFAS,NSFAS,NSFAS,1.0,1.0,,
1.0,1.0,0.0,1.0,1.0,Edenglen High School ,English,0.0,1.0,First,Parents or guardians,Between 31 and 40,Suburb/City/Town,12,10,Walking,1.0,1.0,Parents provided lunch box.,Bachelor,5,1.0,Suburb/City/Town,Single Parent,0.0,0.0,0.0,1.0,6.0,0,1,0,0,0,0,1,Second,Other,Accommodation,Self Catering,1.0,0.0,Greater than 30km,University bus service,Between 31 minutes and an hour,2,"Bursary e.g., Eskom, Sasol etc.","Bursary e.g., Eskom, Sasol etc",NSFAS,1.0,0.0,,Employed and earning salary/wages
1.0,1.0,0.0,1.0,1.0,Ntodeni secondary school ,Tshivenda,1.0,1.0,First,Parents or guardians,Greater than 80,Rural Village,8,8,Walking,0.0,0.0,School based feeding programme,Bachelor,1,1.0,Rural Village,Single Parent,0.0,0.0,0.0,1.0,5.0,1,1,1,0,1,1,1,First,Passion,University Residence,Self Catering,1.0,1.0,Between 10km and 14km,University bus service,Between 31 minutes and an hour,2,NSFAS,NSFAS,NSFAS,1.0,1.0,,
1.0,1.0,0.0,1.0,1.0,Matshwara secondary school ,English,1.0,1.0,First,No fee-paying school,Between 31 and 40,Rural Village,9,7,Walking,0.0,1.0,School based food garden,School leaving,3,1.0,Rural Village,"Spouse/Partner e.g. wife, boyfriend etc.",1.0,3.0,1.0,1.0,5.0,1,1,0,0,0,1,1,First,Passion,Accommodation,Self Catering,1.0,1.0,Greater than 30km,University bus service,Between 31 minutes and an hour,1,Government scholarship/bursary,Government scholarship/bursary,Government scholarship/bursary,0.0,0.0,Employed and earning salary/wages,Unemployed and receiving social grant
0.08,0.08,0.0,1.0,1.0,Nkwangularilo Education Centre ,English,1.0,0.0,Second,Parents or guardians,Between 20 and 30,Private school,9,9,School Bus,1.0,0.0,Parents provided lunch money,Bachelor,6,1.0,Suburb/City/Town,Both Parents,0.0,0.0,0.0,0.0,0.0,1,1,1,0,1,1,1,First,Passion,University Residence,Self Catering,1.0,1.0,Greater than 30km,University bus service,Between 31 minutes and an hour,1,"Bursary e.g., Eskom, Sasol etc.","Bursary e.g., Eskom, Sasol etc","Bursary e.g., Eskom, Sasol etc.",,,,
1.0,1.0,0.0,1.0,1.0,Hlabi Senior Secondary School ,English,1.0,0.0,First,No fee-paying school,Between 31 and 40,Rural Village,6,4,Walking,0.0,0.0,School based feeding programme,Bachelor,2,1.0,Rural Village,"Guardian e.g., grandparent, uncle, siblings etc..",0.0,0.0,0.0,0.0,0.0,1,1,0,0,0,1,1,First,The desire to make a difference,Accommodation,,,1.0,Between 15km and 19km,University bus service,Between 31 minutes and an hour,1,NSFAS,NSFAS,NSFAS,1.0,1.0,,
1.0,1.0,0.0,1.0,1.0,BAKENBERG HIGH SCHOOL,Sepedi,,0.0,First,,Between 20 and 30,Rural Village,8,9,Walking,0.0,0.0,School based feeding programme,Bachelor,5,1.0,Rural Village,Both Parents,0.0,0.0,0.0,1.0,5.0,1,0,1,0,0,1,1,First,The desire to make a difference,University Residence,Self Catering,1.0,1.0,Between 20km and 30km,University bus service,Between 31 minutes and an hour,1,NSFAS,NSFAS,NSFAS,1.0,1.0,,
0.5,0.5,0.0,1.0,1.0,DD MABUZA COMPREHENSIVE HIGH SCHOOL ,SiSwati,1.0,1.0,First,"Bursary e.g., Sasol, Eskom etc.",Between 41 and 60,Rural Village,9,5,Walking,0.0,0.0,School based feeding programme,School leaving,4,1.0,Rural Village,Single Parent,1.0,1.0,0.0,0.0,0.0,1,0,0,0,0,0,1,Second,Passion,Accommodation,Self Catering,1.0,1.0,Greater than 30km,University bus service,Between 31 minutes and an hour,1,NSFAS,NSFAS,NSFAS,1.0,1.0,Unemployed and looking for work,Unemployed and looking for work
,,,,,My Darling Senior Secondary School ,Sepedi,1.0,0.0,,,Between 41 and 60,Rural Village,9,7,School Bus,0.0,0.0,School based feeding programme,Bachelor,2,1.0,,Both Parents,0.0,0.0,0.0,0.0,0.0,0,0,0,0,0,0,1,First,Passion,University Residence,Self Catering,1.0,,,University bus service,Between 31 minutes and an hour,1,NSFAS,NSFAS,NSFAS,1.0,1.0,,
1.0,1.0,0.0,1.0,1.0,Ngwanakwena Secondary school ,Sepedi,1.0,1.0,Second,No fee-paying school,Between 31 and 40,Township,7,7,Walking,0.0,0.0,School based feeding programme,Bachelor,2,1.0,Township,"Guardian e.g., grandparent, uncle, siblings etc..",0.0,0.0,0.0,1.0,5.0,1,1,0,0,1,1,1,First,The desire to make a difference,University Residence,Self Catering,1.0,0.0,Between 20km and 30km,University bus service,Between 31 minutes and an hour,1,NSFAS,NSFAS,NSFAS,1.0,0.0,,
1.0,1.0,0.0,1.0,1.0,The King's white River ,English,1.0,1.0,Second,Parents or guardians,Between 41 and 60,Suburb/City/Town,12,12,Boarding school,1.0,1.0,School based feeding programme,Bachelor,6,1.0,Suburb/City/Town,Family friend/Friend,0.0,0.0,0.0,0.0,0.0,1,1,1,0,1,1,1,Second,The desire to make a difference,University Residence,Self Catering,1.0,1.0,Greater than 30km,University bus service,Between 31 minutes and an hour,2,Parent/Parents,Parent/Parents,Paying for myself,,,Self-employed,Employed and earning salary/wages
1.0,1.0,0.0,1.0,1.0,Umzilikazi Senior Secondary School ,English,1.0,0.0,Second,No fee-paying school,Greater than 80,Rural Village,7,7,School Bus,0.0,0.0,Parents provided lunch box.,Bachelor,4,1.0,Suburb/City/Town,Single Parent,0.0,0.0,0.0,1.0,5.0,1,1,1,0,1,1,1,First,Role Models,University Residence,Self Catering,1.0,1.0,Greater than 30km,University bus service,Between 31 minutes and an hour,1,NSFAS,NSFAS,NSFAS,1.0,1.0,,
1.0,0.719,0.281,0.719,0.0,Marobathota High,Sepedi,,1.0,Second,No fee-paying school,Between 41 and 60,Rural Village,12,8,Public Transport,0.0,0.0,School based feeding programme,Bachelor,3,0.0,Rural Village,Single Parent,0.0,0.0,,,5.0,1,1,1,0,1,1,1,First,The desire to make a difference,University Residence,Self Catering,1.0,1.0,Greater than 30km,University bus service,Between 31 minutes and an hour,1,NSFAS,NSFAS,NSFAS,1.0,1.0,,
0.999,0.999,0.0,1.0,1.0,Kgapane High School ,Sepedi,1.0,1.0,First,No fee-paying school,Between 41 and 60,Rural Village,9,7,Walking,1.0,0.0,School based feeding programme,School leaving,4,1.0,Rural Village,Both Parents,0.0,0.0,0.0,0.0,0.0,1,1,1,0,0,0,1,First,Family,University Residence,Catered,1.0,1.0,Between 20km and 30km,University bus service,Between 31 minutes and an hour,1,NSFAS,NSFAS,NSFAS,1.0,0.0,,
0.08,0.08,0.0,1.0,1.0,Mukhwantheli secondary school ,Tshivenda,1.0,1.0,Second,Parents or guardians,Between 41 and 60,Rural Village,6,6,Walking,0.0,1.0,School based feeding programme,Bachelor,2,1.0,Rural Village,Both Parents,0.0,0.0,0.0,0.0,0.0,1,1,1,0,1,0,1,First,Passion,Accommodation,Self Catering,1.0,1.0,Greater than 30km,University bus service,Between 31 minutes and an hour,1,NSFAS,NSFAS,NSFAS,1.0,1.0,,
0.08,0.08,0.0,1.0,1.0,Segopotje Secondary School ,Sepedi,1.0,1.0,Second,No fee-paying school,Greater than 80,Rural Village,7,6,Public Transport,0.0,0.0,School based feeding programme,Bachelor,1,1.0,Rural Village,Both Parents,0.0,0.0,0.0,0.0,0.0,1,1,1,0,0,1,1,First,Passion,Accommodation,Self Catering,1.0,1.0,Greater than 30km,University bus service,Between 31 minutes and an hour,1,NSFAS,NSFAS,NSFAS,1.0,1.0,,
0.08,0.08,0.0,1.0,1.0,Rusplaas Christian Model School ,Sepedi,0.0,0.0,First,Parents or guardians,Between 20 and 30,Private school,4,4,Walking,0.0,0.0,Parents provided lunch box.,Bachelor,5,1.0,Rural Village,Both Parents,0.0,0.0,0.0,0.0,0.0,1,1,1,0,1,1,1,First,The desire to make a difference,University Residence,Self Catering,1.0,0.0,Less than 5km,Walking,less than 30 minutes,2,Funding arrangements not analyzed (if none of the above options apply),Funding arrangements not finalized (if none of the above options apply),Funding arrangements not finalized (if none of the above options apply),,,Employed and earning salary/wages,Employed and earning salary/wages
1.0,0.812,0.188,0.812,1.0,Naauwport ,English,1.0,0.0,Second,No fee-paying school,Between 20 and 30,Rural Village,9,9,Boarding school,0.0,1.0,Three meals a day,Bachelor,2,0.0,Rural Village,Both Parents,0.0,0.0,0.0,0.0,0.0,1,0,1,0,1,1,1,Second,The desire to make a difference,University Residence,Self Catering,1.0,1.0,Between 6km and 9km,University bus service,Between 31 minutes and an hour,1,NSFAS,NSFAS,NSFAS,1.0,1.0,,
0.08,0.08,0.0,1.0,1.0,John mutheiwana secondary school ,Tshivenda,1.0,0.0,Second,"Bursary e.g., Sasol, Eskom etc.",Between 31 and 40,Rural Village,5,5,Walking,0.0,0.0,School based feeding programme,Bachelor,2,1.0,Rural Village,Both Parents,0.0,0.0,0.0,0.0,0.0,1,1,1,0,0,1,1,First,Passion,University Residence,Self Catering,1.0,1.0,Between 15km and 19km,University bus service,Between 31 minutes and an hour,1,NSFAS,NSFAS,NSFAS,1.0,1.0,,
1.0,1.0,0.0,1.0,1.0,Dennis Matlhaba 2 secondary school ,Sepedi,1.0,0.0,First,No fee-paying school,Between 61 and 80,Rural Village,8,8,Walking,1.0,0.0,Parents provided lunch money,Bachelor,4,1.0,Rural Village,Both Parents,0.0,0.0,0.0,1.0,5.0,1,0,1,0,1,0,1,First,Passion,University Residence,Self Catering,1.0,1.0,Greater than 30km,University bus service,Between 31 minutes and an hour,1,NSFAS,NSFAS,NSFAS,1.0,1.0,,
0.5,0.5,0.0,1.0,1.0,Soshanguve east secondary school ,English,1.0,0.0,Second,No fee-paying school,Between 41 and 60,Township,12,8,School Bus,0.0,0.0,School based feeding programme,Bachelor,2,0.0,Township,"Guardian e.g., grandparent, uncle, siblings etc..",0.0,0.0,0.0,0.0,0.0,1,1,0,0,0,1,1,First,Passion,University Residence,Self Catering,1.0,0.0,Between 15km and 19km,University bus service,Between 31 minutes and an hour,1,Government scholarship/bursary,Government scholarship/bursary,Government scholarship/bursary,,,Unemployed and receiving social grant,
1.0,0.674,0.326,0.674,0.0,MATTHEWS MANGOPE HIGH SCHOOL ,English,1.0,1.0,Second,Government scholarship/bursary,Between 20 and 30,Rural Village,8,5,School Bus,0.0,0.0,School based feeding programme,Bachelor,2,0.0,Rural Village,,1.0,2.0,0.0,0.0,0.0,1,1,1,0,1,1,1,First,Passion,Accommodation,Self Catering,1.0,,Between 6km and 9km,University bus service,Between 31 minutes and an hour,1,NSFAS,NSFAS,NSFAS,1.0,0.0,,Employed and earning salary/wages
1.0,1.0,0.0,1.0,1.0,Sinethezekile High school ,IsiZulu,1.0,1.0,Second,No fee-paying school,Between 61 and 80,Farm,6,7,Scholar transport (Rural learners),0.0,0.0,Parents provided lunch money,Bachelor,1,1.0,Rural Village,"Guardian e.g., grandparent, uncle, siblings etc..",0.0,0.0,0.0,1.0,6.0,1,1,1,0,0,1,1,Second,Passion,University Residence,Self Catering,1.0,0.0,Between 20km and 30km,University bus service,Between 1 and 2 hours,1,NSFAS,NSFAS,NSFAS,1.0,0.0,,
1.0,1.0,0.0,1.0,1.0,Trinity Secondary School ,English,1.0,0.0,First,Parents or guardians,Between 20 and 30,Suburb/City/Town,8,9,Public Transport,1.0,1.0,Parents provided lunch money,Bachelor,5,1.0,Township,Single Parent,0.0,0.0,0.0,1.0,5.0,1,1,0,0,1,1,1,First,Passion,Accommodation,Self Catering,1.0,1.0,Between 20km and 30km,University bus service,Between 31 minutes and an hour,2,NSFAS,NSFAS,NSFAS,1.0,1.0,,
0.08,0.08,0.0,1.0,1.0,Abraham Serote secondary school ,Sepedi,1.0,1.0,Second,No fee-paying school,Between 41 and 60,Rural Village,5,5,Public Transport,1.0,1.0,School based feeding programme,Bachelor,5,1.0,Rural Village,Both Parents,1.0,,1.0,0.0,0.0,0,1,0,0,1,0,1,First,Family,Accommodation,Self Catering,1.0,1.0,Between 15km and 19km,University bus service,Between 31 minutes and an hour,1,NSFAS,NSFAS,NSFAS,1.0,0.0,,Self-employed
0.9,0.7,0.2,0.7777777777777777,1.0,Magoza School of Excellence ,Xitsonga,1.0,1.0,Second,Parents or guardians,Between 31 and 40,Public,10,11,Walking,1.0,0.0,School based feeding programme,Bachelor,3,1.0,Rural Village,Both Parents,0.0,0.0,0.0,0.0,0.0,1,1,1,0,1,1,1,First,The desire to make a difference,University Residence,Self Catering,1.0,1.0,Less than 5km,University bus service,Between 31 minutes and an hour,1,NSFAS,NSFAS,NSFAS,1.0,1.0,Unemployed and looking for work,Unemployed and looking for work
0.08,0.08,0.0,1.0,1.0,Ezibukweni Secondary School ,IsiZulu,1.0,1.0,Second,No fee-paying school,Between 31 and 40,Rural Village,7,7,Public Transport,0.0,0.0,School based feeding programme,Bachelor,2,1.0,Rural Village,Single Parent,0.0,0.0,0.0,0.0,0.0,1,1,1,0,0,1,1,First,Passion,University Residence,Self Catering,1.0,1.0,Between 20km and 30km,University bus service,Between 31 minutes and an hour,1,NSFAS,NSFAS,NSFAS,1.0,1.0,,
1.0,1.0,0.0,1.0,1.0,Moletsane Secondary School,English,1.0,0.0,Third,Educational or schooling insurance policy,Between 41 and 60,Township,7,6,Walking,1.0,0.0,School based feeding programme,Bachelor,3,0.0,Township,Both Parents,0.0,0.0,0.0,0.0,0.0,1,1,1,0,1,1,1,First,Passion,University Residence,Self Catering,1.0,1.0,Greater than 30km,University bus service,Between 31 minutes and an hour,2,NSFAS,NSFAS,NSFAS,1.0,1.0,,
0.95,0.95,0.0,1.0,1.0,Mosipa Secondary School ,Sepedi,1.0,0.0,Second,"Bursary e.g., Sasol, Eskom etc.",Between 20 and 30,Public,9,9,Walking,0.0,0.0,Parents provided lunch money,Bachelor,2,1.0,Rural Village,Both Parents,0.0,0.0,0.0,0.0,0.0,1,0,0,0,0,1,1,First,Passion,University Residence,Self Catering,1.0,1.0,Between 15km and 19km,University bus service,Between 31 minutes and an hour,1,NSFAS,NSFAS,NSFAS,1.0,1.0,,
1.0,1.0,0.0,1.0,1.0,Highveld Secondary School ,SiSwati,1.0,1.0,Second,No fee-paying school,Between 41 and 60,Public,9,7,Dropped off by parent or relative,0.0,1.0,School based feeding programme,Bachelor,4,1.0,Township,Both Parents,0.0,0.0,0.0,1.0,5.0,1,0,0,0,0,1,1,First,Other,University Residence,Self Catering,1.0,0.0,Between 15km and 19km,University bus service,Between 31 minutes and an hour,2,Parent/Parents,Parent/Parents,Paying for myself,,,Employed and earning salary/wages,Employed and earning salary/wages
1.0,1.0,0.0,1.0,1.0,Kgapane high school ,English,1.0,0.0,Third,Government scholarship/bursary,Greater than 80,Township,9,9,Public Transport,1.0,0.0,School based feeding programme,Bachelor,4,1.0,Township,"Guardian e.g., grandparent, uncle, siblings etc..",0.0,0.0,0.0,0.0,0.0,1,1,0,0,1,1,1,First,The desire to make a difference,University Residence,Self Catering,1.0,1.0,Between 10km and 14km,University bus service,Between 31 minutes and an hour,2,NSFAS,NSFAS,NSFAS,1.0,1.0,,
1.0,1.0,0.0,1.0,1.0,Ramphelane High school,Sepedi,1.0,1.0,First,"Bursary e.g., Sasol, Eskom etc.",Greater than 80,Rural Village,5,5,Walking,0.0,0.0,School based feeding programme,Bachelor,1,1.0,Rural Village,Single Parent,0.0,0.0,0.0,0.0,0.0,1,0,0,0,0,0,1,First,Passion,University Residence,Self Catering,1.0,1.0,Between 15km and 19km,University bus service,Between 31 minutes and an hour,1,NSFAS,NSFAS,NSFAS,1.0,1.0,,Unemployed and looking for work
0.08,0.08,0.0,1.0,1.0,Khudugane secondary school ,English,1.0,0.0,Second,No fee-paying school,Between 41 and 60,Rural Village,7,5,Walking,0.0,0.0,School based feeding programme,Bachelor,4,1.0,Rural Village,Single Parent,0.0,0.0,1.0,0.0,0.0,1,1,1,0,1,1,1,First,The desire to make a difference,University Residence,Self Catering,1.0,,,University bus service,Between 31 minutes and an hour,2,NSFAS,NSFAS,NSFAS,1.0,1.0,,
0.08,0.08,0.0,1.0,1.0,Motse Maria High School ,English,1.0,0.0,Second,Parents or guardians,Greater than 80,Rural Village,12,12,Boarding school,0.0,0.0,Three meals a day,Bachelor,2,0.0,Rural Village,Single Parent,0.0,0.0,0.0,0.0,0.0,1,1,0,0,1,1,1,First,Passion,University Residence,Self Catering,1.0,1.0,Less than 5km,University bus service,Between 31 minutes and an hour,1,NSFAS,NSFAS,NSFAS,1.0,0.0,,
0.9,0.9,0.0,1.0,1.0,Mmametlhake Secondary school ,English,1.0,0.0,First,No fee-paying school,Between 20 and 30,Rural Village,13,12,Public Transport,0.0,0.0,School based feeding programme,Bachelor,5,1.0,Rural Village,"Guardian e.g., grandparent, uncle, siblings etc..",0.0,0.0,0.0,0.0,0.0,1,1,0,0,0,0,1,First,Passion,University Residence,Self Catering,1.0,1.0,Between 10km and 14km,University bus service,Between 31 minutes and an hour,1,NSFAS,NSFAS,NSFAS,1.0,0.0,,
1.0,1.0,0.0,1.0,1.0,Ngwanatshwane ,Sepedi,1.0,1.0,Second,No fee-paying school,Between 61 and 80,Rural Village,5,5,Walking,0.0,1.0,School based feeding programme,Bachelor,1,1.0,Rural Village,Both Parents,1.0,2.0,0.0,1.0,5.0,1,1,1,0,0,1,1,Second,Passion,University Residence,Self Catering,1.0,0.0,Greater than 30km,University bus service,Between 31 minutes and an hour,1,NSFAS,NSFAS,NSFAS,1.0,1.0,Unemployed and looking for work,Unemployed and looking for work
0.08,0.08,0.0,1.0,1.0,Gobela high school,English,1.0,0.0,Second,No fee-paying school,Between 31 and 40,Rural Village,7,5,Walking,0.0,1.0,School based feeding programme,Bachelor,3,0.0,Rural Village,Both Parents,0.0,0.0,0.0,0.0,0.0,0,1,0,0,0,0,1,First,Passion,University Residence,Self Catering,1.0,1.0,Greater than 30km,University bus service,Between 31 minutes and an hour,1,NSFAS,NSFAS,NSFAS,1.0,1.0,Domestic servant or unskilled labour,Domestic servant or unskilled labour
0.08,0.08,0.0,1.0,1.0,Macema Commercial Secondary School ,Xitsonga,1.0,1.0,First,Government scholarship/bursary,Between 31 and 40,Rural Village,8,8,Dropped off by parent or relative,0.0,0.0,School based feeding programme,Bachelor,2,1.0,Rural Village,Both Parents,0.0,0.0,0.0,0.0,0.0,1,1,1,0,1,1,1,First,Job Security,Accommodation,Self Catering,1.0,1.0,Greater than 30km,University bus service,Between 31 minutes and an hour,2,NSFAS,NSFAS,Paying for myself,1.0,1.0,,
0.08,0.08,0.0,1.0,1.0,Vlakfontein secondary school ,Sepedi,1.0,1.0,First,No fee-paying school,Between 20 and 30,Public,9,8,Public Transport,0.0,0.0,School based feeding programme,Bachelor,4,1.0,Suburb/City/Town,Both Parents,0.0,0.0,0.0,0.0,0.0,1,1,0,0,1,1,1,First,,Accommodation,Self Catering,1.0,,Greater than 30km,University bus service,Between 31 minutes and an hour,2,Government scholarship/bursary,Government scholarship/bursary,Government scholarship/bursary,0.0,0.0,,
1.0,1.0,0.0,1.0,1.0,Ramatshagalala Secondary School ,Sepedi,1.0,0.0,First,No fee-paying school,Between 41 and 60,Rural Village,8,6,Walking,0.0,0.0,School based feeding programme,Bachelor,3,1.0,Rural Village,Single Parent,0.0,0.0,0.0,0.0,0.0,1,0,1,0,1,1,1,First,Passion,University Residence,Self Catering,1.0,1.0,Less than 5km,Walking,less than 30 minutes,1,NSFAS,NSFAS,NSFAS,1.0,1.0,,
1.0,1.0,0.0,1.0,1.0,Highveld Secondary School,SiSwati,1.0,0.0,Second,Government scholarship/bursary,Between 31 and 40,Rural Village,8,5,Public Transport,0.0,0.0,School based feeding programme,Bachelor,2,1.0,Rural Village,Single Parent,1.0,1.0,0.0,0.0,0.0,1,1,1,0,1,1,1,First,Family,Private,Self Catering,0.0,1.0,Between 20km and 30km,University bus service,Between 31 minutes and an hour,1,NSFAS,NSFAS,NSFAS,1.0,1.0,,
0.08,0.08,0.0,1.0,1.0,ISolomzi Senior Secondary School,Xhosa,1.0,0.0,Second,Parents or guardians,Between 41 and 60,Rural Village,6,6,Walking,0.0,0.0,School based feeding programme,Bachelor,4,1.0,Township,No support,0.0,0.0,0.0,0.0,0.0,1,1,1,0,0,1,1,First,Role Models,Accommodation,,,1.0,Between 20km and 30km,University bus service,Between 31 minutes and an hour,1,Merit scholarships,Merit scholarships,"Guardian e.g., grandparent, uncle, siblings etc.",,,Employed and earning salary/wages,Employed and earning salary/wages
1.0,1.0,0.0,1.0,1.0,Mjokwane secondary school ,English,1.0,0.0,Second,Parents or guardians,Between 41 and 60,Public,12,12,Public Transport,0.0,1.0,School based feeding programme,Bachelor,3,1.0,Rural Village,Both Parents,0.0,0.0,0.0,1.0,11.0,1,0,0,0,0,1,1,First,The desire to make a difference,Accommodation,,,1.0,Between 20km and 30km,University bus service,Between 31 minutes and an hour,2,NSFAS,NSFAS,NSFAS,1.0,1.0,,
1.002,1.002,0.0,1.0,1.0,Central Secondary School ,English,1.0,0.0,First,Parents or guardians,Between 31 and 40,Suburb/City/Town,8,7,Public Transport,0.0,0.0,Parents provided lunch box.,Bachelor,4,1.0,Township,"Guardian e.g., grandparent, uncle, siblings etc..",0.0,0.0,0.0,0.0,0.0,1,1,1,0,1,1,1,Third,Passion,University Residence,Self Catering,1.0,0.0,Less than 5km,Walking,less than 30 minutes,2,NSFAS,NSFAS,NSFAS,1.0,1.0,,
0.08,0.08,0.0,1.0,1.0,Matsimela High School,Sepedi,1.0,0.0,First,No fee-paying school,Between 20 and 30,Rural Village,7,7,Walking,0.0,1.0,School based feeding programme,Bachelor,2,1.0,Rural Village,"Guardian e.g., grandparent, uncle, siblings etc..",0.0,0.0,0.0,0.0,0.0,1,1,0,0,1,1,1,First,Passion,Accommodation,,1.0,1.0,Greater than 30km,University bus service,Between 1 and 2 hours,1,NSFAS,NSFAS,NSFAS,1.0,1.0,,
1.0,0.83,0.17,0.83,1.0,Boke Agricultural High school ,English,1.0,0.0,First,"Bursary e.g., Sasol, Eskom etc.",Greater than 80,Rural Village,9,7,Walking,0.0,,,,1,0.0,Rural Village,Both Parents,0.0,0.0,0.0,1.0,5.0,0,1,0,0,1,1,1,First,Job Security,University Residence,Self Catering,1.0,0.0,Greater than 30km,University bus service,Between 31 minutes and an hour,1,NSFAS,NSFAS,NSFAS,1.0,1.0,,Unemployed and receiving social grant
1.0,1.0,0.0,1.0,1.0,Mbhudula Secondary School ,English,1.0,0.0,Second,Self-funded,Between 41 and 60,Rural Village,9,9,Walking,1.0,0.0,School based feeding programme,Bachelor,5,1.0,Rural Village,Single Parent,0.0,0.0,0.0,0.0,0.0,1,0,0,0,0,0,1,First,Passion,University Residence,Self Catering,1.0,1.0,Between 6km and 9km,University bus service,Between 31 minutes and an hour,1,NSFAS,NSFAS,NSFAS,1.0,1.0,Out of work but not currently looking for work,Unemployed and looking for work
1.0,0.688,0.312,0.688,0.0,Steenbok secondary school,SiSwati,1.0,1.0,Second,Parents or guardians,Greater than 80,Rural Village,8,8,Walking,0.0,0.0,School based feeding programme,Bachelor,3,1.0,Rural Village,Single Parent,1.0,1.0,0.0,1.0,5.0,1,0,0,0,0,0,1,First,Family,University Residence,Self Catering,1.0,1.0,,University bus service,Between 31 minutes and an hour,1,NSFAS,NSFAS,NSFAS,1.0,1.0,,
,,,,,Rusplaas Christian Model School,English,0.0,0.0,First,Parents or guardians,Between 20 and 30,Private school,6,6,Public Transport,0.0,0.0,Parents provided lunch box.,Bachelor,4,0.0,Rural Village,Single Parent,0.0,0.0,0.0,0.0,0.0,1,1,1,0,1,1,1,First,Passion,University Residence,Self Catering,1.0,0.0,Less than 5km,Walking,less than 30 minutes,2,"Bursary e.g., Eskom, Sasol etc.","Bursary e.g., Eskom, Sasol etc","Guardian e.g., grandparent, uncle, siblings etc.",,,Employed and earning salary/wages,
0.9,0.9,0.0,1.0,1.0,Sesiyabonga Technical School ,IsiZulu,1.0,1.0,First,No fee-paying school,Between 41 and 60,Suburb/City/Town,4,4,Walking,0.0,0.0,School based feeding programme,Bachelor,3,0.0,Township,Both Parents,0.0,0.0,0.0,0.0,0.0,1,0,0,0,0,1,1,First,The desire to make a difference,University Residence,Self Catering,1.0,1.0,Less than 5km,Walking,less than 30 minutes,1,NSFAS,NSFAS,NSFAS,1.0,1.0,,
0.9,0.9,0.0,1.0,1.0,ivory park secondary school ,English,1.0,1.0,First,No fee-paying school,Between 20 and 30,Township,10,9,Public Transport,0.0,0.0,Parents provided lunch money,Bachelor,2,0.0,Township,Both Parents,0.0,0.0,0.0,0.0,0.0,1,0,0,0,0,1,1,Second,The desire to make a difference,University Residence,Catered,1.0,1.0,Less than 5km,Walking,less than 30 minutes,1,NSFAS,NSFAS,NSFAS,1.0,1.0,,
1.0,1.0,0.0,1.0,1.0,Highveld Secondary School,SiSwati,1.0,0.0,Second,No fee-paying school,Between 41 and 60,Township,10,9,Walking,0.0,0.0,School based feeding programme,Bachelor,5,1.0,Rural Village,Single Parent,0.0,0.0,0.0,0.0,0.0,1,0,0,0,1,1,1,First,The desire to make a difference,Accommodation,Self Catering,1.0,0.0,Greater than 30km,University bus service,Between 31 minutes and an hour,2,NSFAS,NSFAS,NSFAS,1.0,1.0,,Unemployed and receiving social grant
0.5,0.5,0.0,1.0,1.0,Mabea Senior Secondary school ,Sepedi,1.0,1.0,First,No fee-paying school,Between 31 and 40,Rural Village,7,7,Walking,1.0,1.0,School based feeding programme,Bachelor,3,1.0,Rural Village,Both Parents,0.0,0.0,0.0,0.0,0.0,0,0,1,0,0,0,1,First,Passion,Accommodation,,,1.0,Between 20km and 30km,University bus service,Between 31 minutes and an hour,1,NSFAS,NSFAS,NSFAS,1.0,1.0,Self-employed,Employed and earning salary/wages
1.0,1.0,0.0,1.0,1.0,Rakgolokwana ,Sepedi,1.0,1.0,First,No fee-paying school,Between 61 and 80,Rural Village,8,8,Walking,0.0,0.0,School based feeding programme,Bachelor,2,0.0,Rural Village,Both Parents,0.0,0.0,0.0,1.0,5.0,1,1,1,0,1,1,1,First,Teachers,University Residence,Self Catering,1.0,1.0,Between 10km and 14km,University bus service,Between 31 minutes and an hour,1,NSFAS,NSFAS,NSFAS,1.0,1.0,,
0.5,0.5,0.0,1.0,1.0,Amaria combined school ,English,1.0,0.0,Second,Parents or guardians,Between 31 and 40,Rural Village,6,6,Scholar transport (Rural learners),1.0,0.0,Parents provided lunch box.,Bachelor,4,1.0,Township,No support,0.0,0.0,0.0,1.0,5.0,1,0,1,0,0,1,1,Third,The desire to make a difference,University Residence,Self Catering,1.0,1.0,Less than 5km,,Between 31 minutes and an hour,2,Parent/Parents,Parent/Parents,Funding arrangements not finalized (if none of the above options apply),,,,Employed and earning salary/wages
1.0,0.531,0.469,0.531,0.0,Rakgotso Secondary School ,Setswana,1.0,0.0,First,No fee-paying school,Between 20 and 30,Township,7,5,Walking,1.0,0.0,School based feeding programme,Bachelor,4,0.0,Township,Single Parent,0.0,0.0,0.0,1.0,5.0,1,1,1,0,1,1,1,First,Other,University Residence,Self Catering,1.0,1.0,Between 20km and 30km,University bus service,Between 31 minutes and an hour,2,NSFAS,NSFAS,NSFAS,1.0,1.0,,Domestic servant or unskilled labour
1.0,1.0,0.0,1.0,1.0,Nthetsheleseni secondary school ,Tshivenda,0.0,1.0,First,"Bursary e.g., Sasol, Eskom etc.",Greater than 80,Rural Village,7,7,Walking,0.0,0.0,Parents provided lunch money,Bachelor,2,1.0,Rural Village,No support,0.0,0.0,0.0,0.0,0.0,1,1,1,0,0,1,1,First,Job Security,University Residence,Self Catering,1.0,1.0,Between 20km and 30km,University bus service,Between 31 minutes and an hour,1,NSFAS,NSFAS,NSFAS,1.0,1.0,,
0.5,0.3,0.2,0.6,0.0,Batlhaping High School,English,1.0,0.0,Second,No fee-paying school,Between 41 and 60,Rural Village,9,6,Public Transport,0.0,0.0,School based feeding programme,Bachelor,1,1.0,Rural Village,Single Parent,0.0,0.0,0.0,1.0,5.0,1,1,0,0,0,0,1,Third,The desire to make a difference,University Residence,Self Catering,1.0,0.0,Between 20km and 30km,University bus service,Between 1 and 2 hours,1,NSFAS,NSFAS,NSFAS,1.0,1.0,,Employed and earning salary/wages
1.0,1.0,0.0,1.0,1.0,Intuthuko Katleho secondary school ,English,1.0,0.0,Second,"Bursary e.g., Sasol, Eskom etc.",Between 31 and 40,Suburb/City/Town,7,4,Walking,1.0,0.0,School based feeding programme,Bachelor,2,0.0,Township,Single Parent,0.0,0.0,0.0,0.0,0.0,1,1,1,0,0,0,1,Second,Job Security,University Residence,Self Catering,1.0,1.0,Between 20km and 30km,University bus service,Between 31 minutes and an hour,1,NSFAS,NSFAS,NSFAS,1.0,0.0,,Employed and earning salary/wages
0.08,0.08,0.0,1.0,1.0,Mbilwi secondary school ,English,1.0,1.0,Second,Parents or guardians,Between 61 and 80,Public,11,10,Public Transport,1.0,0.0,Parents provided lunch money,Bachelor,6,1.0,Suburb/City/Town,Both Parents,0.0,0.0,0.0,1.0,5.0,1,1,0,0,0,0,1,First,Passion,University Residence,Self Catering,1.0,1.0,Between 10km and 14km,University bus service,Between 31 minutes and an hour,1,Funding arrangements not analyzed (if none of the above options apply),Funding arrangements not finalized (if none of the above options apply),"Guardian e.g., grandparent, uncle, siblings etc.",1.0,0.0,Retired with retirement annuity income,Unemployed and receiving social grant
0.5,0.5,0.0,1.0,1.0,Clapham high school ,English,1.0,0.0,Second,Parents or guardians,Between 31 and 40,Suburb/City/Town,10,10,School Bus,0.0,0.0,Parents provided lunch money,Bachelor,5,1.0,Township,Single Parent,0.0,0.0,0.0,0.0,0.0,1,1,0,0,1,1,1,First,Passion,Accommodation,,1.0,0.0,Greater than 30km,University bus service,Between 31 minutes and an hour,1,NSFAS,NSFAS,NSFAS,1.0,1.0,,
0.5,0.5,0.0,1.0,1.0,Mafunda Secondary school ,IsiZulu,1.0,1.0,Second,No fee-paying school,Between 41 and 60,Rural Village,6,3,Walking,0.0,1.0,Parents provided lunch money,Bachelor,2,0.0,Rural Village,Single Parent,0.0,0.0,1.0,1.0,5.0,0,0,0,0,1,0,1,Second,Passion,University Residence,Self Catering,1.0,0.0,Greater than 30km,University bus service,Between 1 and 2 hours,2,NSFAS,NSFAS,NSFAS,1.0,1.0,,
1.0,1.0,0.0,1.0,1.0,Noju Secondary School ,IsiZulu,1.0,1.0,Second,No fee-paying school,Greater than 80,Public,9,9,Walking,0.0,0.0,Two meals a day,Bachelor,2,1.0,Rural Village,Single Parent,0.0,0.0,0.0,0.0,0.0,1,1,0,0,0,1,1,Second,Passion,University Residence,Self Catering,1.0,1.0,,,less than 30 minutes,1,NSFAS,NSFAS,NSFAS,1.0,1.0,,
1.0,0.406,0.594,0.406,0.0,Nkwangulatilo Educa nitional centre,English,1.0,0.0,Second,Parents or guardians,Between 20 and 30,Private school,8,8,Public Transport,1.0,0.0,Parents provided lunch box.,Bachelor,5,0.0,Rural Village,Both Parents,0.0,0.0,0.0,0.0,0.0,1,1,1,0,1,1,1,First,Passion,University Residence,Catered,1.0,1.0,Between 20km and 30km,University bus service,Between 31 minutes and an hour,2,Funding arrangements not analyzed (if none of the above options apply),Funding arrangements not finalized (if none of the above options apply),Funding arrangements not finalized (if none of the above options apply),1.0,0.0,Employed and earning salary/wages,
1.0,1.0,0.0,1.0,1.0,Kgahlanamorulana ,Sepedi,1.0,1.0,Second,No fee-paying school,Greater than 80,Rural Village,0,0,Walking,0.0,,,Bachelor,0,,,,,,,,,0,0,0,0,0,0,0,First,,University Residence,Catered,,,,,,0,,,,,,,
0.5,0.4,0.1,0.8,1.0,Sol Plaatjie secondary school ,English,1.0,0.0,Second,Parents or guardians,Between 20 and 30,Suburb/City/Town,11,9,Dropped off by parent or relative,0.0,1.0,Parents provided lunch box.,Bachelor,5,1.0,Suburb/City/Town,Both Parents,0.0,0.0,0.0,0.0,0.0,1,1,1,0,1,1,1,Second,Passion,University Residence,Self Catering,1.0,1.0,Between 20km and 30km,University bus service,Between 31 minutes and an hour,1,NSFAS,NSFAS,NSFAS,1.0,1.0,,
1.0,1.0,0.0,1.0,1.0,Motlalaohle secondary school,English,1.0,0.0,First,Government scholarship/bursary,Between 41 and 60,Rural Village,10,9,Walking,1.0,0.0,School based feeding programme,Bachelor,3,1.0,Rural Village,Both Parents,0.0,0.0,0.0,1.0,5.0,1,0,0,0,0,0,1,First,The desire to make a difference,University Residence,Self Catering,1.0,1.0,Greater than 30km,University bus service,Between 31 minutes and an hour,1,NSFAS,NSFAS,NSFAS,1.0,1.0,Unemployed and looking for work,Unemployed and looking for work
1.0,1.0,0.0,1.0,1.0,Mphela a Marumo Secondary School ,Sepedi,1.0,1.0,First,No fee-paying school,Between 41 and 60,Rural Village,9,7,Public Transport,0.0,1.0,School based feeding programme,Bachelor,5,1.0,Rural Village,Single Parent,1.0,2.0,0.0,0.0,0.0,1,0,0,0,0,1,1,First,Family,Accommodation,Self Catering,1.0,1.0,Greater than 30km,University bus service,Between 31 minutes and an hour,1,NSFAS,NSFAS,NSFAS,1.0,1.0,,Out of work but not currently looking for work
1.0,1.0,0.0,1.0,1.0,Sepheu moleke secondary,English,0.0,0.0,Second,"Bursary e.g., Sasol, Eskom etc.",Greater than 80,Rural Village,6,6,Walking,0.0,0.0,School based feeding programme,Bachelor,2,0.0,Rural Village,Both Parents,1.0,2.0,,0.0,0.0,0,1,1,0,0,1,1,Third,Passion,University Residence,Self Catering,1.0,1.0,Between 20km and 30km,University bus service,Between 31 minutes and an hour,1,NSFAS,NSFAS,NSFAS,1.0,1.0,,
1.0,1.0,0.0,1.0,1.0,Malenga high school ,Xitsonga,1.0,1.0,First,Parents or guardians,Between 41 and 60,Rural Village,6,5,Scholar transport (Rural learners),0.0,0.0,School based feeding programme,Bachelor,1,1.0,Rural Village,Single Parent,0.0,0.0,0.0,0.0,0.0,1,1,1,0,1,1,1,First,Passion,Accommodation,Self Catering,1.0,1.0,Greater than 30km,University bus service,Between 1 and 2 hours,2,NSFAS,NSFAS,NSFAS,1.0,1.0,,
0.08,0.08,0.0,1.0,1.0,Manzomthombo Secondary school,English,1.0,0.0,First,No fee-paying school,Between 31 and 40,Informal settlement,10,9,Public Transport,0.0,1.0,School based feeding programme,Bachelor,2,0.0,Township,"Guardian e.g., grandparent, uncle, siblings etc..",0.0,0.0,0.0,1.0,5.0,1,1,1,0,1,1,1,First,Passion,University Residence,Self Catering,1.0,1.0,Between 20km and 30km,University bus service,Between 31 minutes and an hour,2,NSFAS,NSFAS,NSFAS,1.0,1.0,,
1.0,1.0,0.0,1.0,1.0,Imbali Combined School ,English,1.0,1.0,First,Parents or guardians,Less than 20,Township,4,3,Public Transport,0.0,0.0,Parents provided lunch box.,Bachelor,6,1.0,Township,Single Parent,0.0,0.0,0.0,0.0,0.0,1,0,1,0,1,1,1,First,Other,University Residence,Self Catering,1.0,1.0,Between 15km and 19km,University bus service,Between 31 minutes and an hour,2,NSFAS,NSFAS,NSFAS,1.0,1.0,,
1.0,0.8,0.2,0.8,1.0,Frank Maghinyane MSTA ,Xitsonga,1.0,1.0,Second,Parents or guardians,Between 41 and 60,Rural Village,10,11,Walking,0.0,0.0,School based food garden,Bachelor,4,1.0,Rural Village,Both Parents,0.0,0.0,0.0,0.0,0.0,0,1,0,0,0,0,1,First,Family,University Residence,Self Catering,1.0,1.0,Less than 5km,Walking,less than 30 minutes,1,Funding arrangements not analyzed (if none of the above options apply),Funding arrangements not finalized (if none of the above options apply),Funding arrangements not finalized (if none of the above options apply),0.0,0.0,Employed and earning salary/wages,Employed and earning salary/wages
1.0,1.0,0.0,1.0,1.0,Derek Kobe High School ,Sepedi,1.0,1.0,First,No fee-paying school,Between 41 and 60,Public,8,8,Public Transport,0.0,0.0,School based feeding programme,Bachelor,3,1.0,Rural Village,Single Parent,0.0,0.0,0.0,1.0,5.0,1,1,0,0,0,1,1,Second,Passion,Accommodation,Self Catering,1.0,,Greater than 30km,University bus service,Between 31 minutes and an hour,1,NSFAS,NSFAS,NSFAS,1.0,1.0,,
0.999,0.999,0.0,1.0,1.0,Sekgalabjana secondary school ,Sepedi,1.0,0.0,First,Trust fund,Between 61 and 80,Rural Village,8,8,Walking,0.0,0.0,School based feeding programme,Bachelor,3,1.0,Rural Village,Single Parent,0.0,0.0,0.0,0.0,0.0,1,0,0,0,0,0,1,First,Family,University Residence,Self Catering,1.0,1.0,Between 10km and 14km,University bus service,Between 31 minutes and an hour,1,NSFAS,NSFAS,NSFAS,1.0,1.0,,Self-employed
0.999,0.999,0.0,1.0,1.0, Chief A Luthuli secondary ,Sepedi,1.0,1.0,First,No fee-paying school,Between 31 and 40,Public,6,3,Dropped off by parent or relative,0.0,0.0,School based feeding programme,Bachelor,4,0.0,Suburb/City/Town,Both Parents,0.0,0.0,0.0,0.0,0.0,1,0,1,0,1,1,1,Second,Passion,Accommodation,,,1.0,Between 20km and 30km,University bus service,Between 31 minutes and an hour,1,NSFAS,NSFAS,NSFAS,1.0,1.0,Employed and earning salary/wages,Unemployed and looking for work
0.999,0.999,0.0,1.0,1.0,Manzolwandle secondary ,SiSwati,1.0,1.0,First,No fee-paying school,Less than 20,Rural Village,6,5,Walking,0.0,0.0,School based feeding programme,Bachelor,2,,Rural Village,Single Parent,1.0,4.0,0.0,0.0,0.0,1,0,0,0,0,0,1,Second,Family,University Residence,Catered,1.0,1.0,Between 20km and 30km,University bus service,Between 31 minutes and an hour,1,NSFAS,NSFAS,NSFAS,1.0,1.0,,
1.0,0.674,0.326,0.674,0.0,Mabaso Secondary School ,IsiZulu,1.0,1.0,Second,No fee-paying school,Between 31 and 40,Rural Village,6,3,Walking,0.0,1.0,Two meals a day,Bachelor,3,1.0,Rural Village,"Guardian e.g., grandparent, uncle, siblings etc..",0.0,0.0,0.0,0.0,0.0,0,0,0,0,0,1,1,Second,Role Models,Accommodation,Self Catering,1.0,1.0,Greater than 30km,University bus service,Between 31 minutes and an hour,1,NSFAS,NSFAS,NSFAS,1.0,1.0,,Unemployed and looking for work
1.0,1.0,0.0,1.0,1.0,Pretoria Central High School ,English,1.0,0.0,First,Parents or guardians,Between 31 and 40,Suburb/City/Town,7,7,Public Transport,0.0,1.0,Parents provided lunch box.,Bachelor,2,1.0,Suburb/City/Town,Both Parents,0.0,0.0,0.0,0.0,0.0,1,0,1,0,0,1,1,Third,The desire to make a difference,Accommodation,Self Catering,1.0,,Greater than 30km,University bus service,Between 31 minutes and an hour,1,NSFAS,NSFAS,NSFAS,1.0,1.0,,
1.0,0.906,0.094,0.906,1.0,Sekoba secondary school ,English,1.0,0.0,Second,No fee-paying school,Between 41 and 60,Rural Village,7,7,Walking,0.0,0.0,School based feeding programme,Bachelor,4,1.0,Rural Village,Single Parent,0.0,0.0,0.0,0.0,0.0,1,0,0,0,0,1,1,First,Family,University Residence,Self Catering,1.0,1.0,,University bus service,Between 31 minutes and an hour,2,NSFAS,NSFAS,NSFAS,1.0,1.0,,
0.5,0.5,0.0,1.0,1.0,Kgola Thuto S.S.S,English,1.0,0.0,First,No fee-paying school,Greater than 80,Suburb/City/Town,11,9,Walking,0.0,0.0,School based feeding programme,Bachelor,3,1.0,Rural Village,"Spouse/Partner e.g. wife, boyfriend etc.",1.0,1.0,0.0,1.0,5.0,1,0,0,0,1,0,1,First,Teachers,University Residence,Self Catering,1.0,1.0,Between 15km and 19km,University bus service,Between 31 minutes and an hour,1,NSFAS,NSFAS,NSFAS,1.0,1.0,Unemployed and receiving social grant,Domestic servant or unskilled labour
1.0,1.0,0.0,1.0,1.0,Steenbok secondary school ,SiSwati,1.0,1.0,First,Parents or guardians,Greater than 80,Rural Village,7,6,Walking,1.0,1.0,School based feeding programme,Bachelor,3,1.0,Rural Village,"Spouse/Partner e.g. wife, boyfriend etc.",0.0,0.0,0.0,0.0,0.0,1,1,1,0,0,1,1,First,Role Models,Accommodation,Self Catering,1.0,1.0,Greater than 30km,University bus service,Between 31 minutes and an hour,1,NSFAS,NSFAS,NSFAS,1.0,1.0,,
1.0,0.83,0.17,0.83,1.0,Schoongezicht ,Sepedi,1.0,1.0,First,"Parents or guardians, No fee-paying school",Between 41 and 60,Rural Village,8,3,Boarding school,0.0,0.0,School based feeding programme,Bachelor,2,0.0,Rural Village,Single Parent,0.0,0.0,0.0,0.0,0.0,1,1,0,0,1,1,1,First,Passion,University Residence,Self Catering,1.0,1.0,Greater than 30km,University bus service,Between 31 minutes and an hour,1,,Parent/Parents,Paying for myself,,0.0,,Employed and earning salary/wages
1.0,1.0,0.0,1.0,1.0,Morena Mokopela Secondary school ,Sesotho,1.0,1.0,First,No fee-paying school,Between 31 and 40,Rural Village,12,12,Walking,0.0,1.0,,Bachelor,2,1.0,Rural Village,Single Parent,0.0,0.0,0.0,0.0,0.0,1,1,0,0,1,0,1,Second,The desire to make a difference,Accommodation,,1.0,1.0,Greater than 30km,University bus service,Between 31 minutes and an hour,1,NSFAS,NSFAS,NSFAS,1.0,1.0,,
0.5,0.5,0.0,1.0,1.0,Hlomphanang Secondary School ,Setswana,1.0,0.0,Second,No fee-paying school,Between 31 and 40,Public,8,7,School Bus,1.0,0.0,School based food garden,Bachelor,2,0.0,,Single Parent,0.0,0.0,0.0,0.0,0.0,1,1,1,0,1,1,1,Third,The desire to make a difference,Accommodation,Catered,1.0,1.0,Greater than 30km,University bus service,Between 31 minutes and an hour,1,NSFAS,NSFAS,NSFAS,1.0,1.0,,
0.08,0.08,0.0,1.0,1.0,LEAP Science and Maths school,English,1.0,0.0,Second,Parents or guardians,Between 20 and 30,,9,9,Lift club,1.0,1.0,School based feeding programme,Bachelor,6,1.0,Suburb/City/Town,Both Parents,0.0,0.0,0.0,0.0,0.0,1,1,0,0,0,0,1,First,Passion,University Residence,Self Catering,1.0,1.0,Between 20km and 30km,University bus service,Between 31 minutes and an hour,2,Parent/Parents,Parent/Parents,Paying for myself,,,Employed and earning salary/wages,Employed and earning salary/wages
0.5,0.5,0.0,1.0,1.0,Centurion Secondary school ,English,0.0,1.0,Second,Parents or guardians,Between 20 and 30,Suburb/City/Town,9,6,Dropped off by parent or relative,0.0,1.0,Parents provided lunch box.,Bachelor,5,1.0,Suburb/City/Town,Both Parents,0.0,0.0,0.0,0.0,0.0,1,0,1,0,0,0,1,Third,Family,University Residence,Self Catering,1.0,1.0,Less than 5km,Walking,less than 30 minutes,3,Parent/Parents,Parent/Parents,Paying for myself,,,Self-employed,Employed and earning salary/wages
1.0,1.0,0.0,1.0,1.0,Nala Secondary,Sepedi,1.0,0.0,First,No fee-paying school,Between 31 and 40,Public,8,9,Walking,1.0,1.0,School based feeding programme,Bachelor,3,1.0,Rural Village,Single Parent,0.0,0.0,0.0,1.0,5.0,1,0,0,0,0,0,1,First,Passion,University Residence,Self Catering,1.0,1.0,Greater than 30km,University bus service,Between 31 minutes and an hour,1,NSFAS,NSFAS,NSFAS,1.0,1.0,,Unemployed and looking for work
0.5,0.5,0.0,1.0,1.0,Mahwibitswane Secondary school ,Sepedi,1.0,1.0,Second,No fee-paying school,Between 61 and 80,Rural Village,11,7,Walking,0.0,1.0,School based feeding programme,Bachelor,2,0.0,Rural Village,Both Parents,0.0,0.0,0.0,0.0,0.0,1,0,1,0,1,1,1,First,Passion,University Residence,Self Catering,1.0,,Between 20km and 30km,University bus service,Between 31 minutes and an hour,2,NSFAS,NSFAS,NSFAS,1.0,1.0,,
0.08,0.08,0.0,1.0,1.0,Azwifarwi Secondary School,Tshivenda,1.0,1.0,Second,No fee-paying school,Between 31 and 40,Rural Village,6,0,Walking,0.0,0.0,School based feeding programme,Bachelor,1,0.0,Rural Village,Single Parent,0.0,0.0,0.0,0.0,0.0,1,1,0,0,0,1,1,First,Passion,Accommodation,Self Catering,1.0,1.0,Greater than 30km,University bus service,Between 31 minutes and an hour,1,NSFAS,NSFAS,NSFAS,1.0,1.0,,
1.0,1.0,0.0,1.0,1.0,Hoer Landbouskool Kuschke ,English,1.0,1.0,Second,Parents or guardians,Between 20 and 30,Farm,10,9,Boarding school,0.0,1.0,Three meals a day,Bachelor,3,1.0,Rural Village,Both Parents,0.0,0.0,0.0,1.0,5.0,1,1,0,0,1,1,1,First,Family,University Residence,Self Catering,1.0,1.0,Less than 5km,Walking,less than 30 minutes,1,"Bursary e.g., Eskom, Sasol etc.","Bursary e.g., Eskom, Sasol etc","Bursary e.g., Eskom, Sasol etc.",,,,
0.969,0.969,0.0,1.0,1.0,Hlabi senior secondary school ,English,1.0,0.0,Second,No fee-paying school,Between 31 and 40,Rural Village,6,6,Walking,0.0,0.0,School based feeding programme,Bachelor,2,1.0,Rural Village,Family friend/Friend,0.0,0.0,0.0,0.0,0.0,0,0,0,0,0,1,1,Second,Passion,University Residence,Self Catering,1.0,0.0,Between 15km and 19km,University bus service,Between 31 minutes and an hour,1,NSFAS,NSFAS,NSFAS,1.0,1.0,,
0.08,0.08,0.0,1.0,1.0,Monamoledi secondary school ,Sepedi,1.0,1.0,Second,No fee-paying school,Between 41 and 60,Rural Village,7,7,Scholar transport (Rural learners),0.0,0.0,Parents provided lunch money,Bachelor,4,1.0,Rural Village,"Guardian e.g., grandparent, uncle, siblings etc..",1.0,1.0,0.0,0.0,0.0,0,0,0,0,0,1,1,First,Passion,University Residence,Catered,1.0,1.0,,University bus service,Between 1 and 2 hours,1,NSFAS,NSFAS,NSFAS,1.0,1.0,Unemployed and looking for work,
0.9,0.0,0.9,0.0,0.0,Ivuna High School ,IsiZulu,1.0,0.0,First,No fee-paying school,Greater than 80,Rural Village,6,5,Walking,0.0,0.0,School based feeding programme,Bachelor,2,1.0,Rural Village,Single Parent,0.0,0.0,0.0,1.0,6.0,0,0,0,0,0,0,0,First,Passion,University Residence,Self Catering,1.0,1.0,Less than 5km,University bus service,Between 1 and 2 hours,1,NSFAS,NSFAS,NSFAS,1.0,1.0,,
1.0,1.0,0.0,1.0,1.0,BOTLHABELO HIGH SCHOOL,English,1.0,0.0,First,No fee-paying school,Between 41 and 60,Township,6,6,Walking,0.0,0.0,School based feeding programme,Bachelor,2,0.0,Township,Single Parent,1.0,2.0,0.0,1.0,5.0,1,1,0,0,1,1,1,First,The desire to make a difference,University Residence,Self Catering,1.0,0.0,,University bus service,Between 31 minutes and an hour,1,NSFAS,NSFAS,NSFAS,1.0,1.0,,Self-employed
1.0,1.0,0.0,1.0,1.0,Mandla Mthethwa School of Excellence ,English,1.0,0.0,Second,Parents or guardians,Between 20 and 30,Rural Village,11,11,Boarding school,0.0,0.0,Three meals a day,Bachelor,2,1.0,Township,"Guardian e.g., grandparent, uncle, siblings etc..",0.0,0.0,0.0,0.0,0.0,1,0,1,0,0,1,1,First,Family,University Residence,Self Catering,1.0,1.0,Greater than 30km,University bus service,Between 31 minutes and an hour,1,"Loans e.g., bank, Edu loan etc.","Loans e.g., bank, Edu","Loans e.g., bank, Edu loan",0.0,0.0,Unable to work/disabled and not receiving a disability grant,Employed and earning salary/wages
1.0,1.0,0.0,1.0,1.0,Kgoshimoroangoato High School ,English,1.0,0.0,Second,"Parents or guardians, No fee-paying school",Between 31 and 40,Rural Village,7,7,Walking,0.0,0.0,School based feeding programme,Bachelor,1,1.0,Rural Village,Both Parents,0.0,0.0,0.0,1.0,5.0,0,1,0,0,0,0,1,First,Passion,University Residence,Self Catering,1.0,1.0,Between 20km and 30km,University bus service,Between 31 minutes and an hour,1,Funding arrangements not analyzed (if none of the above options apply),Funding arrangements not finalized (if none of the above options apply),Funding arrangements not finalized (if none of the above options apply),0.0,0.0,Unemployed and receiving social grant,Unemployed and receiving social grant
1.0,1.0,0.0,1.0,1.0,Pherehla Maake Secondary School ,Sepedi,1.0,1.0,First,No fee-paying school,Between 41 and 60,Rural Village,6,5,Walking,0.0,0.0,School based feeding programme,Bachelor,1,0.0,Rural Village,Single Parent,0.0,0.0,0.0,0.0,0.0,1,1,0,0,1,1,1,First,Job Security,University Residence,Self Catering,1.0,1.0,Between 15km and 19km,University bus service,Between 31 minutes and an hour,1,NSFAS,NSFAS,NSFAS,1.0,1.0,,
0.5,0.5,0.0,1.0,1.0,Kwena molapo cfs,English,1.0,0.0,Second,Parents or guardians,Between 31 and 40,Farm,8,6,Dropped off by parent or relative,0.0,0.0,Parents provided lunch box.,Bachelor,4,1.0,Suburb/City/Town,Both Parents,1.0,2.0,0.0,0.0,0.0,1,0,0,0,0,1,1,Third,Passion,University Residence,Self Catering,1.0,1.0,Greater than 30km,University bus service,Between 31 minutes and an hour,2,Parent/Parents,Parent/Parents,"Guardian e.g., grandparent, uncle, siblings etc.",,0.0,Employed and earning salary/wages,Employed and earning salary/wages
1.0,0.518,0.482,0.518,0.0,Kgoshi Moroangoato,English,1.0,0.0,Second,"Bursary e.g., Sasol, Eskom etc.",Between 31 and 40,Rural Village,5,9,Walking,0.0,1.0,School based feeding programme,Bachelor,1,1.0,Rural Village,Single Parent,1.0,2.0,0.0,1.0,5.0,1,1,1,0,0,1,1,First,The desire to make a difference,University Residence,Self Catering,1.0,1.0,Between 20km and 30km,University bus service,Between 1 and 2 hours,1,NSFAS,NSFAS,NSFAS,1.0,1.0,,
1.0,1.0,0.0,1.0,1.0,Vusisizwe independent school ,English,1.0,0.0,Second,Parents or guardians,Between 31 and 40,Suburb/City/Town,7,6,School Bus,1.0,0.0,Parents provided lunch money,School leaving,4,1.0,Township,Single Parent,0.0,0.0,0.0,0.0,0.0,0,0,0,0,0,0,1,First,Passion,University Residence,Self Catering,1.0,1.0,Between 20km and 30km,University bus service,Between 31 minutes and an hour,1,"Bursary e.g., Eskom, Sasol etc.","Bursary e.g., Eskom, Sasol etc","Bursary e.g., Eskom, Sasol etc.",1.0,0.0,,Employed and earning salary/wages
0.08,0.08,0.0,1.0,1.0,Thengwe High School ,Tshivenda,1.0,1.0,Second,Parents or guardians,Between 41 and 60,Rural Village,9,8,Public Transport,1.0,0.0,School based feeding programme,Bachelor,4,1.0,Rural Village,Both Parents,0.0,0.0,0.0,0.0,0.0,1,1,0,0,0,1,1,First,Passion,University Residence,Self Catering,1.0,1.0,Between 20km and 30km,University bus service,Between 31 minutes and an hour,2,Parent/Parents,Parent/Parents,Paying for myself,,,,Employed and earning salary/wages
0.08,0.08,0.0,1.0,1.0,Rainbow Combined School ,English,0.0,0.0,Second,Parents or guardians,Between 41 and 60,Rural Village,8,5,Public Transport,0.0,1.0,Parents provided lunch box.,Bachelor,3,1.0,Rural Village,Single Parent,0.0,0.0,0.0,0.0,0.0,1,1,1,0,1,1,1,First,Passion,University Residence,Self Catering,1.0,0.0,Between 15km and 19km,University bus service,Between 31 minutes and an hour,2,NSFAS,NSFAS,NSFAS,1.0,1.0,,
1.0,1.0,0.0,1.0,1.0,Isolomuzi Senior Secondary School ,IsiZulu,1.0,1.0,First,No fee-paying school,Between 61 and 80,Township,12,12,Walking,0.0,0.0,School based feeding programme,Bachelor,4,1.0,Rural Village,Single Parent,0.0,0.0,0.0,0.0,0.0,1,1,1,0,1,1,1,First,Passion,Accommodation,,1.0,0.0,Between 20km and 30km,University bus service,Between 31 minutes and an hour,1,NSFAS,NSFAS,NSFAS,1.0,1.0,,
0.08,0.08,0.0,1.0,1.0,Nkgopoleng Bakone Sec school,Sepedi,1.0,1.0,First,Parents or guardians,,Rural Village,7,6,Public Transport,0.0,0.0,School based feeding programme,Bachelor,4,1.0,Rural Village,Single Parent,0.0,0.0,0.0,0.0,0.0,1,0,1,0,1,1,1,First,Passion,Accommodation,Self Catering,1.0,1.0,Between 20km and 30km,University bus service,Between 31 minutes and an hour,1,NSFAS,NSFAS,"Guardian e.g., grandparent, uncle, siblings etc.",1.0,0.0,,Employed and earning salary/wages
0.5,0.5,0.0,1.0,1.0,Motshegoa secondary school ,English,1.0,1.0,First,No fee-paying school,Between 31 and 40,Rural Village,8,8,Walking,0.0,0.0,School based feeding programme,Bachelor,4,1.0,Rural Village,Single Parent,0.0,0.0,0.0,0.0,0.0,1,1,1,0,0,1,1,Third,Passion,University Residence,Catered,1.0,1.0,Between 6km and 9km,University bus service,Between 31 minutes and an hour,2,NSFAS,NSFAS,NSFAS,1.0,0.0,,
0.08,0.08,0.0,1.0,1.0,St Marks College,English,1.0,0.0,Second,Parents or guardians,Between 20 and 30,Rural Village,7,7,Public Transport,0.0,1.0,Parents provided lunch box.,Bachelor,2,1.0,Rural Village,Single Parent,0.0,0.0,0.0,0.0,0.0,1,1,1,0,1,1,1,First,Passion,University Residence,Self Catering,1.0,0.0,Greater than 30km,University bus service,Between 31 minutes and an hour,1,NSFAS,NSFAS,NSFAS,1.0,1.0,,
1.0,1.0,0.0,1.0,1.0,Maphutha secondary school ,English,1.0,,First,No fee-paying school,Between 41 and 60,Public,8,6,Walking,0.0,0.0,School based feeding programme,Bachelor,2,1.0,Township,"Guardian e.g., grandparent, uncle, siblings etc..",0.0,0.0,0.0,0.0,0.0,1,0,1,0,0,1,1,First,The desire to make a difference,University Residence,Catered,1.0,1.0,Greater than 30km,University bus service,Between 31 minutes and an hour,1,NSFAS,NSFAS,NSFAS,1.0,1.0,,
1.0,1.0,0.0,1.0,1.0,Rantobeng ,Sepedi,1.0,1.0,First,No fee-paying school,Greater than 80,Rural Village,4,4,Walking,0.0,0.0,School based feeding programme,Bachelor,1,0.0,,Both Parents,1.0,1.0,0.0,0.0,0.0,0,1,0,0,0,0,1,First,Passion,University Residence,Self Catering,1.0,1.0,Greater than 30km,University bus service,Between 1 and 2 hours,1,NSFAS,NSFAS,NSFAS,1.0,1.0,,
1.0,0.8,0.2,0.8,1.0,Hlabatshane s.s.s,Isixhosa,1.0,1.0,Second,Parents or guardians,Between 61 and 80,Rural Village,7,5,Walking,0.0,0.0,School based feeding programme,Bachelor,1,0.0,Rural Village,Both Parents,0.0,0.0,0.0,0.0,0.0,1,1,1,0,0,1,1,First,Family,University Residence,Self Catering,1.0,1.0,,University bus service,Between 31 minutes and an hour,1,NSFAS,NSFAS,NSFAS,1.0,1.0,Unemployed and receiving social grant,Unemployed and receiving social grant
0.5,0.5,0.0,1.0,1.0,Atlas Combined School ,English,1.0,0.0,Third,Parents or guardians,Less than 20,Private school,8,4,Own Automobile/car,1.0,1.0,Parents provided lunch money,Bachelor,3,0.0,Suburb/City/Town,"Guardian e.g., grandparent, uncle, siblings etc..",0.0,0.0,0.0,0.0,0.0,0,0,0,0,0,0,1,Third,The desire to make a difference,University Residence,Self Catering,1.0,1.0,Between 20km and 30km,University bus service,Between 31 minutes and an hour,1,NSFAS,NSFAS,NSFAS,1.0,1.0,Employed and earning salary/wages,Unemployed and looking for work
1.0,1.0,0.0,1.0,1.0,Ingqayizivele secondary school,English,1.0,0.0,First,No fee-paying school,Between 20 and 30,Township,9,5,Walking,1.0,1.0,School based feeding programme,Bachelor,5,1.0,Suburb/City/Town,Single Parent,0.0,0.0,0.0,0.0,0.0,1,1,0,0,0,1,1,First,The desire to make a difference,University Residence,Self Catering,1.0,0.0,Greater than 30km,University bus service,Between 31 minutes and an hour,1,NSFAS,NSFAS,Paying for myself,1.0,0.0,,Employed and earning salary/wages
1.0,1.0,0.0,1.0,1.0,School of pharmacy ,Sepedi,1.0,0.0,Second,No fee-paying school,Between 20 and 30,Rural Village,7,7,Walking,0.0,1.0,School based feeding programme,Bachelor,3,0.0,Rural Village,Single Parent,1.0,1.0,0.0,1.0,6.0,1,1,0,0,1,1,1,First,Role Models,University Residence,Self Catering,1.0,1.0,Between 15km and 19km,University bus service,Between 31 minutes and an hour,1,NSFAS,NSFAS,NSFAS,1.0,1.0,,
1.0,0.906,0.094,0.906,1.0,Shanke senior secondary school ,IsiZulu,1.0,0.0,Second,No fee-paying school,Between 61 and 80,Rural Village,4,4,Walking,0.0,0.0,School based feeding programme,Bachelor,3,1.0,Rural Village,Family friend/Friend,0.0,0.0,0.0,1.0,5.0,1,1,0,0,0,1,1,First,Passion,Accommodation,Self Catering,1.0,1.0,Between 6km and 9km,University bus service,Between 31 minutes and an hour,1,NSFAS,NSFAS,NSFAS,1.0,1.0,,Unemployed and looking for work
1.0,1.0,0.0,1.0,1.0,Klaas mothapo,English,1.0,0.0,First,No fee-paying school,Between 61 and 80,Rural Village,7,7,Walking,0.0,1.0,School based feeding programme,Bachelor,3,1.0,Rural Village,Both Parents,1.0,3.0,0.0,0.0,0.0,1,1,1,0,1,1,1,First,The desire to make a difference,Accommodation,,1.0,1.0,Greater than 30km,University bus service,Between 31 minutes and an hour,1,NSFAS,NSFAS,NSFAS,1.0,1.0,Unemployed and looking for work,Unemployed and looking for work
0.08,0.07,0.01,0.8750000000000001,1.0,Manyaku Secondary School ,English,1.0,1.0,Second,No fee-paying school,Between 41 and 60,Rural Village,7,4,Walking,0.0,0.0,School based feeding programme,Bachelor,3,1.0,Rural Village,Both Parents,0.0,0.0,0.0,0.0,0.0,1,1,1,0,1,1,1,First,The desire to make a difference,Accommodation,Self Catering,1.0,,Between 20km and 30km,University bus service,Between 1 and 2 hours,2,NSFAS,NSFAS,NSFAS,1.0,1.0,,
0.5,0.1,0.4,0.2,0.0,Magwagwaza high school ,Xitsonga,1.0,1.0,First,No fee-paying school,Between 61 and 80,Rural Village,5,4,Walking,0.0,0.0,School based feeding programme,Bachelor,2,1.0,Rural Village,Both Parents,1.0,1.0,0.0,0.0,0.0,1,1,0,0,1,1,1,Third,Passion,University Residence,Self Catering,1.0,1.0,Greater than 30km,University bus service,Between 31 minutes and an hour,1,NSFAS,NSFAS,NSFAS,1.0,1.0,,
0.5,0.3,0.2,0.6,0.0,Mugena High School,Xitsonga,1.0,1.0,First,No fee-paying school,Between 41 and 60,Rural Village,10,7,Public Transport,0.0,1.0,School based feeding programme,Bachelor,1,1.0,Rural Village,Single Parent,0.0,0.0,0.0,0.0,0.0,0,1,0,0,0,0,1,Third,The desire to make a difference,University Residence,Self Catering,1.0,1.0,Less than 5km,Walking,less than 30 minutes,1,NSFAS,NSFAS,NSFAS,1.0,0.0,,
0.5,0.4,0.1,0.8,1.0,Hoërskool Delmas,English,0.0,0.0,First,Educational or schooling insurance policy,Greater than 80,Suburb/City/Town,12,10,Dropped off by parent or relative,0.0,0.0,Parents provided lunch box.,School leaving,5,0.0,Suburb/City/Town,Both Parents,0.0,0.0,0.0,0.0,0.0,1,0,0,0,0,1,1,Third,Other,University Residence,Self Catering,1.0,1.0,Greater than 30km,University bus service,Between 1 and 2 hours,2,NSFAS,NSFAS,NSFAS,1.0,1.0,,
0.08,0.08,0.0,1.0,1.0,Patrick Ramaano Secondary ,English,1.0,0.0,Second,No fee-paying school,Between 31 and 40,Rural Village,8,7,Public Transport,0.0,0.0,School based feeding programme,Bachelor,1,0.0,Rural Village,Both Parents,0.0,0.0,0.0,0.0,0.0,1,1,0,0,0,0,1,First,Other,University Residence,Self Catering,1.0,0.0,Less than 5km,Walking,less than 30 minutes,1,Funding arrangements not analyzed (if none of the above options apply),Funding arrangements not finalized (if none of the above options apply),"Guardian e.g., grandparent, uncle, siblings etc.",,,Employed and earning salary/wages,Employed and earning salary/wages
1.0,1.0,0.0,1.0,1.0,Mahashe Secondary Schools ,English,1.0,0.0,First,No fee-paying school,Between 41 and 60,Rural Village,7,7,Walking,0.0,0.0,School based feeding programme,Bachelor,3,0.0,Rural Village,Single Parent,0.0,0.0,0.0,0.0,0.0,1,1,0,0,0,1,1,Second,Passion,University Residence,Self Catering,1.0,1.0,Between 6km and 9km,University bus service,Between 31 minutes and an hour,1,NSFAS,NSFAS,NSFAS,1.0,1.0,Unemployed and looking for work,Unemployed and looking for work
1.0,1.0,0.0,1.0,1.0,Midland Primary and High School ,English,1.0,0.0,Second,Parents or guardians,Between 20 and 30,Suburb/City/Town,9,8,School Bus,1.0,0.0,Parents provided lunch money,Bachelor,4,1.0,Suburb/City/Town,Both Parents,0.0,0.0,0.0,0.0,0.0,1,0,1,0,0,1,1,Second,The desire to make a difference,University Residence,Self Catering,1.0,1.0,Between 20km and 30km,University bus service,Between 31 minutes and an hour,2,NSFAS,NSFAS,NSFAS,1.0,0.0,,
1.0,1.0,0.0,1.0,1.0,Ponego secondary school ,English,1.0,1.0,First,No fee-paying school,Between 20 and 30,Township,6,6,Walking,0.0,0.0,School based feeding programme,Bachelor,2,0.0,Township,Both Parents,0.0,0.0,0.0,0.0,0.0,1,1,1,0,0,0,1,First,Passion,University Residence,Self Catering,1.0,0.0,Less than 5km,University bus service,Between 31 minutes and an hour,2,NSFAS,NSFAS,NSFAS,1.0,1.0,,
0.9,0.9,0.0,1.0,1.0,St Peter's Combined Christian School ,Sepedi,1.0,1.0,Second,Parents or guardians,Between 61 and 80,Rural Village,13,7,Boarding school,0.0,1.0,School based feeding programme,Bachelor,4,1.0,Rural Village,Both Parents,0.0,0.0,0.0,1.0,5.0,0,1,0,0,0,0,1,First,Passion,University Residence,Self Catering,1.0,1.0,Between 15km and 19km,University bus service,Between 31 minutes and an hour,1,NSFAS,NSFAS,NSFAS,1.0,1.0,Employed and earning salary/wages,Self-employed
1.0,0.9,0.1,0.9,1.0,Sediba-Thuto Secondary School ,Sesotho,1.0,0.0,Second,No fee-paying school,Between 31 and 40,Township,8,7,Walking,0.0,1.0,School based feeding programme,Bachelor,3,1.0,Township,Both Parents,0.0,0.0,0.0,0.0,0.0,1,1,0,0,1,1,1,Third,Role Models,University Residence,Self Catering,1.0,1.0,Between 20km and 30km,University bus service,Between 31 minutes and an hour,2,Government scholarship/bursary,Government scholarship/bursary,"Guardian e.g., grandparent, uncle, siblings etc.",,,Employed and earning salary/wages,Employed and earning salary/wages
0.999,0.999,0.0,1.0,1.0,Khamane high school ,Setswana,1.0,1.0,Second,No fee-paying school,Between 31 and 40,Rural Village,10,10,Public Transport,0.0,1.0,School based feeding programme,Bachelor,3,1.0,Rural Village,No support,0.0,0.0,0.0,0.0,0.0,1,0,1,0,1,1,1,First,Passion,University Residence,Self Catering,1.0,0.0,Greater than 30km,University bus service,Between 31 minutes and an hour,2,NSFAS,NSFAS,NSFAS,1.0,1.0,,
0.95,0.5,0.45,0.5263157894736842,0.0,TIPFUXENI SECONDARY SCHOOL,English,1.0,0.0,Second,No fee-paying school,Between 20 and 30,Rural Village,7,5,Walking,1.0,,Parents provided lunch money,Bachelor,4,1.0,Rural Village,Both Parents,0.0,0.0,0.0,1.0,5.0,1,1,1,0,1,1,1,First,Job Security,University Residence,Self Catering,1.0,0.0,Greater than 30km,University bus service,Between 31 minutes and an hour,2,NSFAS,NSFAS,NSFAS,1.0,1.0,,
1.0,1.0,0.0,1.0,1.0,Kwandebele science combine school,English,1.0,0.0,Second,Parents or guardians,Between 31 and 40,Township,11,10,Public Transport,0.0,0.0,School based feeding programme,Bachelor,5,1.0,Township,Single Parent,0.0,0.0,0.0,0.0,0.0,1,0,1,0,1,1,1,First,Role Models,Accommodation,Self Catering,1.0,1.0,Between 20km and 30km,University bus service,Between 31 minutes and an hour,2,NSFAS,NSFAS,NSFAS,1.0,1.0,,Unemployed and looking for work
1.0,1.0,0.0,1.0,1.0,Semphato Secondary School ,Sepedi,1.0,0.0,Second,No fee-paying school,Between 31 and 40,Township,4,4,Walking,0.0,0.0,School based feeding programme,Bachelor,2,0.0,Township,Single Parent,0.0,0.0,0.0,0.0,0.0,1,0,0,0,0,0,1,First,The desire to make a difference,University Residence,Self Catering,1.0,,Between 6km and 9km,University bus service,Between 1 and 2 hours,1,Government scholarship/bursary,Government scholarship/bursary,Government scholarship/bursary,,,Unemployed and looking for work,Unemployed and receiving social grant
1.0,1.0,0.0,1.0,1.0,Mahlatsi secondary school,English,1.0,0.0,Second,No fee-paying school,Between 31 and 40,Public,12,9,Public Transport,0.0,0.0,School based feeding programme,,3,1.0,Informal settlement,Both Parents,0.0,0.0,0.0,0.0,0.0,1,0,0,0,0,0,1,First,The desire to make a difference,Accommodation,Catered,1.0,1.0,Between 6km and 9km,University bus service,Between 31 minutes and an hour,1,,,,,,Unemployed and looking for work,Unemployed and looking for work
1.0,0.844,0.156,0.844,1.0,Dlamani high school ,Xitsonga,0.0,1.0,Second,Parents or guardians,Between 41 and 60,Rural Village,1,1,Walking,0.0,0.0,School based feeding programme,Bachelor,1,0.0,Rural Village,Family friend/Friend,0.0,0.0,0.0,0.0,0.0,1,1,1,0,1,1,1,First,Other,University Residence,Self Catering,1.0,1.0,Between 20km and 30km,University bus service,Between 31 minutes and an hour,1,NSFAS,NSFAS,NSFAS,1.0,1.0,,
0.08,0.08,0.0,1.0,1.0,Masana Secondary School ,English,1.0,0.0,First,No fee-paying school,Between 61 and 80,Township,8,7,Public Transport,0.0,0.0,Parents provided lunch box.,Bachelor,2,1.0,Rural Village,Both Parents,0.0,0.0,0.0,0.0,0.0,1,0,1,0,1,1,1,First,Passion,University Residence,Self Catering,1.0,1.0,Greater than 30km,University bus service,Between 31 minutes and an hour,1,NSFAS,NSFAS,NSFAS,1.0,1.0,,
1.0,1.0,0.0,1.0,1.0,Mpumelelo secondary school ,IsiNdebele,1.0,0.0,First,No fee-paying school,Between 61 and 80,Rural Village,9,7,Walking,0.0,0.0,School based feeding programme,Bachelor,2,1.0,Rural Village,Single Parent,0.0,0.0,0.0,0.0,0.0,1,1,1,0,1,1,1,Second,Passion,Accommodation,,1.0,1.0,Between 20km and 30km,University bus service,Between 31 minutes and an hour,1,NSFAS,NSFAS,NSFAS,1.0,1.0,,
0.5,0.4,0.1,0.8,1.0,phendukani high,IsiZulu,1.0,1.0,First,No fee-paying school,Between 31 and 40,Suburb/City/Town,11,10,Walking,0.0,1.0,School based feeding programme,Bachelor,2,1.0,Suburb/City/Town,Single Parent,0.0,0.0,0.0,1.0,5.0,1,0,1,0,1,1,1,Second,Passion,University Residence,Self Catering,1.0,1.0,Less than 5km,University bus service,Between 31 minutes and an hour,1,NSFAS,NSFAS,NSFAS,1.0,1.0,,
1.0,1.0,0.0,1.0,1.0,Photani high school ,English,1.0,1.0,First,No fee-paying school,Between 61 and 80,Rural Village,8,7,Walking,0.0,,School based feeding programme,Bachelor,5,0.0,Rural Village,Both Parents,0.0,0.0,0.0,0.0,0.0,1,0,0,0,0,0,1,First,Passion,University Residence,Self Catering,1.0,1.0,Between 20km and 30km,University bus service,Between 31 minutes and an hour,2,NSFAS,NSFAS,NSFAS,1.0,1.0,Self-employed,Self-employed
1.0,1.0,0.0,1.0,1.0,Mahwetse Secondary School,English,1.0,0.0,Second,No fee-paying school,Between 41 and 60,Rural Village,8,8,Walking,0.0,0.0,School based feeding programme,Bachelor,4,0.0,Rural Village,"Guardian e.g., grandparent, uncle, siblings etc..",0.0,0.0,0.0,0.0,0.0,1,1,1,0,1,1,1,First,Passion,University Residence,Self Catering,1.0,1.0,Between 20km and 30km,University bus service,Between 31 minutes and an hour,2,Parent/Parents,Parent/Parents,"Guardian e.g., grandparent, uncle, siblings etc.",,,Retired living on social grant,
0.999,0.999,0.0,1.0,1.0,Mmakopi secondary ,Sepedi,1.0,1.0,First,Parents or guardians,Between 31 and 40,Rural Village,4,4,Scholar transport (Rural learners),0.0,1.0,School based feeding programme,Bachelor,2,0.0,Rural Village,Family friend/Friend,0.0,0.0,0.0,0.0,0.0,1,1,1,0,1,1,1,First,Job Security,University Residence,Self Catering,1.0,1.0,Between 20km and 30km,University bus service,Between 31 minutes and an hour,2,NSFAS,NSFAS,NSFAS,1.0,1.0,,
1.0,1.0,0.0,1.0,1.0,Rantobeng High school,Sepedi,1.0,1.0,Second,No fee-paying school,Between 41 and 60,Rural Village,6,0,Public Transport,0.0,0.0,School based feeding programme,Bachelor,0,,,,,,,,,0,0,0,0,0,0,0,First,Role Models,,,,,,,,0,,,,,,,
0.906,0.812,0.094,0.8962472406181016,1.0,Ngwanabatlhalerwa ,Sepedi,1.0,1.0,Second,No fee-paying school,Between 41 and 60,Rural Village,5,5,Walking,1.0,0.0,School based feeding programme,Bachelor,2,0.0,Rural Village,Both Parents,0.0,0.0,0.0,1.0,5.0,0,0,1,0,0,0,1,Third,The desire to make a difference,University Residence,Self Catering,1.0,1.0,Between 20km and 30km,University bus service,Between 31 minutes and an hour,1,NSFAS,NSFAS,NSFAS,1.0,1.0,,
1.0,0.906,0.094,0.906,1.0,Malengine Secondary ,Sepedi,1.0,0.0,First,No fee-paying school,Less than 20,Rural Village,7,7,Walking,0.0,1.0,School based feeding programme,Bachelor,4,1.0,Rural Village,Single Parent,0.0,0.0,1.0,1.0,5.0,1,0,0,0,0,0,1,Second,Passion,University Residence,Self Catering,1.0,0.0,Between 15km and 19km,University bus service,Between 31 minutes and an hour,1,NSFAS,NSFAS,NSFAS,1.0,1.0,,Unemployed and looking for work
1.0,1.0,0.0,1.0,1.0,MOTSE MARIA ,English,1.0,0.0,First,Government scholarship/bursary,Greater than 80,Rural Village,10,10,Boarding school,0.0,0.0,Three meals a day,Bachelor,2,1.0,Rural Village,Both Parents,0.0,0.0,0.0,0.0,0.0,1,0,0,0,0,1,1,First,The desire to make a difference,University Residence,Self Catering,1.0,1.0,Between 15km and 19km,University bus service,Between 31 minutes and an hour,1,NSFAS,NSFAS,NSFAS,1.0,0.0,Unemployed and looking for work,Unemployed and looking for work
1.0,0.906,0.094,0.906,1.0,Madaheni combined ,Tshivenda,1.0,1.0,Second,No fee-paying school,Between 31 and 40,Rural Village,9,7,Walking,0.0,0.0,School based feeding programme,Bachelor,2,0.0,Rural Village,No support,0.0,0.0,0.0,0.0,0.0,1,0,1,0,0,0,1,Second,Passion,University Residence,Self Catering,1.0,0.0,Less than 5km,Walking,less than 30 minutes,1,NSFAS,NSFAS,NSFAS,1.0,1.0,,
1.0,0.906,0.094,0.906,1.0,Bizana senior secondary school ,Xhosa ,1.0,1.0,First,No fee-paying school,Between 20 and 30,Rural Village,3,2,Walking,0.0,0.0,School based feeding programme,Bachelor,2,1.0,Rural Village,Both Parents,0.0,0.0,0.0,0.0,0.0,0,1,0,0,0,0,1,First,Other,Accommodation,,1.0,0.0,Greater than 30km,University bus service,Between 31 minutes and an hour,1,NSFAS,NSFAS,NSFAS,1.0,1.0,,
1.0,1.0,0.0,1.0,1.0,Litshovhu Secondary School ,English,1.0,0.0,Second,No fee-paying school,Between 61 and 80,Rural Village,9,6,Public Transport,1.0,0.0,School based feeding programme,Bachelor,4,1.0,Rural Village,Single Parent,0.0,0.0,0.0,0.0,0.0,1,1,1,0,1,1,1,First,Passion,University Residence,Self Catering,1.0,0.0,Between 15km and 19km,University bus service,Between 31 minutes and an hour,2,NSFAS,NSFAS,NSFAS,1.0,1.0,,Employed and earning salary/wages
,,,,,John Petro secondary school ,Sepedi,1.0,1.0,Second,No fee-paying school,Between 41 and 60,Rural Village,3,3,Walking,0.0,0.0,,Bachelor,2,1.0,Rural Village,Both Parents,1.0,1.0,0.0,0.0,0.0,1,0,1,0,1,1,1,First,Role Models,University Residence,Self Catering,1.0,1.0,Less than 5km,Walking,less than 30 minutes,1,NSFAS,NSFAS,NSFAS,1.0,1.0,,Unemployed and receiving social grant
1.0,1.0,0.0,1.0,1.0,Mathew phosa secondary school ,Sepedi,0.0,1.0,First,"Bursary e.g., Sasol, Eskom etc.",Between 61 and 80,Public,9,8,Walking,0.0,0.0,School based feeding programme,School leaving,2,0.0,Rural Village,Both Parents,0.0,0.0,0.0,0.0,0.0,1,1,0,0,0,1,1,First,Family,University Residence,Self Catering,1.0,1.0,Greater than 30km,University bus service,Between 31 minutes and an hour,1,NSFAS,NSFAS,NSFAS,1.0,1.0,,
1.0,0.8,0.2,0.8,1.0,McAuley House School,English,0.0,0.0,First,Parents or guardians,Between 20 and 30,Suburb/City/Town,12,12,Public Transport,0.0,0.0,Parents provided lunch money,Bachelor,5,0.0,Township,"Guardian e.g., grandparent, uncle, siblings etc..",0.0,0.0,0.0,1.0,6.0,1,1,0,0,0,1,1,Third,Passion,Accommodation,Self Catering,1.0,1.0,Less than 5km,University bus service,Between 31 minutes and an hour,1,NSFAS,NSFAS,NSFAS,1.0,0.0,,
1.0,1.0,0.0,1.0,1.0,RISINGA HIGH SCHOOL,English,0.0,0.0,First,No fee-paying school,Between 41 and 60,Township,6,5,Walking,0.0,1.0,School based feeding programme,Bachelor,4,1.0,Township,Single Parent,0.0,0.0,0.0,1.0,6.0,1,1,1,0,1,1,1,First,Other,Accommodation,Self Catering,1.0,0.0,Greater than 30km,University bus service,Between 1 and 2 hours,2,NSFAS,NSFAS,NSFAS,1.0,0.0,,
1.0,1.0,0.0,1.0,1.0,Bodiela Secondary School ,Sepedi,1.0,1.0,First,No fee-paying school,Between 31 and 40,Rural Village,5,5,Walking,0.0,1.0,One meal a day at home,Bachelor,2,1.0,Rural Village,"Guardian e.g., grandparent, uncle, siblings etc..",0.0,0.0,0.0,0.0,0.0,1,1,1,0,0,0,1,First,The desire to make a difference,University Residence,Self Catering,1.0,1.0,Between 20km and 30km,University bus service,Between 31 minutes and an hour,1,NSFAS,NSFAS,NSFAS,1.0,1.0,,
0.5,0.5,0.0,1.0,1.0,Mmalesiba Secondary school ,Sepedi,1.0,1.0,Second,No fee-paying school,Between 61 and 80,Rural Village,8,6,Walking,0.0,0.0,School based food garden,Bachelor,3,1.0,Rural Village,Both Parents,0.0,0.0,0.0,0.0,0.0,1,0,0,0,0,0,1,First,Passion,University Residence,Self Catering,0.0,1.0,,University bus service,Between 31 minutes and an hour,2,NSFAS,NSFAS,NSFAS,1.0,1.0,Employed and earning salary/wages,Unemployed and looking for work
1.0,1.0,0.0,1.0,1.0,Rusplaas Christian Model School,English,1.0,0.0,Second,Parents or guardians,Between 20 and 30,Township,11,9,Dropped off by parent or relative,0.0,0.0,Parents provided lunch box.,Bachelor,2,1.0,Township,Both Parents,0.0,0.0,0.0,0.0,0.0,1,1,0,0,0,1,1,First,The desire to make a difference,Accommodation,Self Catering,1.0,1.0,Greater than 30km,University bus service,Between 31 minutes and an hour,2,Funding arrangements not analyzed (if none of the above options apply),Funding arrangements not finalized (if none of the above options apply),Funding arrangements not finalized (if none of the above options apply),1.0,0.0,Employed and earning salary/wages,
1.0,1.0,0.0,1.0,1.0,Gaopalelwe secondary school,English,1.0,1.0,First,No fee-paying school,Between 31 and 40,Public,7,6,Walking,0.0,1.0,Parents provided lunch box.,Bachelor,5,1.0,Township,Both Parents,0.0,0.0,0.0,0.0,0.0,1,0,1,0,0,0,1,Third,Passion,University Residence,,1.0,1.0,Less than 5km,Walking,less than 30 minutes,2,NSFAS,NSFAS,NSFAS,1.0,1.0,,
1.0,1.0,0.0,1.0,1.0,Pakamani ,Isixhosa,1.0,1.0,First,No fee-paying school,Between 41 and 60,Township,5,5,Public Transport,0.0,1.0,School based food garden,Bachelor,6,1.0,Rural Village,Single Parent,1.0,3.0,0.0,1.0,5.0,0,1,0,0,0,0,1,First,Passion,University Residence,Self Catering,1.0,0.0,Between 20km and 30km,University bus service,Between 31 minutes and an hour,1,Parent/Parents,Parent/Parents,"Guardian e.g., grandparent, uncle, siblings etc.",1.0,0.0,,Employed and earning salary/wages
0.9,0.9,0.0,1.0,1.0,Kgatoentle Secondary School (LG Holele),Setswana,1.0,1.0,First,No fee-paying school,Between 41 and 60,Public,9,8,Public Transport,0.0,1.0,Parents provided lunch box.,Bachelor,3,0.0,Rural Village,Single Parent,0.0,0.0,0.0,0.0,0.0,1,1,1,0,0,1,1,First,The desire to make a difference,Home,,,0.0,Greater than 30km,Public transport,Between 31 minutes and an hour,1,NSFAS,NSFAS,NSFAS,1.0,0.0,,
1.0,1.0,0.0,1.0,1.0,J.M.Ntsime High school,English,1.0,0.0,Second,Parents or guardians,Between 31 and 40,Rural Village,9,6,Scholar transport (Rural learners),0.0,0.0,Parents provided lunch money,Bachelor,5,1.0,Township,Both Parents,0.0,0.0,0.0,0.0,0.0,1,1,1,0,1,1,1,Third,The desire to make a difference,University Residence,Self Catering,1.0,1.0,Between 20km and 30km,University bus service,Between 31 minutes and an hour,2,"Loans e.g., bank, Edu loan etc.","Loans e.g., bank, Edu","Loans e.g., bank, Edu loan",,,,
1.0,1.0,0.0,1.0,1.0,Reitumetse Secondary School ,English,1.0,1.0,First,Parents or guardians,Between 31 and 40,Township,8,5,Public Transport,0.0,0.0,School based feeding programme,Bachelor,4,0.0,Township,Both Parents,0.0,0.0,0.0,0.0,0.0,1,0,0,0,1,1,1,Second,Other,Accommodation,Self Catering,1.0,1.0,Greater than 30km,University bus service,Between 31 minutes and an hour,1,NSFAS,NSFAS,NSFAS,1.0,1.0,,
1.0,1.0,0.0,1.0,1.0,Taxila,English,1.0,0.0,Second,Parents or guardians,Between 20 and 30,Suburb/City/Town,10,10,Dropped off by parent or relative,1.0,0.0,Parents provided lunch money,Bachelor,5,1.0,Suburb/City/Town,Both Parents,0.0,0.0,0.0,0.0,0.0,1,1,1,0,1,1,1,First,Passion,University Residence,,1.0,1.0,Greater than 30km,University bus service,Between 31 minutes and an hour,2,Parent/Parents,Parent/Parents,Paying for myself,,,Employed and earning salary/wages,Employed and earning salary/wages
0.08,0.08,0.0,1.0,1.0,Dinakanyane senior secondary school,Sepedi,1.0,1.0,First,No fee-paying school,Between 41 and 60,Rural Village,7,7,Walking,0.0,0.0,School based feeding programme,Bachelor,2,1.0,Rural Village,Single Parent,0.0,0.0,0.0,0.0,0.0,1,1,1,0,1,1,1,First,The desire to make a difference,University Residence,Self Catering,1.0,1.0,Less than 5km,University bus service,Between 31 minutes and an hour,2,NSFAS,NSFAS,NSFAS,1.0,0.0,,
1.0,1.0,0.0,1.0,1.0,Lepono Senior Secondary School ,Sepedi,1.0,1.0,Second,No fee-paying school,Between 31 and 40,Township,9,9,Walking,0.0,1.0,School based feeding programme,Bachelor,1,1.0,Township,Single Parent,0.0,0.0,1.0,1.0,5.0,1,1,1,0,1,1,1,Second,Passion,University Residence,Self Catering,1.0,1.0,Between 20km and 30km,University bus service,Between 31 minutes and an hour,1,NSFAS,NSFAS,NSFAS,1.0,1.0,,
0.08,0.08,0.0,1.0,1.0,Rantobeng High School ,English,1.0,0.0,Second,No fee-paying school,Between 31 and 40,Rural Village,9,7,Scholar transport (Rural learners),0.0,0.0,School based feeding programme,Bachelor,3,1.0,Rural Village,Both Parents,0.0,0.0,0.0,0.0,0.0,1,1,0,0,0,1,1,First,Passion,University Residence,Self Catering,1.0,1.0,Between 20km and 30km,University bus service,Between 31 minutes and an hour,3,NSFAS,NSFAS,NSFAS,1.0,1.0,,
0.95,0.95,0.0,1.0,1.0,Northcliff High School,English,1.0,1.0,Second,Parents or guardians,Between 20 and 30,Suburb/City/Town,11,8,Own Automobile/car,1.0,0.0,Parents provided lunch box.,School leaving,4,1.0,Suburb/City/Town,Both Parents,0.0,0.0,0.0,1.0,5.0,1,1,0,0,1,1,1,Third,Passion,Accommodation,,,0.0,Between 20km and 30km,University bus service,Between 1 and 2 hours,1,Funding arrangements not analyzed (if none of the above options apply),Funding arrangements not finalized (if none of the above options apply),Funding arrangements not finalized (if none of the above options apply),,,,
0.5,0.3,0.2,0.6,0.0,Hoerskool Gerrit Maritz,English,1.0,0.0,Second,"Bursary e.g., Sasol, Eskom etc.",Between 31 and 40,Suburb/City/Town,11,7,Dropped off by parent or relative,0.0,0.0,Parents provided lunch money,Bachelor,5,1.0,Suburb/City/Town,Both Parents,0.0,0.0,0.0,0.0,0.0,1,0,0,0,0,0,1,Third,The desire to make a difference,Private,Self Catering,1.0,1.0,Greater than 30km,University bus service,Between 31 minutes and an hour,2,Government scholarship/bursary,Government scholarship/bursary,Government scholarship/bursary,,,,
1.0,0.938,0.062,0.938,1.0,Abel Motshoane secondary school,English,1.0,0.0,Second,No fee-paying school,Between 20 and 30,Informal settlement,11,8,Walking,1.0,0.0,School based feeding programme,Bachelor,3,0.0,Informal settlement,Single Parent,1.0,3.0,0.0,0.0,0.0,1,1,0,0,1,1,1,First,The desire to make a difference,University Residence,Catered,1.0,1.0,Greater than 30km,University bus service,Between 31 minutes and an hour,1,NSFAS,NSFAS,NSFAS,1.0,1.0,,
1.0,1.0,0.0,1.0,1.0,Moukagoe secondary school ,Sepedi,1.0,1.0,Second,No fee-paying school,Between 41 and 60,Rural Village,7,5,Walking,1.0,0.0,School based feeding programme,Bachelor,2,0.0,Rural Village,Single Parent,0.0,0.0,0.0,,,1,1,0,0,0,1,1,Third,Passion,Accommodation,Self Catering,1.0,,Greater than 30km,University bus service,Between 31 minutes and an hour,1,NSFAS,NSFAS,NSFAS,1.0,1.0,,
0.08,0.08,0.0,1.0,1.0,Makhosini Combined Secondary School ,English,1.0,0.0,Second,No fee-paying school,Between 31 and 40,Township,6,5,Walking,0.0,0.0,School based feeding programme,Bachelor,2,1.0,Township,"Guardian e.g., grandparent, uncle, siblings etc..",0.0,0.0,0.0,0.0,0.0,1,1,1,0,0,1,1,First,The desire to make a difference,Accommodation,Self Catering,1.0,0.0,Greater than 30km,University bus service,Between 1 and 2 hours,1,Government scholarship/bursary,Government scholarship/bursary,Government scholarship/bursary,,,,
0.5,0.5,0.0,1.0,1.0,Boitumelong Secondary School ,English,1.0,1.0,Second,No fee-paying school,Between 41 and 60,Public,11,11,Public Transport,1.0,0.0,School based feeding programme,Bachelor,1,0.0,Informal settlement,Both Parents,0.0,0.0,0.0,0.0,0.0,0,0,1,0,0,0,1,Third,The desire to make a difference,University Residence,Self Catering,1.0,1.0,Greater than 30km,University bus service,Between 31 minutes and an hour,2,NSFAS,NSFAS,NSFAS,1.0,1.0,,
1.0,1.0,0.0,1.0,1.0,Makala Secondary school ,English,1.0,0.0,Second,No fee-paying school,Greater than 80,Rural Village,4,5,Walking,0.0,0.0,School based feeding programme,Bachelor,2,1.0,Rural Village,"Guardian e.g., grandparent, uncle, siblings etc..",0.0,0.0,0.0,1.0,6.0,1,0,1,0,0,1,1,First,Job Security,University Residence,Self Catering,1.0,,Greater than 30km,University bus service,Between 31 minutes and an hour,2,NSFAS,NSFAS,NSFAS,1.0,1.0,,
0.906,0.656,0.25,0.7240618101545254,0.0,Rantobeng High School ,Sepedi,1.0,0.0,Second,"Parents or guardians, Self-funded",Between 41 and 60,Rural Village,5,5,Walking,0.0,0.0,School based feeding programme,Bachelor,2,1.0,Rural Village,Both Parents,0.0,0.0,0.0,0.0,0.0,1,1,0,0,0,0,1,First,Family,University Residence,Self Catering,1.0,1.0,Greater than 30km,University bus service,Between 31 minutes and an hour,1,"Bursary e.g., Eskom, Sasol etc.","Bursary e.g., Eskom, Sasol etc","Bursary e.g., Eskom, Sasol etc.",0.0,0.0,Unemployed and receiving social grant,Employed and earning salary/wages
1.0,1.0,0.0,1.0,1.0,Lwamondo High School,Tshivenda,1.0,1.0,First,No fee-paying school,Between 41 and 60,Rural Village,10,8,Public Transport,0.0,0.0,Parents provided lunch money,Bachelor,4,1.0,Rural Village,Other (Please Specify),0.0,0.0,0.0,0.0,0.0,1,0,1,0,1,1,1,First,Passion,University Residence,Self Catering,1.0,1.0,Between 20km and 30km,University bus service,Between 31 minutes and an hour,1,NSFAS,NSFAS,NSFAS,1.0,1.0,,
1.0,1.0,0.0,1.0,1.0,Syanda Secondary school ,English,1.0,0.0,Second,No fee-paying school,Between 20 and 30,Rural Village,10,10,Walking,1.0,0.0,School based feeding programme,Bachelor,2,0.0,Rural Village,Both Parents,0.0,0.0,0.0,0.0,0.0,0,1,1,0,1,1,1,First,The desire to make a difference,University Residence,Self Catering,1.0,1.0,Between 6km and 9km,University bus service,Between 31 minutes and an hour,2,NSFAS,NSFAS,NSFAS,1.0,1.0,,
1.0,1.0,0.0,1.0,1.0,Gija Ngove ,English,1.0,0.0,First,No fee-paying school,Between 61 and 80,Rural Village,8,8,Walking,0.0,0.0,School based feeding programme,Bachelor,4,1.0,Rural Village,Both Parents,0.0,0.0,0.0,0.0,0.0,1,0,0,0,0,0,1,First,Role Models,Accommodation,Self Catering,1.0,0.0,Between 20km and 30km,University bus service,Between 31 minutes and an hour,2,NSFAS,NSFAS,NSFAS,1.0,1.0,,
0.08,0.08,0.0,1.0,1.0,Phunyako High  School,Sepedi,1.0,1.0,Second,No fee-paying school,Greater than 80,Rural Village,9,7,Walking,0.0,0.0,School based feeding programme,Bachelor,2,0.0,Rural Village,Both Parents,0.0,0.0,1.0,1.0,6.0,1,1,1,0,1,1,1,First,Passion,University Residence,Self Catering,1.0,1.0,Greater than 30km,University bus service,Between 31 minutes and an hour,3,NSFAS,NSFAS,NSFAS,1.0,1.0,,
0.9,0.9,0.0,1.0,1.0,ZAMA HIGH SCHOOL,IsiZulu,1.0,1.0,Second,No fee-paying school,Between 41 and 60,Public,8,6,Walking,0.0,1.0,School based feeding programme,Bachelor,2,1.0,Rural Village,"Guardian e.g., grandparent, uncle, siblings etc..",0.0,0.0,,1.0,,1,1,0,0,0,1,1,First,Passion,University Residence,Self Catering,1.0,,Between 10km and 14km,University bus service,Between 31 minutes and an hour,1,NSFAS,NSFAS,NSFAS,1.0,1.0,,
1.0,1.0,0.0,1.0,1.0,Ramatshagalala secondary school ,Sepedi,1.0,1.0,First,No fee-paying school,Between 41 and 60,Rural Village,7,7,Walking,0.0,0.0,School based feeding programme,Bachelor,0,0.0,Rural Village,Both Parents,1.0,2.0,0.0,0.0,0.0,0,0,1,0,0,0,1,First,Passion,University Residence,Self Catering,1.0,1.0,Between 20km and 30km,University bus service,less than 30 minutes,1,NSFAS,NSFAS,NSFAS,1.0,1.0,,
1.0,1.0,0.0,1.0,1.0,Nghonyama Secondary School ,English,1.0,1.0,Second,No fee-paying school,Between 41 and 60,Rural Village,9,8,Walking,0.0,1.0,School based feeding programme,Bachelor,1,0.0,Rural Village,Both Parents,0.0,0.0,0.0,0.0,0.0,1,0,0,0,0,1,1,First,Passion,University Residence,Catered,1.0,1.0,Between 20km and 30km,University bus service,Between 31 minutes and an hour,1,NSFAS,NSFAS,NSFAS,1.0,1.0,Employed and earning salary/wages,Unemployed and looking for work
1.0,0.844,0.156,0.844,1.0,Napscom Secondary School ,Sepedi,1.0,0.0,Second,No fee-paying school,Between 20 and 30,Rural Village,9,9,Walking,1.0,0.0,School based feeding programme,Bachelor,3,1.0,Rural Village,Both Parents,0.0,0.0,0.0,0.0,0.0,1,1,0,0,0,0,1,First,Family,University Residence,Self Catering,1.0,,Greater than 30km,University bus service,Between 31 minutes and an hour,1,Funding arrangements not analyzed (if none of the above options apply),Funding arrangements not finalized (if none of the above options apply),Funding arrangements not finalized (if none of the above options apply),,0.0,A student,Unemployed and looking for work
0.994,0.684,0.31,0.688128772635815,0.0,Nkwangulatilo Education Centre ,English,1.0,0.0,Second,Parents or guardians,Between 20 and 30,Suburb/City/Town,10,10,Dropped off by parent or relative,1.0,0.0,Parents provided lunch box.,Bachelor,5,1.0,Suburb/City/Town,Both Parents,0.0,0.0,0.0,0.0,0.0,1,0,1,0,1,0,1,First,Passion,University Residence,Self Catering,,1.0,Between 6km and 9km,University bus service,Between 31 minutes and an hour,2,Parent/Parents,Parent/Parents,"Guardian e.g., grandparent, uncle, siblings etc.",,0.0,Employed and earning salary/wages,Employed and earning salary/wages
1.0,1.0,0.0,1.0,1.0,Kutama secondary school ,Tshivenda,1.0,1.0,Second,No fee-paying school,Between 41 and 60,Rural Village,8,8,Walking,0.0,0.0,School based feeding programme,Bachelor,2,0.0,Rural Village,No support,0.0,0.0,0.0,0.0,0.0,1,1,1,0,1,1,1,First,Job Security,University Residence,Self Catering,1.0,0.0,Between 20km and 30km,University bus service,Between 31 minutes and an hour,1,NSFAS,NSFAS,NSFAS,1.0,1.0,,
0.9,0.9,0.0,1.0,1.0,Lekete High School ,Sepulana,1.0,0.0,First,No fee-paying school,Between 61 and 80,Rural Village,11,8,Public Transport,0.0,1.0,School based feeding programme,Bachelor,3,0.0,Rural Village,Single Parent,0.0,0.0,0.0,1.0,5.0,1,1,1,0,1,1,1,First,The desire to make a difference,University Residence,Self Catering,0.0,1.0,Less than 5km,Walking,less than 30 minutes,2,NSFAS,NSFAS,NSFAS,1.0,1.0,,
0.08,0.08,0.0,1.0,1.0,Semendhe Secondary ,Xitsonga,1.0,1.0,Second,Government scholarship/bursary,Between 41 and 60,Rural Village,6,5,Walking,0.0,0.0,School based feeding programme,Bachelor,2,0.0,Rural Village,Both Parents,1.0,2.0,0.0,1.0,5.0,1,0,0,0,0,1,1,First,Passion,University Residence,Self Catering,1.0,1.0,Between 20km and 30km,University bus service,Between 31 minutes and an hour,2,NSFAS,NSFAS,NSFAS,1.0,1.0,,
1.0,0.6,0.4,0.6,0.0,Mokebe Secondary School,English,1.0,0.0,First,Government scholarship/bursary,Between 41 and 60,Rural Village,2,3,Public Transport,0.0,1.0,School based feeding programme,Bachelor,3,0.0,Rural Village,Single Parent,0.0,0.0,0.0,1.0,5.0,1,0,0,0,1,1,1,Third,The desire to make a difference,University Residence,Self Catering,1.0,1.0,Between 6km and 9km,University bus service,Between 31 minutes and an hour,2,NSFAS,NSFAS,NSFAS,1.0,1.0,,
0.964,0.964,0.0,1.0,1.0,Matsukubyane secondary school ,Setswana,0.0,1.0,Second,No fee-paying school,Between 61 and 80,Township,6,6,Scholar transport (Rural learners),1.0,0.0,School based feeding programme,Bachelor,2,0.0,Rural Village,No support,0.0,0.0,0.0,1.0,5.0,1,1,0,0,1,0,1,First,Teachers,University Residence,Self Catering,1.0,1.0,Between 20km and 30km,University bus service,Between 31 minutes and an hour,2,NSFAS,NSFAS,NSFAS,1.0,1.0,,
0.6,0.3,0.3,0.5,0.0,National School of Arts,English,1.0,0.0,Third,"Bursary e.g., Sasol, Eskom etc.",Between 41 and 60,Suburb/City/Town,10,10,Boarding school,1.0,1.0,Parents provided lunch box.,Bachelor,3,1.0,Township,Both Parents,0.0,0.0,1.0,1.0,5.0,1,1,1,0,1,1,1,Third,The desire to make a difference,University Residence,Self Catering,1.0,0.0,Greater than 30km,University bus service,Between 1 and 2 hours,1,NSFAS,NSFAS,NSFAS,1.0,1.0,Employed and earning salary/wages,Employed and earning salary/wages
,,,,,Suikerland Secondary School ,English,1.0,0.0,Second,Parents or guardians,Between 31 and 40,Suburb/City/Town,8,7,Dropped off by parent or relative,1.0,1.0,Parents provided lunch box.,Bachelor,5,1.0,Township,Both Parents,0.0,0.0,0.0,1.0,5.0,1,1,1,0,1,1,1,,,,,,,,,,0,,,,,,,
1.0,1.0,0.0,1.0,1.0,Ngwanatshwane secondary school,Sepedi,1.0,1.0,First,"Bursary e.g., Sasol, Eskom etc.",Between 61 and 80,Rural Village,5,5,Walking,0.0,0.0,Three meals a day,Bachelor,3,1.0,Rural Village,Single Parent,0.0,0.0,0.0,0.0,0.0,1,1,1,0,1,1,1,First,Other,University Residence,Self Catering,1.0,0.0,Less than 5km,Walking,less than 30 minutes,2,NSFAS,NSFAS,NSFAS,1.0,1.0,,
1.0,1.0,0.0,1.0,1.0,Velangaye ,IsiZulu,1.0,1.0,Second,Educational or schooling insurance policy,Greater than 80,Rural Village,3,3,Walking,0.0,1.0,School based feeding programme,Bachelor,0,,,,,,,,,0,0,0,0,0,0,0,,,,,,,,,,0,,,,,,,
1.0,0.906,0.094,0.906,1.0,Health care sciences,English,1.0,0.0,Second,Trust fund,Between 41 and 60,Township,5,4,Walking,0.0,1.0,School based feeding programme,Bachelor,2,0.0,Township,"Guardian e.g., grandparent, uncle, siblings etc..",1.0,,0.0,1.0,5.0,1,0,1,0,0,1,1,First,The desire to make a difference,University Residence,Self Catering,1.0,0.0,Greater than 30km,University bus service,Between 31 minutes and an hour,2,NSFAS,NSFAS,NSFAS,1.0,1.0,,
0.9,0.9,0.0,1.0,1.0,Seageng Secondary School,Setswana,1.0,1.0,Second,No fee-paying school,Between 20 and 30,Suburb/City/Town,10,10,School Bus,1.0,1.0,School based feeding programme,Bachelor,5,1.0,Suburb/City/Town,Both Parents,0.0,0.0,0.0,0.0,0.0,1,0,0,0,0,1,1,Second,Passion,University Residence,Self Catering,1.0,1.0,Less than 5km,University bus service,Between 31 minutes and an hour,2,Government scholarship/bursary,Government scholarship/bursary,Government scholarship/bursary,,,,
0.9,0.9,0.0,1.0,1.0,Mampoi Secondary School ,English,1.0,1.0,First,,Between 31 and 40,Public,12,10,Walking,0.0,0.0,School based feeding programme,Bachelor,4,1.0,Rural Village,Both Parents,,,0.0,0.0,0.0,0,0,0,0,1,0,1,,,Accommodation,Self Catering,1.0,1.0,,University bus service,Between 31 minutes and an hour,1,NSFAS,NSFAS,NSFAS,1.0,1.0,,
0.9,0.9,0.0,1.0,1.0,Mhlanga Secondary School,IsiXhosa ,1.0,0.0,First,No fee-paying school,Between 41 and 60,Rural Village,7,6,Walking,0.0,0.0,School based feeding programme,Bachelor,0,1.0,Rural Village,Both Parents,1.0,1.0,0.0,0.0,0.0,0,1,0,0,0,0,1,First,Passion,University Residence,Self Catering,1.0,1.0,Between 10km and 14km,University bus service,Between 31 minutes and an hour,2,NSFAS,NSFAS,NSFAS,1.0,1.0,,
0.9,0.9,0.0,1.0,1.0,Njeyeza secondary school ,SiSwati,1.0,1.0,Second,Parents or guardians,Between 20 and 30,Township,9,7,Walking,1.0,0.0,Parents provided lunch box.,Bachelor,5,0.0,Township,Single Parent,0.0,0.0,0.0,0.0,0.0,1,1,0,0,1,1,1,Second,Job Security,Accommodation,Self Catering,1.0,1.0,Between 20km and 30km,University bus service,Between 1 and 2 hours,2,NSFAS,NSFAS,NSFAS,1.0,1.0,,
1.0,1.0,0.0,1.0,1.0,Kheto Nxumayo Agricultural High school ,Xitsonga,1.0,0.0,First,No fee-paying school,Between 41 and 60,Rural Village,6,6,Public Transport,0.0,1.0,School based feeding programme,Bachelor,3,0.0,Rural Village,No support,0.0,0.0,0.0,1.0,5.0,0,0,0,0,1,0,1,First,Passion,University Residence,Self Catering,1.0,1.0,Between 20km and 30km,University bus service,Between 1 and 2 hours,1,NSFAS,NSFAS,NSFAS,1.0,1.0,Unemployed and looking for work,Self-employed
1.0,1.0,0.0,1.0,1.0,Highveld Secondary School,English,1.0,1.0,Second,Parents or guardians,Between 41 and 60,Rural Village,8,7,Walking,0.0,0.0,School based feeding programme,Bachelor,4,1.0,Rural Village,Single Parent,0.0,0.0,0.0,0.0,0.0,1,0,1,0,1,1,1,First,Passion,University Residence,Self Catering,1.0,1.0,Between 20km and 30km,University bus service,Between 31 minutes and an hour,2,NSFAS,NSFAS,NSFAS,1.0,1.0,,
1.0,1.0,0.0,1.0,1.0,Kwandebele Science Secondary School,English,1.0,1.0,Second,No fee-paying school,Between 20 and 30,Rural Village,8,7,Public Transport,0.0,0.0,,Bachelor,3,1.0,Rural Village,Both Parents,0.0,0.0,0.0,0.0,0.0,1,1,0,0,1,1,1,First,Passion,University Residence,Self Catering,1.0,1.0,Greater than 30km,University bus service,Between 31 minutes and an hour,2,NSFAS,NSFAS,NSFAS,1.0,1.0,,
0.9,0.9,0.0,1.0,1.0,KwaDukathole Comprehensive School ,English,1.0,1.0,Third,Parents or guardians,Between 41 and 60,Township,7,6,Public Transport,0.0,1.0,School based feeding programme,Bachelor,1,1.0,Informal settlement,Both Parents,1.0,3.0,0.0,0.0,0.0,1,1,0,0,1,1,1,First,Passion,University Residence,Self Catering,1.0,0.0,Between 10km and 14km,University bus service,Between 31 minutes and an hour,2,NSFAS,NSFAS,NSFAS,1.0,1.0,,
1.0,0.844,0.156,0.844,1.0,Mahlabela Secondary School ,English,1.0,1.0,First,No fee-paying school,Between 31 and 40,Suburb/City/Town,11,8,Dropped off by parent or relative,1.0,1.0,School based feeding programme,Bachelor,4,1.0,Suburb/City/Town,Both Parents,0.0,0.0,0.0,1.0,11.0,1,0,1,0,1,0,1,First,Family,University Residence,Self Catering,1.0,1.0,Between 20km and 30km,University bus service,Between 31 minutes and an hour,4,NSFAS,NSFAS,NSFAS,1.0,1.0,Employed and earning salary/wages,Employed and earning salary/wages
,,,,,Sekolo sa Borogo Matric Centre,English,0.0,0.0,Third,"Bursary e.g., Sasol, Eskom etc.",Between 31 and 40,Suburb/City/Town,10,8,Public Transport,0.0,1.0,Parents provided lunch money,Bachelor,4,0.0,Suburb/City/Town,No support,1.0,,0.0,1.0,11.0,1,1,1,0,0,1,1,First,Passion,Home,,,0.0,Greater than 30km,Own automobile/car,Between 1 and 2 hours,3,Paying for myself,loan etc. Paying for myself,Paying for myself,,,,
,,,,,Tshweni high school ,Sepedi,0.0,1.0,First,No fee-paying school,Between 41 and 60,Rural Village,10,10,Walking,0.0,0.0,School based feeding programme,Bachelor,2,0.0,Rural Village,Single Parent,0.0,0.0,0.0,0.0,0.0,1,1,1,0,1,1,1,First,Passion,University Residence,Self Catering,1.0,1.0,Less than 5km,Walking,less than 30 minutes,2,NSFAS,NSFAS,NSFAS,1.0,1.0,Unemployed and looking for work,
,,,,,Pepps Motheong school,English,1.0,0.0,First,Parents or guardians,Between 20 and 30,Suburb/City/Town,12,9,Lift club,1.0,0.0,Parents provided lunch box.,Bachelor,5,1.0,Suburb/City/Town,Both Parents,0.0,0.0,0.0,0.0,0.0,1,1,0,0,0,1,1,Third,Passion,University Residence,Self Catering,0.0,1.0,Less than 5km,Walking,less than 30 minutes,3,Parent/Parents,Parent/Parents,Funding arrangements not finalized (if none of the above options apply),0.0,0.0,Employed and earning salary/wages,Employed and earning salary/wages
,,,,,Amatshezulu High School,IsiZulu,1.0,1.0,Second,Parents or guardians,Between 41 and 60,Rural Village,6,6,Walking,1.0,1.0,School based feeding programme,Bachelor,3,0.0,Rural Village,Single Parent,0.0,0.0,0.0,1.0,6.0,1,1,0,0,0,1,1,First,Passion,University Residence,Catered,1.0,1.0,Less than 5km,Walking,less than 30 minutes,1,NSFAS,NSFAS,NSFAS,1.0,1.0,,
,,,,,Edward Zibi SSS,IsiXhosa,1.0,0.0,Second,No fee-paying school,Greater than 80,Rural Village,5,5,Walking,0.0,1.0,School based feeding programme,Bachelor,1,1.0,Rural Village,Single Parent,0.0,0.0,0.0,0.0,0.0,1,1,1,0,0,0,1,Second,Passion,University Residence,Self Catering,1.0,1.0,Between 20km and 30km,University bus service,Between 31 minutes and an hour,1,NSFAS,NSFAS,NSFAS,1.0,0.0,Employed and earning salary/wages,Employed and earning salary/wages
,,,,,Hututu high school ,Sepedi,1.0,1.0,First,No fee-paying school,Between 41 and 60,Rural Village,10,9,Public Transport,0.0,1.0,School based feeding programme,Bachelor,5,1.0,Rural Village,Single Parent,0.0,0.0,0.0,0.0,0.0,0,0,1,0,0,0,1,First,Other,Private,Self Catering,1.0,1.0,Between 20km and 30km,University bus service,Between 1 and 2 hours,2,NSFAS,NSFAS,NSFAS,1.0,1.0,,Employed and earning salary/wages
,,,,,Hoërskool Waterkloof,Afrikaans,0.0,1.0,Second,Parents or guardians,Between 31 and 40,Public,13,10,Own Automobile/car,1.0,1.0,Parents provided lunch box.,Bachelor,6,1.0,Suburb/City/Town,Both Parents,0.0,0.0,0.0,0.0,0.0,1,0,1,0,1,1,1,First,Passion,Home,,1.0,1.0,Greater than 30km,Own automobile/car,Between 31 minutes and an hour,2,Parent/Parents,Parent/Parents,Paying for myself,,,Employed and earning salary/wages,Self-employed
,,,,,Beacon College,English,1.0,1.0,First,Government scholarship/bursary,Greater than 80,Township,6,5,Public Transport,1.0,1.0,Parents provided lunch box.,Bachelor,5,1.0,Rural Village,Single Parent,0.0,0.0,0.0,1.0,15.0,1,1,1,0,1,1,1,Third,Passion,University Residence,Self Catering,1.0,1.0,Between 6km and 9km,Dropped off by parent or relative,Between 31 minutes and an hour,1,NSFAS,NSFAS,NSFAS,1.0,1.0,,
,,,,,Mafumani ,Xitsonga,1.0,1.0,First,No fee-paying school,Between 41 and 60,Rural Village,4,4,Walking,1.0,1.0,Parents provided lunch money,Bachelor,5,1.0,Rural Village,Single Parent,0.0,0.0,0.0,0.0,0.0,1,0,1,0,1,1,1,First,Passion,University Residence,Self Catering,1.0,,Less than 5km,Walking,less than 30 minutes,1,NSFAS,NSFAS,NSFAS,1.0,1.0,,
,,,,,Hoërskool Patriot ,English,0.0,0.0,Second,Parents or guardians,Between 20 and 30,Suburb/City/Town,8,7,Lift club,0.0,1.0,Parents provided lunch box.,Bachelor,6,1.0,Suburb/City/Town,Both Parents,0.0,0.0,0.0,1.0,6.0,1,1,0,0,1,1,1,First,Passion,University Residence,,,,,,,2,Parent/Parents,Parent/Parents,"Guardian e.g., grandparent, uncle, siblings etc.",,,Employed and earning salary/wages,Employed and earning salary/wages
,,,,,Laudium Secondary School,English,0.0,1.0,First,Parents or guardians,Between 31 and 40,Suburb/City/Town,10,8,Walking,0.0,1.0,Parents provided lunch box.,Bachelor,5,1.0,Suburb/City/Town,Both Parents,0.0,0.0,0.0,0.0,0.0,0,0,1,0,0,0,1,First,Passion,Home,,,0.0,Between 20km and 30km,Lift club,Between 31 minutes and an hour,2,"Bursary e.g., Eskom, Sasol etc.",,"Guardian e.g., grandparent, uncle, siblings etc.",,,Employed and earning salary/wages,Out of work but not currently looking for work
,,,,,Bakwena Secondary School,Setswana,1.0,1.0,Second,No fee-paying school,Between 31 and 40,Rural Village,9,9,Scholar transport (Rural learners),1.0,1.0,Community based/NGO feeding programme,Bachelor,4,1.0,Rural Village,Both Parents,0.0,0.0,0.0,1.0,5.0,1,0,1,0,1,1,1,Second,Other,University Residence,Self Catering,1.0,1.0,Between 20km and 30km,University bus service,Between 31 minutes and an hour,1,NSFAS,NSFAS,NSFAS,1.0,1.0,,
,,,,,Crawford International Pretoria,English,0.0,0.0,First,Parents or guardians,Between 20 and 30,Suburb/City/Town,12,11,Dropped off by parent or relative,1.0,0.0,Two meals a day,Bachelor,5,1.0,Suburb/City/Town,Both Parents,0.0,0.0,0.0,1.0,6.0,1,0,1,0,0,1,1,First,The desire to make a difference,Home,,,0.0,Greater than 30km,University bus service,Between 31 minutes and an hour,2,Parent/Parents,,"Guardian e.g., grandparent, uncle, siblings etc.",,,Self-employed,Self-employed
,,,,,Mathew Phosa secondary school ,Sepedi,1.0,0.0,First,Parents or guardians,Between 41 and 60,Rural Village,5,4,Walking,0.0,0.0,School based feeding programme,Bachelor,2,1.0,Rural Village,Both Parents,0.0,0.0,0.0,1.0,5.0,1,1,0,0,0,1,1,First,Teachers,University Residence,Self Catering,1.0,0.0,Less than 5km,Walking,less than 30 minutes,1,Parent/Parents,Parent/Parents,Funding arrangements not finalized (if none of the above options apply),0.0,0.0,Employed and earning salary/wages,Employed and earning salary/wages
,,,,,Mahoai High School ,English,1.0,1.0,First,No fee-paying school,Between 41 and 60,Rural Village,11,12,Public Transport,0.0,0.0,School based feeding programme,Bachelor,5,1.0,Rural Village,"Guardian e.g., grandparent, uncle, siblings etc..",0.0,0.0,0.0,0.0,0.0,0,0,1,0,1,0,1,First,Passion,University Residence,Catered,1.0,1.0,Less than 5km,Walking,less than 30 minutes,1,NSFAS,NSFAS,NSFAS,1.0,1.0,,
,,,,,Gezingqondo secondary school ,SiSwati,1.0,1.0,First,Parents or guardians,Between 20 and 30,Rural Village,2,0,Walking,0.0,0.0,School based feeding programme,Bachelor,4,0.0,Rural Village,Both Parents,0.0,0.0,0.0,1.0,5.0,0,0,1,0,0,0,1,First,Teachers,University Residence,Self Catering,1.0,0.0,Less than 5km,University bus service,Between 31 minutes and an hour,2,NSFAS,NSFAS,NSFAS,1.0,0.0,,
,,,,,Dimani Agricultural High school ,Tshivenda,1.0,1.0,Second,"Bursary e.g., Sasol, Eskom etc.",Between 41 and 60,Suburb/City/Town,9,8,Walking,0.0,1.0,School based feeding programme,Bachelor,1,0.0,Farm,Family friend/Friend,0.0,0.0,0.0,0.0,0.0,1,0,0,0,0,0,1,Second,Role Models,Accommodation,Catered,1.0,1.0,Between 10km and 14km,University bus service,Between 31 minutes and an hour,1,NSFAS,NSFAS,NSFAS,1.0,0.0,,
,,,,,Hoerskool Bekker ,English,0.0,1.0,First,Parents or guardians,Between 20 and 30,Farm,11,9,Boarding school,0.0,0.0,Three meals a day,Bachelor,5,1.0,Farm,Single Parent,0.0,0.0,0.0,0.0,0.0,1,1,0,0,0,0,1,First,Family,University Residence,Self Catering,1.0,1.0,Less than 5km,Walking,less than 30 minutes,2,Parent/Parents,Parent/Parents,"Guardian e.g., grandparent, uncle, siblings etc.",,,Employed and earning salary/wages,Employed and earning salary/wages
,,,,,Mazwendoda Senior Secondary School ,IsiZulu,1.0,0.0,Second,No fee-paying school,Greater than 80,Rural Village,6,6,Walking,0.0,1.0,School based feeding programme,School leaving,2,0.0,Rural Village,Single Parent,0.0,0.0,0.0,0.0,0.0,1,1,1,0,1,1,1,First,Job Security,University Residence,Self Catering,1.0,1.0,Between 20km and 30km,University bus service,Between 31 minutes and an hour,1,NSFAS,NSFAS,NSFAS,1.0,0.0,,
,,,,,PHETOGANE SECONDARY SCHOOL,,1.0,0.0,First,Government scholarship/bursary,Between 31 and 40,Rural Village,7,7,Walking,0.0,0.0,Community based/NGO feeding programme,Bachelor,2,1.0,Rural Village,"Guardian e.g., grandparent, uncle, siblings etc..",1.0,5.0,0.0,0.0,0.0,1,0,0,0,0,1,1,First,Passion,University Residence,Self Catering,1.0,1.0,Greater than 30km,University bus service,Between 31 minutes and an hour,2,NSFAS,NSFAS,NSFAS,1.0,1.0,,
,,,,,Mshadza Secondary School ,SiSwati,1.0,0.0,First,No fee-paying school,Between 31 and 40,Rural Village,11,11,Dropped off by parent or relative,1.0,1.0,Parents provided lunch money,Bachelor,6,0.0,Township,Both Parents,0.0,0.0,0.0,0.0,0.0,1,1,0,0,1,0,1,First,Passion,University Residence,Self Catering,1.0,1.0,Greater than 30km,University bus service,Between 31 minutes and an hour,2,Government scholarship/bursary,Government scholarship/bursary,Government scholarship/bursary,,,,
,,,,,Hoerskool FH Odendaal,English,0.0,0.0,Second,Parents or guardians,Between 20 and 30,Public,9,7,Public Transport,0.0,1.0,Parents provided lunch money,School leaving,5,1.0,Suburb/City/Town,Single Parent,0.0,0.0,0.0,0.0,0.0,1,0,1,0,0,1,1,First,Family,University Residence,Self Catering,1.0,1.0,Less than 5km,Walking,less than 30 minutes,3,"Bursary e.g., Eskom, Sasol etc.","Bursary e.g., Eskom, Sasol etc","Bursary e.g., Eskom, Sasol etc.",,,,
,,,,,Pretoria High School for Girls ,English,0.0,0.0,Second,Parents or guardians,Between 20 and 30,Suburb/City/Town,13,11,Dropped off by parent or relative,1.0,1.0,Parents provided lunch box.,Bachelor,5,1.0,Suburb/City/Town,Both Parents,0.0,0.0,,0.0,0.0,0,0,1,0,1,0,1,First,Passion,University Residence,Self Catering,1.0,1.0,Less than 5km,Own automobile/car,less than 30 minutes,3,Parent/Parents,Parent/Parents,Paying for myself,,,Employed and earning salary/wages,Employed and earning salary/wages
,,,,,NDLELA SECONDARY SCHOOL ,IsiZulu,1.0,1.0,Second,Government scholarship/bursary,Between 31 and 40,Rural Village,10,10,Walking,0.0,1.0,Two meals a day,Bachelor,3,1.0,Rural Village,"Guardian e.g., grandparent, uncle, siblings etc..",0.0,0.0,0.0,0.0,0.0,1,1,0,0,0,0,1,First,Passion,University Residence,Catered,1.0,1.0,Between 20km and 30km,University bus service,Between 31 minutes and an hour,2,NSFAS,NSFAS,NSFAS,1.0,0.0,,
,,,,,Hhoye secondary ,IsiZulu,1.0,1.0,First,No fee-paying school,Between 41 and 60,Rural Village,12,13,Walking,0.0,1.0,School based food garden,Bachelor,3,0.0,Rural Village,Single Parent,1.0,1.0,0.0,1.0,6.0,0,1,1,0,0,0,1,Second,Job Security,University Residence,Self Catering,1.0,1.0,Between 10km and 14km,Walking,less than 30 minutes,1,NSFAS,NSFAS,NSFAS,1.0,1.0,,
,,,,,Hoërskool Waterkloof,Afrikaans,0.0,1.0,Second,Parents or guardians,Between 31 and 40,Suburb/City/Town,13,9,Dropped off by parent or relative,1.0,0.0,Parents provided lunch box.,Bachelor,6,1.0,Suburb/City/Town,Both Parents,0.0,0.0,0.0,0.0,0.0,1,0,1,0,0,0,1,First,Role Models,Home,,,0.0,Greater than 30km,Own automobile/car,Between 1 and 2 hours,2,Parent/Parents,Parent/Parents,Paying for myself,,,Self-employed,Employed and earning salary/wages
,,,,,Mutshutshu secondary school ,English,1.0,1.0,Second,Parents or guardians,Between 41 and 60,Rural Village,7,7,Walking,0.0,0.0,School based feeding programme,Bachelor,5,1.0,Rural Village,"Spouse/Partner e.g. wife, boyfriend etc.",1.0,2.0,0.0,0.0,0.0,1,0,0,0,0,1,1,Second,The desire to make a difference,Home,,,0.0,Between 15km and 19km,Own automobile/car,Between 31 minutes and an hour,3,Government scholarship/bursary,Funding arrangements not finalized (if none of the above options apply),Paying for myself,,,,
,,,,,FloraPark Comprehensive high school,English,1.0,0.0,Second,"Parents or guardians, Trust fund",Between 31 and 40,Suburb/City/Town,11,10,Public Transport,0.0,1.0,Parents provided lunch box.,Bachelor,5,1.0,Suburb/City/Town,Single Parent,0.0,0.0,0.0,0.0,0.0,1,0,0,0,1,1,1,Second,Passion,University Residence,Self Catering,1.0,0.0,Less than 5km,Walking,less than 30 minutes,3,Government scholarship/bursary,Government scholarship/bursary,Government scholarship/bursary,,,,Employed and earning salary/wages
,,,,,Sefako makgatho health science university ,English,1.0,0.0,Second,Parents or guardians,Between 31 and 40,Township,8,8,Public Transport,0.0,1.0,Parents provided lunch box.,Bachelor,4,1.0,Township,Both Parents,0.0,0.0,0.0,0.0,0.0,1,0,0,0,0,0,1,First,Passion,University Residence,Self Catering,1.0,1.0,Less than 5km,Walking,less than 30 minutes,3,Parent/Parents,Parent/Parents,"Spouse/Partner e.g., wife, boyfriend etc.",,,Unemployed and receiving social grant,Employed and earning salary/wages
,,,,,Itumeleng Secondary School ,Setswana,1.0,1.0,Second,No fee-paying school,Between 20 and 30,Rural Village,3,4,Walking,0.0,0.0,School based feeding programme,Bachelor,3,0.0,Informal settlement,Single Parent,1.0,4.0,1.0,1.0,5.0,1,0,0,0,1,0,1,Second,The desire to make a difference,University Residence,Catered,0.0,0.0,Less than 5km,University bus service,Between 31 minutes and an hour,1,NSFAS,NSFAS,NSFAS,1.0,1.0,Employed and earning salary/wages,Unemployed and looking for work
,,,,,Somfula Secondary school ,IsiZulu,1.0,0.0,Second,No fee-paying school,Between 31 and 40,Rural Village,10,7,School Bus,1.0,1.0,School based feeding programme,Bachelor,4,0.0,Rural Village,Both Parents,0.0,0.0,0.0,0.0,0.0,1,1,1,0,0,0,1,First,Passion,University Residence,Self Catering,1.0,1.0,Between 20km and 30km,University bus service,Between 31 minutes and an hour,1,NSFAS,NSFAS,NSFAS,1.0,1.0,Retired living on social grant,Unemployed and receiving social grant
,,,,,St Barnabas SOS ,English,0.0,0.0,Second,Parents or guardians,Between 20 and 30,Suburb/City/Town,12,11,Boarding school,1.0,0.0,Three meals a day,Bachelor,4,0.0,Township,Both Parents,0.0,0.0,0.0,1.0,6.0,1,1,0,0,0,1,1,First,Role Models,University Residence,Self Catering,0.0,0.0,Less than 5km,Walking,less than 30 minutes,1,NSFAS,NSFAS,NSFAS,1.0,1.0,Retired with retirement annuity income,Unemployed and looking for work
,,,,,Ndlela Secondary School ,IsiZulu,1.0,0.0,Second,"Bursary e.g., Sasol, Eskom etc.",Between 61 and 80,Suburb/City/Town,3,4,Public Transport,0.0,1.0,School based feeding programme,School leaving,2,0.0,Suburb/City/Town,No support,0.0,0.0,0.0,0.0,0.0,1,1,1,0,1,1,1,First,Other,University Residence,Self Catering,1.0,1.0,Greater than 30km,University bus service,Between 1 and 2 hours,1,NSFAS,NSFAS,NSFAS,1.0,1.0,,
,,,,,Curro Midrand Sagewood High school,English,0.0,0.0,Third,"Bursary e.g., Sasol, Eskom etc.",Between 20 and 30,Suburb/City/Town,11,10,Lift club,1.0,1.0,One meal a day at home,Bachelor,6,1.0,Township,Both Parents,0.0,0.0,0.0,1.0,5.0,1,1,0,0,1,1,1,Third,The desire to make a difference,University Residence,Self Catering,1.0,,Less than 5km,Walking,less than 30 minutes,2,Government scholarship/bursary,Government scholarship/bursary,Paying for myself,,,,
,,,,,mpumelelo technical high school,IsiZulu,1.0,1.0,Second,No fee-paying school,,Rural Village,0,7,Scholar transport (Rural learners),0.0,0.0,Three meals a day,Bachelor,5,1.0,Rural Village,Both Parents,0.0,0.0,0.0,0.0,0.0,1,1,1,0,1,1,1,First,The desire to make a difference,University Residence,,1.0,1.0,Less than 5km,Walking,less than 30 minutes,1,NSFAS,NSFAS,NSFAS,1.0,1.0,,
,,,,,Nthabiseng Secondary School ,English,1.0,0.0,Second,Parents or guardians,Between 61 and 80,Suburb/City/Town,5,5,Walking,0.0,1.0,School based feeding programme,Bachelor,2,1.0,Suburb/City/Town,Single Parent,1.0,,0.0,1.0,5.0,1,1,1,0,1,1,1,First,Passion,Accommodation,Self Catering,1.0,1.0,Between 10km and 14km,University bus service,Between 1 and 2 hours,1,NSFAS,NSFAS,NSFAS,1.0,1.0,Employed and earning salary/wages,Unemployed and receiving social grant
,,,,,Charlton Vos College ,English,0.0,0.0,Third,Parents or guardians,Between 31 and 40,Private school,5,5,School Bus,0.0,0.0,Parents provided lunch box.,Bachelor,6,1.0,Suburb/City/Town,Both Parents,0.0,0.0,0.0,0.0,0.0,1,0,1,0,1,1,1,Third,Passion,University Residence,Self Catering,1.0,1.0,Less than 5km,Walking,less than 30 minutes,3,Parent/Parents,Parent/Parents,"Guardian e.g., grandparent, uncle, siblings etc.",,,Employed and earning salary/wages,
,,,,,Jeppe High School for Girls ,Sepedi,0.0,0.0,Second,Parents or guardians,Between 31 and 40,Suburb/City/Town,13,13,Dropped off by parent or relative,1.0,1.0,Parents provided lunch box.,Bachelor,4,1.0,Suburb/City/Town,Both Parents,0.0,0.0,0.0,1.0,5.0,1,0,0,0,0,0,1,First,Other,University Residence,Self Catering,1.0,0.0,Less than 5km,Walking,less than 30 minutes,1,Parent/Parents,Parent/Parents,Paying for myself,0.0,0.0,,Retired with retirement annuity income
,,,,,Mukula Integrated school,English,1.0,0.0,Second,Parents or guardians,Between 61 and 80,Private school,9,9,Public Transport,0.0,0.0,Parents provided lunch box.,Bachelor,4,1.0,Rural Village,Single Parent,0.0,0.0,0.0,0.0,0.0,1,1,1,0,1,1,1,Second,Family,University Residence,Self Catering,1.0,1.0,Between 10km and 14km,University bus service,Between 31 minutes and an hour,1,Funding arrangements not analyzed (if none of the above options apply),Funding arrangements not finalized (if none of the above options apply),Funding arrangements not finalized (if none of the above options apply),,,,Employed and earning salary/wages
,,,,,Bethlehem Voortrekker Hoër Skool,Afrikaans,1.0,0.0,First,Parents or guardians,Between 20 and 30,Suburb/City/Town,12,10,Dropped off by parent or relative,0.0,1.0,Parents provided lunch money,Bachelor,5,1.0,Suburb/City/Town,Both Parents,0.0,0.0,0.0,0.0,0.0,0,0,0,0,0,1,1,Second,Passion,University Residence,Self Catering,1.0,1.0,Between 15km and 19km,University bus service,Between 31 minutes and an hour,1,Parent/Parents,Parent/Parents,Paying for myself,0.0,0.0,Self-employed,Employed and earning salary/wages
,,,,,Mazizini High School ,IsiXhosa,1.0,1.0,Second,No fee-paying school,Between 41 and 60,Rural Village,6,6,Walking,0.0,0.0,One meal a day at home,Bachelor,1,1.0,Rural Village,No support,1.0,2.0,0.0,1.0,11.0,1,1,0,0,1,0,1,First,Passion,University Residence,Self Catering,1.0,0.0,Less than 5km,Walking,less than 30 minutes,1,"Bursary e.g., Eskom, Sasol etc.","Bursary e.g., Eskom, Sasol etc","Bursary e.g., Eskom, Sasol etc.",,,,Employed and earning salary/wages
,,,,,Boikagong secondary ,English,,0.0,Second,Government scholarship/bursary,Between 31 and 40,Township,8,8,Walking,1.0,1.0,Community based/NGO feeding programme,Bachelor,1,1.0,Township,No support,1.0,3.0,0.0,0.0,0.0,1,1,0,0,0,0,1,Second,Passion,University Residence,Catered,1.0,1.0,Less than 5km,Walking,less than 30 minutes,2,NSFAS,NSFAS,NSFAS,1.0,0.0,Retired living on social grant,Unemployed and looking for work
,,,,,Elim high school ,English,1.0,0.0,First,No fee-paying school,Between 61 and 80,Public,9,9,Own Automobile/car,0.0,0.0,School based feeding programme,Bachelor,1,0.0,Rural Village,Both Parents,0.0,0.0,0.0,0.0,0.0,1,1,1,0,1,1,1,Second,Other,University Residence,Self Catering,1.0,1.0,Greater than 30km,University bus service,Between 1 and 2 hours,1,NSFAS,NSFAS,NSFAS,1.0,1.0,,
,,,,,Joubert Ludidi Secondary School ,IsiXhosa,1.0,1.0,Second,No fee-paying school,Less than 20,Rural Village,8,8,Walking,0.0,1.0,School based feeding programme,Bachelor,2,1.0,Township,Both Parents,0.0,0.0,,,,1,0,1,0,1,1,1,First,The desire to make a difference,University Residence,Self Catering,1.0,1.0,Greater than 30km,University bus service,Between 31 minutes and an hour,1,NSFAS,NSFAS,NSFAS,1.0,1.0,,
,,,,,Phumzile FET school,IsiNdebele,1.0,1.0,Second,Parents or guardians,Between 61 and 80,Rural Village,8,7,Public Transport,0.0,0.0,School based feeding programme,Bachelor,3,1.0,Rural Village,"Guardian e.g., grandparent, uncle, siblings etc..",0.0,0.0,0.0,0.0,0.0,0,0,0,0,0,1,1,First,Passion,University Residence,Catered,1.0,1.0,Less than 5km,Walking,less than 30 minutes,1,Parent/Parents,Parent/Parents,"Spouse/Partner e.g., wife, boyfriend etc.",0.0,0.0,Employed and earning salary/wages,
,,,,,Mbilwi secondary school ,Tshivenda,1.0,0.0,Second,Trust fund,Between 61 and 80,Township,11,10,Scholar transport (Rural learners),0.0,1.0,Parents provided lunch money,School leaving,6,1.0,Rural Village,Both Parents,0.0,0.0,0.0,1.0,5.0,1,1,0,0,0,1,1,First,Passion,University Residence,Self Catering,1.0,0.0,Less than 5km,Walking,less than 30 minutes,2,Funding arrangements not analyzed (if none of the above options apply),Funding arrangements not finalized (if none of the above options apply),"Bursary e.g., Eskom, Sasol etc.",,,Self-employed,Employed and earning salary/wages
,,,,,Motlalaohle ,Sepedi,1.0,1.0,Second,Government scholarship/bursary,Between 41 and 60,Rural Village,8,8,Walking,0.0,0.0,School based feeding programme,Bachelor,2,1.0,Township,Both Parents,0.0,0.0,0.0,1.0,5.0,1,0,1,0,1,1,1,Second,Passion,University Residence,Self Catering,1.0,1.0,Between 10km and 14km,University bus service,Between 31 minutes and an hour,1,NSFAS,NSFAS,NSFAS,1.0,1.0,,
,,,,,Gaseitsiwe high,Setswana,1.0,1.0,Second,No fee-paying school,Between 20 and 30,Rural Village,6,4,School Bus,0.0,0.0,School based feeding programme,Bachelor,2,0.0,Rural Village,"Guardian e.g., grandparent, uncle, siblings etc..",0.0,0.0,0.0,0.0,0.0,1,1,0,0,0,0,1,,,University Residence,Self Catering,1.0,,Between 6km and 9km,Public transport,Between 1 and 2 hours,1,NSFAS,NSFAS,NSFAS,1.0,1.0,,
,,,,,Mahoai high school ,English,1.0,0.0,Second,No fee-paying school,Greater than 80,Rural Village,11,12,Walking,1.0,0.0,School based feeding programme,Bachelor,5,1.0,Rural Village,Both Parents,0.0,0.0,0.0,0.0,0.0,1,1,1,0,0,0,1,Second,Passion,University Residence,Self Catering,1.0,1.0,Between 6km and 9km,University bus service,Between 31 minutes and an hour,1,NSFAS,NSFAS,NSFAS,1.0,1.0,Unemployed and looking for work,Unemployed and looking for work
,,,,,Bhekintuthuko Secondary,IsiZulu,1.0,1.0,First,No fee-paying school,Greater than 80,Rural Village,6,3,Walking,1.0,1.0,School based feeding programme,Bachelor,2,0.0,Township,"Guardian e.g., grandparent, uncle, siblings etc..",0.0,0.0,0.0,0.0,0.0,1,0,1,0,0,0,1,First,Other,University Residence,Catered,1.0,1.0,Between 6km and 9km,University bus service,Between 1 and 2 hours,1,NSFAS,NSFAS,NSFAS,1.0,1.0,Self-employed,
,,,,,Tsogo Secondary School,Setswana,1.0,1.0,First,No fee-paying school,Between 31 and 40,Public,8,6,Walking,0.0,0.0,School based feeding programme,School leaving,3,0.0,Rural Village,Single Parent,0.0,0.0,0.0,0.0,0.0,1,0,1,0,0,1,1,First,Passion,University Residence,Self Catering,1.0,1.0,Between 6km and 9km,Walking,less than 30 minutes,1,NSFAS,NSFAS,"Guardian e.g., grandparent, uncle, siblings etc.",1.0,1.0,,Unemployed and receiving social grant
,,,,,Molebye Secondary School,English,1.0,1.0,Second,No fee-paying school,Between 20 and 30,Rural Village,7,8,Walking,0.0,1.0,School based feeding programme,Bachelor,3,0.0,Rural Village,Single Parent,0.0,0.0,0.0,0.0,0.0,1,1,0,0,0,0,1,First,Family,University Residence,Self Catering,1.0,,Greater than 30km,University bus service,Between 31 minutes and an hour,1,Funding arrangements not analyzed (if none of the above options apply),Funding arrangements not finalized (if none of the above options apply),Funding arrangements not finalized (if none of the above options apply),,,,
,,,,,Kurhula Junior Secondary School ,Xitsonga,1.0,1.0,Second,No fee-paying school,Between 41 and 60,Rural Village,7,6,Walking,1.0,0.0,School based feeding programme,Bachelor,2,0.0,Rural Village,Both Parents,0.0,0.0,0.0,0.0,0.0,1,1,0,0,0,1,1,First,Family,University Residence,Self Catering,1.0,1.0,Between 15km and 19km,University bus service,Between 31 minutes and an hour,1,NSFAS,NSFAS,NSFAS,1.0,1.0,,
,,,,,Thaba Chweu Boarding School ,English,1.0,0.0,First,No fee-paying school,Between 31 and 40,Rural Village,5,5,Boarding school,0.0,0.0,Three meals a day,Bachelor,2,0.0,Rural Village,Single Parent,0.0,0.0,0.0,0.0,0.0,1,0,1,0,0,0,1,First,Other,University Residence,Self Catering,1.0,1.0,Greater than 30km,University bus service,Between 31 minutes and an hour,1,NSFAS,NSFAS,NSFAS,1.0,1.0,,Unemployed and looking for work
,,,,,Dr A. D. lazerus secondary school,English,0.0,1.0,First,Parents or guardians,Between 31 and 40,Public,8,5,Dropped off by parent or relative,0.0,0.0,Parents provided lunch box.,Bachelor,5,0.0,Suburb/City/Town,"Guardian e.g., grandparent, uncle, siblings etc..",0.0,0.0,0.0,0.0,0.0,0,0,1,0,0,0,1,Second,Passion,Home,,,0.0,Between 20km and 30km,Dropped off by parent or relative,Between 31 minutes and an hour,2,NSFAS,"Guardian e.g., grandparent, uncle, siblings etc.","Guardian e.g., grandparent, uncle, siblings etc.",1.0,1.0,,
,,,,,Merensky Agricultural Academy ,Afrikaans,0.0,0.0,Second,,Greater than 80,Suburb/City/Town,12,10,Scholar transport (Rural learners),0.0,0.0,Parents provided lunch box.,Bachelor,2,1.0,Rural Village,Single Parent,0.0,0.0,0.0,0.0,0.0,1,1,1,0,1,1,1,Second,Other,University Residence,Self Catering,1.0,1.0,Less than 5km,Walking,less than 30 minutes,2,NSFAS,NSFAS,NSFAS,1.0,1.0,,
,,,,,Lugebhuta High school ,SiSwati,1.0,1.0,Second,Parents or guardians,Between 41 and 60,Public,12,10,Walking,0.0,0.0,School based feeding programme,Bachelor,3,1.0,Informal settlement,Both Parents,0.0,0.0,0.0,0.0,0.0,1,0,1,0,0,0,1,Second,The desire to make a difference,University Residence,Self Catering,1.0,1.0,Greater than 30km,University bus service,Between 31 minutes and an hour,1,NSFAS,NSFAS,NSFAS,1.0,1.0,Employed and earning salary/wages,Unemployed and receiving social grant
,,,,,madibane comprehensive school ,English,1.0,1.0,First,No fee-paying school,Between 20 and 30,Township,10,8,Walking,1.0,0.0,School based feeding programme,Bachelor,4,1.0,Township,Both Parents,0.0,0.0,1.0,0.0,0.0,1,1,1,0,1,1,1,First,Passion,University Residence,Catered,1.0,1.0,Less than 5km,Walking,less than 30 minutes,1,NSFAS,NSFAS,NSFAS,1.0,0.0,,
,,,,,Asser Maloka Secondary School ,IsiZulu,1.0,1.0,Second,Government scholarship/bursary,Between 20 and 30,Township,8,5,Dropped off by parent or relative,0.0,0.0,Parents provided lunch money,Bachelor,5,1.0,Township,Single Parent,0.0,0.0,0.0,0.0,0.0,1,1,1,0,1,1,1,First,Job Security,University Residence,Self Catering,1.0,1.0,Between 20km and 30km,University bus service,Between 31 minutes and an hour,1,NSFAS,NSFAS,NSFAS,1.0,1.0,,
,,,,,Langaville Secondary School,English,1.0,0.0,First,No fee-paying school,Between 31 and 40,Township,6,6,Walking,0.0,0.0,School based feeding programme,Bachelor,2,1.0,Township,Single Parent,1.0,3.0,1.0,1.0,6.0,1,1,0,0,0,0,1,First,Passion,University Residence,Self Catering,1.0,1.0,Less than 5km,Walking,less than 30 minutes,1,"Bursary e.g., Eskom, Sasol etc.","Bursary e.g., Eskom, Sasol etc","Bursary e.g., Eskom, Sasol etc.",0.0,0.0,,
,,,,,Ramabele secondary school ,Setswana,1.0,1.0,Second,"Bursary e.g., Sasol, Eskom etc.",Between 20 and 30,Public,8,9,Public Transport,1.0,0.0,School based feeding programme,Bachelor,4,0.0,Township,Single Parent,0.0,0.0,0.0,1.0,11.0,1,0,1,0,1,0,1,First,Passion,University Residence,Self Catering,1.0,0.0,Between 15km and 19km,University bus service,Between 31 minutes and an hour,1,NSFAS,NSFAS,NSFAS,1.0,1.0,,
,,,,,Brainline Online High School,English,1.0,0.0,Second,Parents or guardians,Between 31 and 40,Distant learning/College,8,5,,1.0,0.0,Parents provided lunch box.,Bachelor,6,1.0,Suburb/City/Town,Both Parents,0.0,0.0,0.0,1.0,5.0,1,0,1,0,0,1,1,First,Passion,University Residence,,0.0,,Less than 5km,Walking,less than 30 minutes,2,"Bursary e.g., Eskom, Sasol etc.","Bursary e.g., Eskom, Sasol etc","Guardian e.g., grandparent, uncle, siblings etc.",,,Employed and earning salary/wages,Employed and earning salary/wages
,,,,,Kgokodibeng High School ,Sepedi,1.0,1.0,Second,No fee-paying school,Greater than 80,Rural Village,8,8,Walking,1.0,0.0,School based feeding programme,Bachelor,4,1.0,Rural Village,"Guardian e.g., grandparent, uncle, siblings etc..",0.0,0.0,0.0,1.0,5.0,1,1,0,0,0,1,1,Second,Family,University Residence,Self Catering,1.0,1.0,Less than 5km,University bus service,Between 31 minutes and an hour,1,"Bursary e.g., Eskom, Sasol etc.","Bursary e.g., Eskom, Sasol etc","Guardian e.g., grandparent, uncle, siblings etc.",1.0,0.0,Employed and earning salary/wages,Unemployed and receiving social grant
,,,,,St Augustine residential,English,1.0,1.0,Second,Parents or guardians,Between 41 and 60,Private school,10,11,Public Transport,0.0,1.0,Parents provided lunch box.,Bachelor,4,0.0,Rural Village,Both Parents,0.0,0.0,0.0,0.0,0.0,1,1,1,0,1,1,1,First,Passion,University Residence,Self Catering,1.0,1.0,Between 6km and 9km,Walking,Between 31 minutes and an hour,1,Parent/Parents,Parent/Parents,"Spouse/Partner e.g., wife, boyfriend etc.",1.0,0.0,Employed and earning salary/wages,Unemployed and receiving social grant
,,,,,President Mangope Technical high school,Setswana,1.0,0.0,First,Parents or guardians,Between 31 and 40,Suburb/City/Town,11,9,Boarding school,1.0,0.0,Parents provided lunch money,Bachelor,2,0.0,Township,Single Parent,0.0,0.0,0.0,0.0,0.0,1,0,0,0,0,1,1,First,Passion,Accommodation,Catered,1.0,1.0,Less than 5km,Walking,less than 30 minutes,1,NSFAS,NSFAS,NSFAS,1.0,1.0,,
,,,,,Hendrik Makapan,Setswana,1.0,1.0,First,No fee-paying school,Less than 20,Rural Village,9,8,School Bus,0.0,1.0,School based feeding programme,Bachelor,5,0.0,Rural Village,Both Parents,0.0,0.0,0.0,0.0,0.0,1,1,1,0,1,0,1,Second,Passion,University Residence,Self Catering,1.0,1.0,Between 20km and 30km,University bus service,Between 31 minutes and an hour,2,NSFAS,NSFAS,NSFAS,1.0,1.0,Unemployed and looking for work,Unemployed and looking for work
,,,,,Ngwanatshwane ,Sepedi,1.0,1.0,First,No fee-paying school,Between 41 and 60,Rural Village,6,6,Walking,1.0,1.0,School based feeding programme,Bachelor,3,1.0,Rural Village,No support,0.0,0.0,0.0,0.0,0.0,0,0,0,0,0,1,1,Second,,University Residence,Self Catering,1.0,1.0,Greater than 30km,University bus service,Between 1 and 2 hours,2,NSFAS,NSFAS,NSFAS,1.0,1.0,Unemployed and looking for work,Unemployed and looking for work
,,,,,Phateng Secondary School,English,0.0,0.0,Second,No fee-paying school,Between 31 and 40,Township,5,5,Walking,0.0,1.0,School based feeding programme,Bachelor,2,0.0,Township,No support,0.0,0.0,1.0,0.0,0.0,1,1,1,0,1,1,1,First,Passion,University Residence,Self Catering,1.0,1.0,Greater than 30km,University bus service,Between 31 minutes and an hour,2,NSFAS,NSFAS,NSFAS,1.0,1.0,,
,,,,,Mohaladitwe secondary School ,English,1.0,0.0,First,No fee-paying school,Between 20 and 30,Public,10,11,Walking,0.0,1.0,School based feeding programme,Bachelor,3,1.0,Township,"Guardian e.g., grandparent, uncle, siblings etc..",1.0,1.0,0.0,1.0,6.0,1,0,1,0,1,1,1,Second,The desire to make a difference,University Residence,Self Catering,1.0,1.0,Less than 5km,University bus service,Between 31 minutes and an hour,1,NSFAS,NSFAS,NSFAS,1.0,1.0,,
,,,,,Lekentle ,Sepedi,0.0,1.0,Second,No fee-paying school,Between 41 and 60,Rural Village,5,4,Walking,0.0,0.0,School based feeding programme,Bachelor,2,0.0,Rural Village,"Guardian e.g., grandparent, uncle, siblings etc..",0.0,0.0,0.0,0.0,0.0,1,0,0,0,0,1,1,First,Role Models,University Residence,Self Catering,1.0,0.0,Less than 5km,Walking,Between 31 minutes and an hour,2,NSFAS,NSFAS,NSFAS,1.0,1.0,,
,,,,,Loalane High School,English,1.0,0.0,Second,No fee-paying school,Between 41 and 60,Rural Village,5,5,Walking,0.0,0.0,School based feeding programme,School leaving,3,0.0,Rural Village,Single Parent,1.0,1.0,0.0,0.0,0.0,1,1,0,0,1,1,1,First,The desire to make a difference,University Residence,Self Catering,1.0,1.0,Between 20km and 30km,University bus service,Between 1 and 2 hours,1,NSFAS,NSFAS,NSFAS,1.0,1.0,,Employed and earning salary/wages
,,,,,Dynamique Private High School,English,1.0,1.0,Second,Parents or guardians,Between 61 and 80,Private school,9,7,Walking,0.0,1.0,Parents provided lunch money,Bachelor,5,1.0,Rural Village,Both Parents,0.0,0.0,0.0,0.0,0.0,1,1,1,0,1,1,1,Third,The desire to make a difference,University Residence,Self Catering,0.0,0.0,Between 6km and 9km,Walking,,1,Parent/Parents,Parent/Parents,"Guardian e.g., grandparent, uncle, siblings etc.",0.0,0.0,Employed and earning salary/wages,Out of work but not currently looking for work
,,,,,Kwandebele science school ,IsiNdebele,1.0,1.0,Second,No fee-paying school,Between 41 and 60,Public,10,9,Walking,0.0,0.0,School based feeding programme,Bachelor,2,1.0,Township,Single Parent,0.0,0.0,0.0,0.0,0.0,1,1,0,0,1,1,1,Second,The desire to make a difference,University Residence,Catered,1.0,0.0,Between 6km and 9km,Walking,Between 31 minutes and an hour,1,NSFAS,NSFAS,NSFAS,1.0,1.0,,Unemployed and receiving social grant
,,,,,Woodlands international college,English,0.0,0.0,First,Parents or guardians,Less than 20,Suburb/City/Town,12,8,Dropped off by parent or relative,1.0,0.0,Parents provided lunch money,School leaving,6,1.0,Suburb/City/Town,Both Parents,0.0,0.0,0.0,0.0,0.0,0,0,1,0,0,0,1,First,Family,Private,Self Catering,1.0,1.0,Between 10km and 14km,Own automobile/car,less than 30 minutes,3,Parent/Parents,Parent/Parents,"Spouse/Partner e.g., wife, boyfriend etc.",,,Unable to work/disabled and receiving a disability grant,Employed and earning salary/wages
,,,,,Mphela a Marumo secondary ,English,1.0,0.0,Second,No fee-paying school,Between 41 and 60,Rural Village,7,6,Public Transport,0.0,0.0,Parents provided lunch money,Bachelor,5,1.0,Rural Village,Both Parents,0.0,0.0,0.0,0.0,0.0,0,0,0,0,0,0,1,First,The desire to make a difference,University Residence,Self Catering,1.0,0.0,Between 20km and 30km,University bus service,Between 31 minutes and an hour,2,Parent/Parents,Parent/Parents,"Guardian e.g., grandparent, uncle, siblings etc.",,,Employed and earning salary/wages,Employed and earning salary/wages
,,,,,Kwamhlanga secondary school ,IsiNdebele,1.0,1.0,,No fee-paying school,Between 41 and 60,Township,10,10,Walking,0.0,0.0,School based feeding programme,Bachelor,5,1.0,Township,Single Parent,0.0,0.0,0.0,0.0,0.0,1,0,1,0,1,0,1,First,Passion,Accommodation,,1.0,1.0,Between 15km and 19km,University bus service,Between 31 minutes and an hour,2,NSFAS,NSFAS,NSFAS,1.0,1.0,,
,,,,,Makgoka high school ,Sepedi,1.0,1.0,Second,No fee-paying school,Greater than 80,Rural Village,11,9,Boarding school,1.0,0.0,School based feeding programme,School leaving,4,1.0,Rural Village,Both Parents,0.0,0.0,0.0,0.0,0.0,1,0,0,0,0,1,1,First,The desire to make a difference,University Residence,Self Catering,1.0,1.0,Less than 5km,Walking,less than 30 minutes,1,NSFAS,NSFAS,NSFAS,1.0,0.0,,
,,,,,Central Secondary School,English,1.0,0.0,Second,No fee-paying school,Between 41 and 60,Township,8,7,Walking,0.0,0.0,Parents provided lunch money,Bachelor,4,1.0,Township,Both Parents,0.0,0.0,0.0,0.0,0.0,1,1,0,0,0,0,1,First,Role Models,Home,,1.0,0.0,Between 6km and 9km,Public transport,Between 31 minutes and an hour,2,Parent/Parents,,,,,Employed and earning salary/wages,
,,,,,Reasoma Secondary School,IsiZulu,1.0,1.0,Second,No fee-paying school,Between 31 and 40,Suburb/City/Town,11,9,Walking,1.0,1.0,School based feeding programme,School leaving,3,1.0,Township,Single Parent,0.0,0.0,0.0,1.0,5.0,1,1,1,0,1,1,1,First,Passion,University Residence,Self Catering,1.0,,,University bus service,Between 31 minutes and an hour,3,NSFAS,NSFAS,NSFAS,1.0,1.0,,
,,,,,Dendron Second ,Sepedi,1.0,1.0,Second,No fee-paying school,Between 61 and 80,Rural Village,12,11,Walking,0.0,1.0,School based feeding programme,Bachelor,4,1.0,Rural Village,Both Parents,0.0,0.0,0.0,0.0,0.0,1,1,0,0,1,0,1,First,The desire to make a difference,University Residence,Self Catering,1.0,1.0,Greater than 30km,University bus service,Between 1 and 2 hours,2,Funding arrangements not analyzed (if none of the above options apply),Funding arrangements not finalized (if none of the above options apply),Funding arrangements not finalized (if none of the above options apply),,0.0,,Employed and earning salary/wages
,,,,,Rantobeng secondary school ,English,1.0,0.0,Second,No fee-paying school,Between 41 and 60,Rural Village,5,5,Public Transport,0.0,0.0,Three meals a day,Bachelor,1,1.0,Rural Village,Both Parents,1.0,1.0,0.0,0.0,0.0,0,0,0,0,0,1,1,First,Other,University Residence,Self Catering,1.0,1.0,Between 20km and 30km,University bus service,Between 31 minutes and an hour,1,NSFAS,NSFAS,NSFAS,1.0,1.0,Employed and earning salary/wages,Employed and earning salary/wages
,,,,,KwaNdebele Science school ,IsiNdebele,1.0,1.0,First,No fee-paying school,Greater than 80,Suburb/City/Town,8,7,Walking,0.0,1.0,School based feeding programme,Bachelor,2,0.0,Suburb/City/Town,Single Parent,0.0,0.0,0.0,1.0,5.0,1,1,0,0,1,0,1,First,Passion,University Residence,Self Catering,1.0,1.0,Between 20km and 30km,University bus service,Between 31 minutes and an hour,1,Funding arrangements not analyzed (if none of the above options apply),Funding arrangements not finalized (if none of the above options apply),"Guardian e.g., grandparent, uncle, siblings etc.",0.0,0.0,A student,Employed and earning salary/wages
,,,,,Sefako makgatho health science university ,English,1.0,0.0,Second,No fee-paying school,Between 20 and 30,Rural Village,8,8,Walking,0.0,0.0,School based feeding programme,Bachelor,2,0.0,Rural Village,Both Parents,1.0,3.0,0.0,0.0,0.0,1,0,1,0,0,1,1,Second,Job Security,University Residence,,1.0,1.0,Less than 5km,Walking,less than 30 minutes,1,NSFAS,NSFAS,NSFAS,1.0,1.0,,Unemployed and looking for work
,,,,,Ebenezer secondary school,Sepedi,1.0,1.0,Second,Parents or guardians,Between 31 and 40,Township,8,6,Walking,0.0,0.0,School based feeding programme,Bachelor,3,0.0,Township,Both Parents,0.0,0.0,0.0,0.0,0.0,1,0,0,0,0,0,1,First,The desire to make a difference,University Residence,Self Catering,1.0,1.0,Between 20km and 30km,University bus service,Between 31 minutes and an hour,2,NSFAS,NSFAS,NSFAS,1.0,1.0,,
,,,,,Leruleng Secondary school ,Sepedi,1.0,1.0,First,No fee-paying school,Greater than 80,Rural Village,8,9,Walking,1.0,1.0,School based feeding programme,Bachelor,4,0.0,Rural Village,Both Parents,0.0,0.0,0.0,0.0,0.0,1,1,0,0,1,0,1,First,The desire to make a difference,Private,Self Catering,1.0,1.0,Greater than 30km,University bus service,Between 31 minutes and an hour,2,"Loans e.g., bank, Edu loan etc.","Loans e.g., bank, Edu","Guardian e.g., grandparent, uncle, siblings etc.",,1.0,Employed and earning salary/wages,Domestic servant or unskilled labour
,,,,,Tshiitwa secondary school ,Tshivenda,1.0,1.0,First,"Bursary e.g., Sasol, Eskom etc.",Between 41 and 60,Rural Village,7,10,Walking,0.0,0.0,School based feeding programme,Bachelor,3,1.0,Rural Village,Both Parents,1.0,2.0,0.0,1.0,5.0,1,0,0,0,0,0,1,First,Role Models,University Residence,Self Catering,1.0,,Less than 5km,Walking,Between 31 minutes and an hour,1,NSFAS,NSFAS,NSFAS,1.0,1.0,,
,,,,,Valencia Combined School,English,1.0,0.0,First,Parents or guardians,Between 31 and 40,Suburb/City/Town,9,7,Dropped off by parent or relative,,1.0,Parents provided lunch money,Bachelor,5,1.0,Suburb/City/Town,Both Parents,0.0,0.0,0.0,0.0,0.0,1,1,1,0,1,1,1,First,Passion,Accommodation,Self Catering,1.0,1.0,Between 20km and 30km,University bus service,Between 31 minutes and an hour,1,NSFAS,NSFAS,NSFAS,1.0,1.0,,
,,,,,Makhosini combined secondary school ,English,1.0,0.0,First,No fee-paying school,Between 31 and 40,Township,7,6,Walking,0.0,0.0,School based feeding programme,Bachelor,5,1.0,Township,Single Parent,0.0,0.0,0.0,1.0,6.0,1,0,1,0,0,1,1,Second,Passion,Accommodation,Self Catering,1.0,1.0,Between 20km and 30km,University bus service,Between 31 minutes and an hour,2,NSFAS,NSFAS,NSFAS,1.0,1.0,,
,,,,,Ligbron Academy of Technology ,English,0.0,0.0,Second,"Parents or guardians, Bursary e.g., Sasol, Eskom etc., Bank loan",Between 31 and 40,Suburb/City/Town,11,9,Dropped off by parent or relative,1.0,1.0,Parents provided lunch money,Bachelor,6,1.0,Suburb/City/Town,Both Parents,0.0,0.0,0.0,1.0,6.0,1,1,0,0,1,1,1,Third,Passion,University Residence,Self Catering,1.0,,Greater than 30km,University bus service,Between 1 and 2 hours,2,Funding arrangements not analyzed (if none of the above options apply),Funding arrangements not finalized (if none of the above options apply),Funding arrangements not finalized (if none of the above options apply),,,,Employed and earning salary/wages
,,,,,Tipfuxeni Secondary School,Setswana,1.0,1.0,Second,No fee-paying school,Between 20 and 30,Rural Village,7,6,Walking,1.0,1.0,School based feeding programme,Bachelor,2,0.0,Rural Village,Both Parents,0.0,0.0,1.0,1.0,6.0,0,0,1,0,0,1,1,First,Passion,University Residence,Self Catering,1.0,1.0,Greater than 30km,University bus service,Between 1 and 2 hours,2,NSFAS,NSFAS,NSFAS,1.0,1.0,,
,,,,,Phateng secondary school ,Sepedi,1.0,1.0,Second,No fee-paying school,Between 31 and 40,Public,6,4,Public Transport,1.0,0.0,School based feeding programme,Bachelor,4,1.0,Suburb/City/Town,"Guardian e.g., grandparent, uncle, siblings etc..",0.0,0.0,0.0,0.0,0.0,1,0,0,0,1,1,1,Third,Passion,University Residence,Self Catering,0.0,1.0,Between 10km and 14km,University bus service,less than 30 minutes,1,NSFAS,NSFAS,NSFAS,1.0,1.0,Unemployed and looking for work,
,,,,,Mdladla High School ,IsiZulu,1.0,1.0,First,No fee-paying school,Between 31 and 40,Rural Village,2,2,Walking,0.0,1.0,School based feeding programme,Bachelor,1,0.0,Rural Village,Single Parent,0.0,0.0,0.0,0.0,0.0,1,0,0,0,1,1,1,Second,Passion,University Residence,Self Catering,1.0,1.0,Between 6km and 9km,University bus service,Between 31 minutes and an hour,1,NSFAS,NSFAS,NSFAS,1.0,1.0,A student,Domestic servant or unskilled labour
,,,,,Ngwanamatlang Secondary school ,Sepedi,1.0,1.0,First,No fee-paying school,Greater than 80,Public,7,3,Walking,0.0,0.0,School based feeding programme,Bachelor,0,0.0,Rural Village,Single Parent,1.0,2.0,0.0,0.0,0.0,1,1,0,0,1,0,1,,The desire to make a difference,University Residence,Self Catering,1.0,1.0,Less than 5km,Walking,less than 30 minutes,1,NSFAS,NSFAS,NSFAS,1.0,1.0,,
,,,,,Suikerland Secondary School ,English,1.0,1.0,Second,Self-funded,Between 41 and 60,Farm,8,10,Public Transport,0.0,0.0,Parents provided lunch box.,Bachelor,5,1.0,Township,Both Parents,0.0,0.0,0.0,0.0,0.0,1,0,0,0,0,0,1,Second,The desire to make a difference,University Residence,Self Catering,1.0,1.0,Greater than 30km,University bus service,Between 1 and 2 hours,1,Parent/Parents,Parent/Parents,Paying for myself,,,Employed and earning salary/wages,Domestic servant or unskilled labour
,,,,,Mogobosheng secondary school,Sesotho,1.0,1.0,Second,No fee-paying school,Between 20 and 30,Rural Village,7,7,Public Transport,0.0,0.0,Two meals a day,Bachelor,3,1.0,Rural Village,"Guardian e.g., grandparent, uncle, siblings etc..",0.0,0.0,0.0,1.0,11.0,0,0,1,0,0,0,1,Third,The desire to make a difference,University Residence,Catered,1.0,1.0,Less than 5km,Walking,less than 30 minutes,1,NSFAS,NSFAS,NSFAS,1.0,1.0,,Retired with retirement annuity income
,,,,,Ebenezer Nyathi s.s.s,English,1.0,1.0,Second,Parents or guardians,Between 41 and 60,Rural Village,9,8,Boarding school,0.0,0.0,School based feeding programme,Bachelor,3,1.0,Rural Village,Single Parent,1.0,3.0,0.0,0.0,0.0,1,1,1,0,0,1,1,,Teachers,University Residence,Self Catering,1.0,1.0,Between 6km and 9km,University bus service,Between 31 minutes and an hour,1,NSFAS,NSFAS,NSFAS,1.0,1.0,,
,,,,,Nkwangulatilo Education centre ,Xitsonga,1.0,1.0,Second,Parents or guardians,Greater than 80,Private school,9,7,Scholar transport (Rural learners),1.0,0.0,Parents provided lunch money,Bachelor,3,1.0,Rural Village,Both Parents,0.0,0.0,0.0,0.0,0.0,0,1,0,0,0,0,1,First,The desire to make a difference,University Residence,Self Catering,1.0,1.0,Between 20km and 30km,University bus service,Between 31 minutes and an hour,1,Parent/Parents,Parent/Parents,Paying for myself,0.0,0.0,Self-employed,
,,,,,Makgwading sec school,English,1.0,1.0,First,No fee-paying school,Between 41 and 60,Rural Village,7,4,Walking,0.0,1.0,Community based/NGO feeding programme,Bachelor,4,1.0,Rural Village,Both Parents,0.0,0.0,0.0,0.0,0.0,1,1,0,0,1,1,1,Third,Passion,University Residence,Catered,1.0,1.0,Less than 5km,Walking,less than 30 minutes,3,NSFAS,NSFAS,NSFAS,1.0,1.0,,Unemployed and looking for work
,,,,,Mphele secondary ,English,1.0,1.0,Second,No fee-paying school,Between 31 and 40,Rural Village,4,3,Walking,0.0,0.0,School based feeding programme,Bachelor,1,0.0,Rural Village,Single Parent,0.0,0.0,0.0,0.0,0.0,1,1,1,0,1,0,1,First,Other,University Residence,Self Catering,1.0,1.0,Between 6km and 9km,Walking,Between 31 minutes and an hour,1,NSFAS,NSFAS,NSFAS,1.0,1.0,,
,,,,,Kgahlanong secondary ,Sepedi,1.0,1.0,Second,No fee-paying school,Between 41 and 60,Public,11,9,Walking,0.0,0.0,School based feeding programme,Bachelor,2,1.0,Rural Village,Both Parents,0.0,0.0,0.0,0.0,0.0,1,1,1,0,1,1,1,First,The desire to make a difference,University Residence,Self Catering,1.0,1.0,Between 6km and 9km,Walking,Between 31 minutes and an hour,1,NSFAS,NSFAS,NSFAS,1.0,1.0,Employed and earning salary/wages,
,,,,,Ligbron Academy of Technology ,English,0.0,1.0,First,Parents or guardians,Between 20 and 30,Suburb/City/Town,11,8,Dropped off by parent or relative,0.0,0.0,Parents provided lunch money,Bachelor,6,0.0,Suburb/City/Town,Single Parent,0.0,0.0,0.0,0.0,0.0,1,1,1,0,1,1,1,Second,Passion,University Residence,Self Catering,1.0,0.0,Between 6km and 9km,Walking,Between 31 minutes and an hour,2,Parent/Parents,Parent/Parents,Funding arrangements not finalized (if none of the above options apply),,,,Employed and earning salary/wages
,,,,,Soshanguve South Secondary School ,English,1.0,0.0,First,No fee-paying school,Between 20 and 30,Public,8,5,School Bus,1.0,0.0,School based feeding programme,Bachelor,3,0.0,Suburb/City/Town,Both Parents,0.0,0.0,0.0,0.0,0.0,1,1,0,0,1,1,1,First,Other,University Residence,Self Catering,1.0,1.0,Greater than 30km,University bus service,Between 31 minutes and an hour,1,NSFAS,NSFAS,NSFAS,1.0,1.0,,
,,,,,Princess high school ,English,0.0,0.0,Third,Parents or guardians,Between 31 and 40,Township,5,3,Public Transport,0.0,0.0,Parents provided lunch box.,Bachelor,3,1.0,Township,Both Parents,0.0,0.0,0.0,0.0,0.0,1,1,0,0,1,1,1,First,Job Security,University Residence,Self Catering,1.0,1.0,Greater than 30km,University bus service,Between 1 and 2 hours,1,NSFAS,NSFAS,NSFAS,1.0,1.0,,
,,,,,Central secondary school,Setswana,0.0,1.0,Third,No fee-paying school,Between 31 and 40,Township,5,6,School Bus,0.0,0.0,School based feeding programme,Bachelor,3,0.0,Township,No support,1.0,,0.0,0.0,0.0,0,1,1,0,0,1,1,First,Other,University Residence,Self Catering,1.0,0.0,Less than 5km,Walking,less than 30 minutes,1,NSFAS,NSFAS,NSFAS,1.0,0.0,,
,,,,,Southcity Christian School,English,0.0,1.0,Second,Parents or guardians,Less than 20,Private school,10,10,Dropped off by parent or relative,0.0,0.0,Parents provided lunch box.,Bachelor,5,0.0,Suburb/City/Town,Both Parents,0.0,0.0,0.0,1.0,6.0,1,1,1,0,1,1,1,First,Passion,University Residence,Self Catering,1.0,0.0,Greater than 30km,University bus service,Between 1 and 2 hours,2,Parent/Parents,Parent/Parents,"Spouse/Partner e.g., wife, boyfriend etc.",0.0,0.0,Employed and earning salary/wages,Unemployed and looking for work
,,,,,King Zwelethini High School ,IsiZulu,1.0,1.0,Second,"Parents or guardians, No fee-paying school",Greater than 80,Township,11,9,Scholar transport (Rural learners),0.0,0.0,Parents provided lunch money,School leaving,4,0.0,Rural Village,Both Parents,0.0,0.0,0.0,1.0,5.0,1,0,0,0,0,0,1,First,The desire to make a difference,University Residence,Self Catering,1.0,0.0,Less than 5km,Walking,less than 30 minutes,2,NSFAS,NSFAS,NSFAS,1.0,1.0,,
,,,,,Selebalo secondary school ,Sepedi,1.0,1.0,Second,No fee-paying school,Between 61 and 80,Rural Village,6,6,Walking,0.0,0.0,School based feeding programme,Bachelor,2,1.0,Rural Village,Both Parents,0.0,0.0,0.0,1.0,5.0,1,1,1,0,0,1,1,First,The desire to make a difference,University Residence,Self Catering,1.0,1.0,Greater than 30km,University bus service,Between 1 and 2 hours,1,NSFAS,NSFAS,NSFAS,1.0,0.0,,
,,,,,Highveld Secondary School ,SiSwati,1.0,1.0,Second,Parents or guardians,Between 31 and 40,Rural Village,11,10,Scholar transport (Rural learners),1.0,0.0,School based feeding programme,Bachelor,4,1.0,Rural Village,Single Parent,1.0,1.0,0.0,1.0,5.0,1,1,1,0,1,1,1,Second,Teachers,University Residence,Self Catering,1.0,1.0,Between 20km and 30km,University bus service,Between 31 minutes and an hour,2,Funding arrangements not analyzed (if none of the above options apply),Funding arrangements not finalized (if none of the above options apply),Funding arrangements not finalized (if none of the above options apply),1.0,0.0,,Employed and earning salary/wages
,,,,,LITSHOVHU secondary school ,English,1.0,0.0,Second,Parents or guardians,Between 41 and 60,Rural Village,6,4,Walking,0.0,0.0,One meal a day at home,Bachelor,5,0.0,Suburb/City/Town,"Spouse/Partner e.g. wife, boyfriend etc.",1.0,4.0,0.0,0.0,0.0,1,1,0,0,0,1,1,First,Other,Home,,,1.0,Greater than 30km,Own automobile/car,Between 1 and 2 hours,2,"Spouse/Partner e.g., wife, boyfriend etc.",,"Spouse/Partner e.g., wife, boyfriend etc.",,,,
,,,,,Mananye Secondary school ,English,1.0,0.0,Second,No fee-paying school,Less than 20,Rural Village,10,9,Walking,0.0,0.0,School based feeding programme,Bachelor,3,0.0,Rural Village,Both Parents,0.0,0.0,0.0,0.0,0.0,1,0,1,0,1,1,1,First,Teachers,University Residence,Catered,1.0,,Between 20km and 30km,University bus service,Between 31 minutes and an hour,2,NSFAS,NSFAS,NSFAS,1.0,1.0,,
,,,,,Ngali Secondary School,IsiZulu,1.0,1.0,Second,No fee-paying school,Between 20 and 30,Rural Village,10,9,Walking,1.0,0.0,School based feeding programme,Bachelor,4,1.0,Rural Village,Both Parents,0.0,0.0,0.0,0.0,0.0,1,1,0,0,1,1,1,First,Passion,University Residence,Self Catering,1.0,1.0,Greater than 30km,University bus service,Between 31 minutes and an hour,1,NSFAS,NSFAS,NSFAS,1.0,1.0,,
,,,,,Grace Christian Private School,English,1.0,0.0,Second,Parents or guardians,Between 20 and 30,Township,13,10,Walking,0.0,1.0,Parents provided lunch box.,Bachelor,4,1.0,Township,Both Parents,0.0,0.0,0.0,0.0,0.0,1,1,1,0,1,1,1,First,Passion,University Residence,Self Catering,1.0,1.0,Greater than 30km,University bus service,Between 31 minutes and an hour,2,NSFAS,NSFAS,NSFAS,1.0,1.0,,
,,,,,Ngale Secondary School,Sepedi,1.0,1.0,First,No fee-paying school,Between 61 and 80,Public,6,6,School Bus,0.0,0.0,School based feeding programme,Bachelor,2,0.0,Rural Village,"Guardian e.g., grandparent, uncle, siblings etc..",0.0,0.0,0.0,0.0,0.0,1,0,1,0,1,1,1,First,Other,University Residence,Self Catering,1.0,1.0,Less than 5km,Walking,less than 30 minutes,2,NSFAS,NSFAS,NSFAS,1.0,1.0,,
,,,,,Ebenezer Nyathi S.S.S,English,1.0,0.0,Second,Parents or guardians,Between 41 and 60,Rural Village,9,7,Public Transport,0.0,0.0,School based feeding programme,Bachelor,3,1.0,Rural Village,Single Parent,0.0,0.0,0.0,0.0,0.0,1,1,1,0,0,1,1,Second,Family,University Residence,Self Catering,1.0,,Between 6km and 9km,University bus service,Between 31 minutes and an hour,1,NSFAS,NSFAS,NSFAS,1.0,1.0,,
,,,,,Edison Nesengani Secondary School ,Tshivenda,1.0,1.0,First,Parents or guardians,Between 41 and 60,Rural Village,4,4,Walking,0.0,1.0,School based feeding programme,Bachelor,1,0.0,Rural Village,Single Parent,0.0,0.0,0.0,1.0,6.0,1,0,1,0,0,1,1,First,Passion,University Residence,Self Catering,1.0,1.0,Between 6km and 9km,University bus service,Between 31 minutes and an hour,3,NSFAS,NSFAS,NSFAS,1.0,1.0,,Domestic servant or unskilled labour
,,,,,Motlalaohle ,Sepedi,1.0,0.0,Second,No fee-paying school,Between 41 and 60,Rural Village,10,9,Walking,0.0,0.0,School based feeding programme,Bachelor,2,1.0,Rural Village,"Guardian e.g., grandparent, uncle, siblings etc..",0.0,0.0,0.0,0.0,0.0,1,1,1,0,0,1,1,First,Passion,Accommodation,Self Catering,1.0,1.0,Greater than 30km,University bus service,Between 31 minutes and an hour,1,NSFAS,NSFAS,NSFAS,1.0,1.0,Domestic servant or unskilled labour,
,,,,,Matshumane secondary school ,Sepedi,1.0,1.0,First,No fee-paying school,Between 41 and 60,Rural Village,6,7,Walking,0.0,0.0,School based feeding programme,Bachelor,2,1.0,Rural Village,Single Parent,0.0,0.0,0.0,1.0,6.0,1,0,1,0,0,1,1,First,Passion,University Residence,Self Catering,1.0,1.0,Less than 5km,Walking,Between 31 minutes and an hour,1,NSFAS,NSFAS,NSFAS,1.0,1.0,,
,,,,,Ebenezer high school ,English,1.0,1.0,Second,No fee-paying school,Greater than 80,Public,7,5,Walking,0.0,0.0,School based feeding programme,Bachelor,3,0.0,Suburb/City/Town,Both Parents,0.0,0.0,0.0,0.0,0.0,1,1,0,0,0,1,1,First,The desire to make a difference,University Residence,Self Catering,1.0,0.0,Between 6km and 9km,Walking,Between 31 minutes and an hour,1,NSFAS,NSFAS,NSFAS,1.0,1.0,Employed and earning salary/wages,Employed and earning salary/wages
,,,,,Poo secondary school ,English,1.0,0.0,First,No fee-paying school,Between 41 and 60,Rural Village,8,7,Public Transport,0.0,0.0,Parents provided lunch money,Bachelor,2,0.0,Rural Village,Both Parents,0.0,0.0,,,5.0,1,0,0,0,0,1,1,First,Role Models,University Residence,,1.0,1.0,,University bus service,Between 31 minutes and an hour,2,NSFAS,NSFAS,NSFAS,1.0,1.0,Employed and earning salary/wages,Employed and earning salary/wages
,,,,,Central Secondary School ,Setswana,1.0,1.0,Second,No fee-paying school,Between 31 and 40,Township,5,3,Walking,0.0,0.0,School based feeding programme,Bachelor,4,1.0,Township,"Guardian e.g., grandparent, uncle, siblings etc..",0.0,0.0,1.0,1.0,6.0,1,1,1,0,1,1,1,First,Other,University Residence,Self Catering,1.0,1.0,Less than 5km,Walking,Between 31 minutes and an hour,1,NSFAS,NSFAS,NSFAS,1.0,1.0,Unemployed and receiving social grant,Unemployed and looking for work
,,,,,Rantobeng Secondary School,English,1.0,0.0,Second,Parents or guardians,Between 41 and 60,Rural Village,6,0,Public Transport,1.0,0.0,School based feeding programme,Bachelor,0,1.0,Rural Village,Both Parents,0.0,0.0,0.0,0.0,0.0,1,1,0,0,1,1,1,First,Other,University Residence,Self Catering,1.0,0.0,Between 15km and 19km,University bus service,Between 31 minutes and an hour,2,Parent/Parents,Parent/Parents,"Spouse/Partner e.g., wife, boyfriend etc.",0.0,0.0,Employed and earning salary/wages,Employed and earning salary/wages
,,,,,Kheto Nxumalo Agricultural high school ,Xitsonga,1.0,0.0,First,Government scholarship/bursary,Between 61 and 80,Rural Village,7,7,Walking,0.0,0.0,Three meals a day,Bachelor,3,1.0,Rural Village,Single Parent,1.0,1.0,0.0,0.0,0.0,1,0,0,0,0,0,1,Second,Passion,Accommodation,,1.0,1.0,Between 6km and 9km,University bus service,Between 31 minutes and an hour,1,NSFAS,NSFAS,NSFAS,1.0,1.0,,
,,,,,Hlabi secondary school ,Sepedi,1.0,1.0,First,No fee-paying school,Between 31 and 40,Rural Village,8,8,Walking,0.0,0.0,School based feeding programme,Bachelor,1,0.0,Rural Village,Single Parent,0.0,0.0,0.0,0.0,0.0,1,1,1,0,0,1,1,First,Other,University Residence,Catered,1.0,1.0,Less than 5km,Walking,less than 30 minutes,2,NSFAS,NSFAS,NSFAS,1.0,1.0,,
,,,,,St Bede's High School,Sepedi,1.0,1.0,First,No fee-paying school,Between 41 and 60,Rural Village,8,5,Public Transport,0.0,1.0,Parents provided lunch money,School leaving,4,1.0,Township,Both Parents,0.0,0.0,0.0,0.0,0.0,1,1,0,0,0,0,1,First,Passion,University Residence,Self Catering,0.0,1.0,Less than 5km,Walking,less than 30 minutes,3,"Bursary e.g., Eskom, Sasol etc.","Bursary e.g., Eskom, Sasol etc","Bursary e.g., Eskom, Sasol etc.",,,,
,,,,,Mafumani secondary ,Xitsonga,1.0,0.0,First,No fee-paying school,Between 41 and 60,Rural Village,7,7,Walking,1.0,1.0,School based feeding programme,Bachelor,1,1.0,Rural Village,Both Parents,0.0,0.0,0.0,0.0,0.0,1,0,1,0,1,1,1,First,Role Models,University Residence,Self Catering,1.0,0.0,Less than 5km,Walking,less than 30 minutes,1,NSFAS,NSFAS,NSFAS,1.0,1.0,,
,,,,,St Jude's Private school,English,1.0,0.0,Second,Parents or guardians,Between 20 and 30,Suburb/City/Town,4,4,Public Transport,1.0,0.0,Parents provided lunch money,Bachelor,2,1.0,Suburb/City/Town,No support,1.0,1.0,0.0,0.0,0.0,1,1,0,0,1,1,1,First,The desire to make a difference,University Residence,Self Catering,1.0,1.0,Greater than 30km,University bus service,Between 31 minutes and an hour,1,NSFAS,NSFAS,NSFAS,1.0,1.0,,
,,,,,Rephafogile Secondary School ,English,1.0,1.0,Second,No fee-paying school,Between 41 and 60,Public,8,6,Walking,1.0,0.0,School based feeding programme,Bachelor,2,1.0,Township,Both Parents,0.0,0.0,0.0,0.0,0.0,0,1,0,0,0,0,1,First,Passion,University Residence,Self Catering,1.0,0.0,Between 6km and 9km,Walking,less than 30 minutes,1,Funding arrangements not analyzed (if none of the above options apply),Funding arrangements not finalized (if none of the above options apply),Funding arrangements not finalized (if none of the above options apply),,,,
,,,,,Mashooro High school ,English,1.0,0.0,First,No fee-paying school,Greater than 80,Rural Village,3,2,Walking,0.0,0.0,School based feeding programme,Bachelor,1,0.0,Rural Village,Single Parent,0.0,0.0,0.0,0.0,0.0,1,1,1,0,0,0,1,First,The desire to make a difference,Accommodation,Self Catering,1.0,1.0,Between 10km and 14km,University bus service,Between 1 and 2 hours,1,NSFAS,NSFAS,NSFAS,1.0,1.0,,Employed and earning salary/wages
,,,,,Reivilo High School ,English,1.0,1.0,First,No fee-paying school,Between 41 and 60,Suburb/City/Town,13,13,Walking,1.0,1.0,Community based/NGO feeding programme,Bachelor,5,1.0,Suburb/City/Town,Both Parents,0.0,0.0,0.0,1.0,5.0,1,1,1,0,1,1,1,Second,Family,University Residence,Self Catering,1.0,0.0,,University bus service,Between 31 minutes and an hour,2,Parent/Parents,Parent/Parents,"Guardian e.g., grandparent, uncle, siblings etc.",1.0,0.0,Employed and earning salary/wages,Employed and earning salary/wages
,,,,,Mathew phosa secondary school ,Sepedi,1.0,1.0,First,No fee-paying school,Between 41 and 60,Public,10,6,Boarding school,0.0,,School based feeding programme,Bachelor,2,1.0,Rural Village,Family friend/Friend,0.0,0.0,0.0,1.0,11.0,0,1,0,0,1,0,1,First,The desire to make a difference,University Residence,Self Catering,1.0,1.0,,University bus service,Between 31 minutes and an hour,1,NSFAS,NSFAS,NSFAS,1.0,1.0,,Unable to work/disabled and not receiving a disability grant
,,,,,Curro Acadamy ,English,0.0,0.0,Second,Trust fund,Between 20 and 30,Suburb/City/Town,12,10,School Bus,1.0,0.0,Parents provided lunch box.,Bachelor,2,1.0,Informal settlement,"Guardian e.g., grandparent, uncle, siblings etc..",0.0,0.0,0.0,0.0,0.0,1,1,1,0,1,1,1,First,Passion,University Residence,Self Catering,1.0,1.0,Between 15km and 19km,University bus service,Between 31 minutes and an hour,1,NSFAS,NSFAS,NSFAS,1.0,1.0,,
,,,,,Hoërskool Voortrekkerhoogte ,English,1.0,0.0,First,Government scholarship/bursary,Between 20 and 30,Suburb/City/Town,11,11,Public Transport,1.0,0.0,Parents provided lunch box.,Bachelor,4,1.0,Township,Both Parents,0.0,0.0,0.0,0.0,0.0,1,1,1,0,1,1,1,Third,Passion,University Residence,Self Catering,0.0,1.0,Between 20km and 30km,University bus service,Between 31 minutes and an hour,2,NSFAS,NSFAS,NSFAS,1.0,1.0,,
,,,,,Tshweni secondary school ,English,1.0,0.0,Second,"Bursary e.g., Sasol, Eskom etc.",Between 41 and 60,Rural Village,11,10,Walking,1.0,1.0,School based feeding programme,Bachelor,3,0.0,Rural Village,Both Parents,0.0,0.0,0.0,1.0,5.0,1,1,1,0,1,1,1,First,Job Security,University Residence,Self Catering,1.0,1.0,Greater than 30km,Own automobile/car,Between 1 and 2 hours,1,NSFAS,NSFAS,NSFAS,1.0,1.0,,Employed and earning salary/wages
,,,,,Batswana Commercial Secondary School ,English,1.0,0.0,First,Government scholarship/bursary,Between 31 and 40,Private school,5,2,Boarding school,0.0,0.0,Three meals a day,Bachelor,6,0.0,Township,"Guardian e.g., grandparent, uncle, siblings etc..",1.0,1.0,0.0,1.0,5.0,0,0,0,0,0,1,1,First,Passion,University Residence,Catered,1.0,1.0,Between 15km and 19km,University bus service,Between 31 minutes and an hour,2,Government scholarship/bursary,Government scholarship/bursary,Government scholarship/bursary,,,,
,,,,,Mosupatsela Secondary School,Setswana,1.0,1.0,Second,No fee-paying school,Between 31 and 40,Township,11,11,School Bus,1.0,0.0,School based feeding programme,Bachelor,3,1.0,Township,Both Parents,0.0,0.0,0.0,0.0,0.0,1,0,1,0,1,1,1,First,The desire to make a difference,University Residence,Self Catering,1.0,1.0,Greater than 30km,University bus service,Between 31 minutes and an hour,1,NSFAS,NSFAS,NSFAS,1.0,1.0,,
,,,,,Hammanskraal Secondary School ,English,1.0,1.0,First,No fee-paying school,Between 31 and 40,Public,5,5,School Bus,1.0,0.0,School based feeding programme,Bachelor,4,1.0,Township,Single Parent,0.0,0.0,0.0,0.0,0.0,1,1,1,0,1,0,1,First,The desire to make a difference,University Residence,Self Catering,1.0,1.0,Greater than 30km,University bus service,Between 31 minutes and an hour,2,NSFAS,NSFAS,NSFAS,1.0,0.0,,
,,,,,Nakgwadi secondary school ,Sepedi,1.0,0.0,First,No fee-paying school,Greater than 80,Rural Village,10,8,Dropped off by parent or relative,0.0,0.0,Community based/NGO feeding programme,Bachelor,2,1.0,Rural Village,Single Parent,1.0,2.0,0.0,0.0,0.0,1,1,1,0,1,1,1,First,The desire to make a difference,University Residence,Self Catering,1.0,0.0,Greater than 30km,University bus service,Between 31 minutes and an hour,1,NSFAS,NSFAS,NSFAS,1.0,1.0,,
,,,,,Diepsloot Secondary no. 3,English,1.0,1.0,Second,No fee-paying school,Between 31 and 40,Township,7,5,Walking,0.0,0.0,School based feeding programme,Bachelor,1,1.0,Township,Both Parents,0.0,0.0,0.0,1.0,5.0,0,0,0,0,0,0,1,Second,Family,Accommodation,,,1.0,Between 10km and 14km,University bus service,Between 1 and 2 hours,1,NSFAS,NSFAS,NSFAS,1.0,1.0,,
,,,,,Simtfolile secondary ,SiSwati,1.0,0.0,First,No fee-paying school,Between 41 and 60,Rural Village,11,9,Walking,1.0,1.0,School based feeding programme,Bachelor,5,1.0,Rural Village,Single Parent,0.0,0.0,0.0,0.0,0.0,1,0,0,0,1,0,1,First,Passion,University Residence,Self Catering,1.0,1.0,Greater than 30km,University bus service,Between 31 minutes and an hour,2,NSFAS,NSFAS,NSFAS,1.0,1.0,,
,,,,,Evander High School,English,0.0,0.0,Second,Parents or guardians,Between 31 and 40,Suburb/City/Town,9,9,Walking,0.0,1.0,Three meals a day,Bachelor,3,0.0,Suburb/City/Town,"Guardian e.g., grandparent, uncle, siblings etc..",0.0,0.0,0.0,0.0,0.0,1,1,1,0,0,0,1,First,Other,University Residence,Self Catering,1.0,,Less than 5km,Walking,less than 30 minutes,1,"Bursary e.g., Eskom, Sasol etc.","Bursary e.g., Eskom, Sasol etc","Guardian e.g., grandparent, uncle, siblings etc.",,,,Unemployed and looking for work
,,,,,Tshwane muslim school ,English,0.0,1.0,First,Parents or guardians,Between 20 and 30,Suburb/City/Town,12,10,Lift club,0.0,0.0,Parents provided lunch box.,Bachelor,5,1.0,Suburb/City/Town,Both Parents,0.0,0.0,0.0,0.0,0.0,1,1,1,0,0,0,1,Second,Passion,Home,,,0.0,Greater than 30km,Lift club,Between 1 and 2 hours,1,"Bursary e.g., Eskom, Sasol etc.",,"Guardian e.g., grandparent, uncle, siblings etc.",,,Employed and earning salary/wages,Employed and earning salary/wages
,,,,,Panorama Combined School ,IsiZulu,1.0,0.0,Second,Parents or guardians,Between 31 and 40,Public,6,6,Public Transport,0.0,0.0,Parents provided lunch box.,School leaving,2,1.0,Suburb/City/Town,Single Parent,0.0,0.0,0.0,0.0,0.0,1,1,1,0,0,0,1,First,Passion,University Residence,Self Catering,1.0,,Greater than 30km,University bus service,Between 31 minutes and an hour,2,NSFAS,NSFAS,NSFAS,1.0,0.0,,Employed and earning salary/wages
,,,,,Kgatoentle Secondary school ,Setswana,1.0,1.0,Second,Government scholarship/bursary,Between 31 and 40,Township,8,7,Walking,0.0,0.0,Parents provided lunch money,Bachelor,3,0.0,Township,"Guardian e.g., grandparent, uncle, siblings etc..",0.0,0.0,0.0,0.0,0.0,1,1,1,0,1,1,1,Third,Passion,University Residence,Self Catering,1.0,1.0,Between 20km and 30km,University bus service,Between 31 minutes and an hour,1,NSFAS,NSFAS,NSFAS,1.0,1.0,,
,,,,,Sappho secondary school ,Sesotho,0.0,1.0,First,No fee-paying school,Between 41 and 60,Township,8,8,Walking,0.0,0.0,School based feeding programme,Bachelor,4,0.0,Township,Both Parents,1.0,1.0,0.0,0.0,0.0,1,1,0,0,1,0,1,First,Family,University Residence,Self Catering,1.0,,Less than 5km,Walking,Between 31 minutes and an hour,2,NSFAS,NSFAS,NSFAS,1.0,1.0,,
,,,,,Lamula jubilee secondary ,English,0.0,0.0,Second,No fee-paying school,Between 20 and 30,Township,10,8,Scholar transport (Rural learners),0.0,1.0,Parents provided lunch box.,Bachelor,5,0.0,Township,Both Parents,0.0,0.0,0.0,0.0,0.0,0,1,0,0,0,0,1,First,Passion,University Residence,Self Catering,1.0,1.0,Between 6km and 9km,University bus service,Between 31 minutes and an hour,3,"Bursary e.g., Eskom, Sasol etc.","Bursary e.g., Eskom, Sasol etc","Bursary e.g., Eskom, Sasol etc.",,,,
,,,,,Lovunywa secondary school ,SiSwati,1.0,1.0,Second,No fee-paying school,Between 31 and 40,Rural Village,6,3,Walking,0.0,0.0,School based feeding programme,Bachelor,2,0.0,Rural Village,Single Parent,0.0,0.0,0.0,0.0,0.0,1,1,1,0,1,1,1,First,The desire to make a difference,University Residence,Self Catering,1.0,1.0,Greater than 30km,University bus service,Between 1 and 2 hours,1,NSFAS,NSFAS,NSFAS,1.0,1.0,,
,,,,,Finetown Secondary School ,English,1.0,0.0,Second,No fee-paying school,Between 31 and 40,Township,5,3,Public Transport,1.0,0.0,School based feeding programme,Bachelor,3,1.0,Township,Single Parent,0.0,0.0,0.0,0.0,0.0,1,1,1,0,0,1,1,First,Other,University Residence,Self Catering,1.0,,Less than 5km,Walking,less than 30 minutes,2,NSFAS,NSFAS,NSFAS,1.0,1.0,,
,,,,,SOKISI HIGH SCHOOL,Xitsonga,1.0,1.0,First,No fee-paying school,Between 61 and 80,Rural Village,8,5,Walking,0.0,1.0,School based feeding programme,Bachelor,5,1.0,Rural Village,Both Parents,0.0,0.0,0.0,0.0,0.0,1,1,1,0,1,1,1,Second,Passion,Accommodation,Self Catering,1.0,1.0,Between 15km and 19km,University bus service,Between 1 and 2 hours,3,NSFAS,NSFAS,NSFAS,1.0,1.0,,
,,,,,Matsuokwane secondary school,Sepedi,1.0,1.0,Second,Government scholarship/bursary,Between 41 and 60,Rural Village,8,7,Walking,0.0,0.0,School based feeding programme,Bachelor,3,1.0,Rural Village,Both Parents,0.0,0.0,0.0,0.0,0.0,1,1,1,0,0,1,1,First,The desire to make a difference,University Residence,Self Catering,1.0,1.0,Between 6km and 9km,Walking,Between 31 minutes and an hour,1,NSFAS,NSFAS,NSFAS,1.0,1.0,,
,,,,,Molwetši Senior School ,Sepedi,1.0,0.0,Second,No fee-paying school,Greater than 80,Rural Village,9,7,Walking,1.0,0.0,School based feeding programme,School leaving,3,1.0,Rural Village,"Guardian e.g., grandparent, uncle, siblings etc..",0.0,0.0,0.0,1.0,15.0,1,1,1,0,1,1,1,First,Passion,University Residence,Self Catering,1.0,0.0,Greater than 30km,University bus service,Between 31 minutes and an hour,1,NSFAS,NSFAS,NSFAS,1.0,1.0,,
,,,,,Highveld secondary school ,SiSwati,1.0,1.0,First,No fee-paying school,Greater than 80,Public,7,5,Public Transport,0.0,0.0,School based feeding programme,Bachelor,2,0.0,Rural Village,Both Parents,0.0,0.0,0.0,0.0,0.0,1,0,1,0,0,1,1,Third,Other,University Residence,Self Catering,1.0,1.0,Between 20km and 30km,University bus service,Between 31 minutes and an hour,1,Funding arrangements not analyzed (if none of the above options apply),Funding arrangements not finalized (if none of the above options apply),Funding arrangements not finalized (if none of the above options apply),,,,
,,,,,Mamellong Comprehensive School ,Sepedi,1.0,0.0,First,No fee-paying school,Between 20 and 30,Township,7,5,Walking,1.0,0.0,School based feeding programme,Bachelor,2,0.0,Township,Both Parents,0.0,0.0,0.0,0.0,0.0,1,0,1,0,1,1,1,Third,Other,University Residence,,1.0,1.0,Less than 5km,Walking,less than 30 minutes,1,NSFAS,NSFAS,NSFAS,1.0,1.0,,
,,,,,Taxila Secondary School ,Sepedi,1.0,1.0,Second,Parents or guardians,Between 41 and 60,Public,10,8,Scholar transport (Rural learners),1.0,0.0,Parents provided lunch money,Bachelor,5,1.0,Township,Single Parent,1.0,1.0,0.0,1.0,6.0,1,1,1,0,1,1,1,First,The desire to make a difference,University Residence,Self Catering,1.0,0.0,Greater than 30km,University bus service,Between 1 and 2 hours,1,Parent/Parents,Parent/Parents,Paying for myself,1.0,0.0,Self-employed,
,,,,,Dendron secondary school,Sepedi,1.0,1.0,Second,No fee-paying school,Between 41 and 60,Rural Village,11,8,Walking,1.0,1.0,Community based/NGO feeding programme,Bachelor,3,0.0,Township,Family friend/Friend,0.0,0.0,0.0,0.0,0.0,1,0,1,0,0,1,1,Second,Family,University Residence,Catered,,1.0,Between 10km and 14km,University bus service,Between 31 minutes and an hour,2,NSFAS,NSFAS,NSFAS,1.0,1.0,,
,,,,,Jim Chavani High School ,Xitsonga,1.0,1.0,First,No fee-paying school,Between 61 and 80,Rural Village,7,5,Public Transport,0.0,0.0,School based feeding programme,Bachelor,3,1.0,Rural Village,Both Parents,0.0,0.0,0.0,0.0,0.0,0,1,0,0,0,0,1,First,Passion,University Residence,Self Catering,1.0,1.0,Greater than 30km,University bus service,Between 31 minutes and an hour,2,"Bursary e.g., Eskom, Sasol etc.","Bursary e.g., Eskom, Sasol etc","Bursary e.g., Eskom, Sasol etc.",,,,
,,,,,Ubuhle bolwazi secondary school ,IsiZulu,1.0,0.0,Second,Government scholarship/bursary,Between 20 and 30,Township,8,7,Scholar transport (Rural learners),0.0,0.0,School based feeding programme,Bachelor,1,0.0,Farm,Single Parent,0.0,0.0,0.0,0.0,0.0,0,1,0,0,0,0,1,First,The desire to make a difference,University Residence,Catered,1.0,0.0,Between 6km and 9km,Walking,Between 31 minutes and an hour,1,NSFAS,NSFAS,NSFAS,1.0,1.0,,
,,,,,Norkem Park High School,English,1.0,0.0,Second,Parents or guardians,Between 31 and 40,Public,10,9,Walking,1.0,1.0,Parents provided lunch box.,Bachelor,4,1.0,Township,Single Parent,0.0,0.0,0.0,0.0,0.0,1,0,1,0,0,1,1,Second,Job Security,Accommodation,Self Catering,1.0,0.0,Greater than 30km,University bus service,Between 1 and 2 hours,1,NSFAS,NSFAS,NSFAS,1.0,1.0,,Self-employed
,,,,,Vosloorus Comprehensive Secondary School,English,1.0,0.0,First,No fee-paying school,Between 20 and 30,Township,12,11,Dropped off by parent or relative,1.0,0.0,Parents provided lunch money,Bachelor,5,1.0,Township,Both Parents,0.0,0.0,0.0,0.0,0.0,0,1,0,0,0,0,1,First,Passion,University Residence,Self Catering,1.0,0.0,Between 10km and 14km,University bus service,Between 31 minutes and an hour,2,NSFAS,NSFAS,NSFAS,1.0,1.0,Self-employed,Domestic servant or unskilled labour
,,,,,Dinwiddie high school ,English,1.0,0.0,First,Parents or guardians,Between 31 and 40,Suburb/City/Town,11,9,Dropped off by parent or relative,1.0,1.0,Parents provided lunch box.,Bachelor,5,1.0,Suburb/City/Town,Both Parents,0.0,0.0,0.0,1.0,5.0,1,0,0,0,1,1,1,Third,The desire to make a difference,University Residence,Self Catering,1.0,1.0,Less than 5km,Walking,less than 30 minutes,1,Government scholarship/bursary,Government scholarship/bursary,Government scholarship/bursary,,0.0,Employed and earning salary/wages,Employed and earning salary/wages
,,,,,Hoërskool Generaal Hertzog,English,1.0,0.0,Second,"Parents or guardians, Educational or schooling insurance policy",Between 41 and 60,Township,10,7,Public Transport,1.0,1.0,Parents provided lunch box.,School leaving,4,1.0,Township,Both Parents,0.0,0.0,0.0,0.0,0.0,1,0,0,0,0,1,1,First,The desire to make a difference,University Residence,Self Catering,1.0,1.0,Between 20km and 30km,University bus service,Between 31 minutes and an hour,2,NSFAS,NSFAS,NSFAS,1.0,1.0,,
,,,,,Suikerland Secondary School ,English,0.0,0.0,Second,Parents or guardians,Between 41 and 60,Farm,9,7,School Bus,0.0,0.0,Parents provided lunch box.,Bachelor,3,1.0,Rural Village,Single Parent,0.0,0.0,0.0,0.0,0.0,1,1,1,0,1,1,1,Second,Passion,University Residence,Self Catering,1.0,0.0,Between 10km and 14km,University bus service,Between 31 minutes and an hour,2,"Loans e.g., bank, Edu loan etc.","Loans e.g., bank, Edu",Paying for myself,0.0,0.0,,Employed and earning salary/wages
,,,,,Jim Chavani High School ,Xitsonga,1.0,1.0,First,No fee-paying school,Greater than 80,Rural Village,7,6,Walking,0.0,0.0,Parents provided lunch money,Bachelor,3,1.0,Rural Village,Both Parents,0.0,0.0,0.0,1.0,5.0,1,1,1,0,0,0,1,First,The desire to make a difference,University Residence,Self Catering,0.0,1.0,Less than 5km,Walking,Between 31 minutes and an hour,1,NSFAS,NSFAS,NSFAS,0.0,1.0,,Unemployed and receiving social grant
,,,,,Al-Asr Educational Institute,English,0.0,1.0,First,Parents or guardians,Between 20 and 30,Private school,12,12,Own Automobile/car,1.0,0.0,Parents provided lunch box.,Bachelor,6,1.0,Suburb/City/Town,Both Parents,0.0,0.0,0.0,1.0,6.0,0,1,0,0,1,0,1,First,Passion,Home,,,1.0,Between 15km and 19km,Own automobile/car,Between 1 and 2 hours,2,Parent/Parents,,,,,Employed and earning salary/wages,
,,,,,Nyanga Senior Secondary School ,English,1.0,0.0,First,Parents or guardians,Between 41 and 60,Suburb/City/Town,10,9,Boarding school,0.0,1.0,Three meals a day,Bachelor,1,1.0,Township,Both Parents,0.0,0.0,0.0,1.0,5.0,1,1,1,0,0,1,1,Second,Family,University Residence,Self Catering,1.0,1.0,Between 15km and 19km,University bus service,Between 31 minutes and an hour,1,NSFAS,NSFAS,NSFAS,1.0,1.0,Employed and earning salary/wages,Unemployed and looking for work
,,,,,Kgothala secondary ,English,1.0,0.0,Second,No fee-paying school,Greater than 80,Rural Village,4,4,Walking,0.0,1.0,School based feeding programme,Bachelor,1,1.0,Rural Village,Both Parents,0.0,0.0,0.0,0.0,0.0,1,1,1,0,0,1,1,First,Other,Accommodation,Self Catering,1.0,1.0,Between 20km and 30km,University bus service,Between 31 minutes and an hour,1,NSFAS,NSFAS,NSFAS,1.0,1.0,,
,,,,,PEPPS Polokwane ,English,,0.0,,Parents or guardians,Between 20 and 30,Private school,12,12,School Bus,0.0,1.0,Parents provided lunch money,School leaving,5,1.0,Suburb/City/Town,Both Parents,0.0,0.0,0.0,0.0,0.0,1,0,1,0,1,1,1,First,The desire to make a difference,University Residence,Self Catering,1.0,,Less than 5km,Walking,less than 30 minutes,2,Parent/Parents,Parent/Parents,Funding arrangements not finalized (if none of the above options apply),,,Employed and earning salary/wages,Employed and earning salary/wages
,,,,,Gwambeni High school ,Xitsonga,1.0,0.0,Second,No fee-paying school,Between 31 and 40,Rural Village,8,5,Own Automobile/car,0.0,,School based feeding programme,Bachelor,4,1.0,Rural Village,Both Parents,0.0,0.0,0.0,0.0,0.0,1,1,1,0,0,1,1,Third,Teachers,Accommodation,,1.0,1.0,Greater than 30km,University bus service,Between 31 minutes and an hour,2,NSFAS,NSFAS,NSFAS,1.0,1.0,Unemployed and looking for work,Employed and earning salary/wages
,,,,,Ntodeni Secondary School ,English,1.0,0.0,Second,No fee-paying school,Between 41 and 60,Rural Village,8,6,Dropped off by parent or relative,0.0,0.0,School based feeding programme,Bachelor,5,1.0,Rural Village,Both Parents,0.0,0.0,0.0,1.0,5.0,1,1,1,0,1,1,1,Second,Family,University Residence,Self Catering,1.0,1.0,Greater than 30km,University bus service,Between 1 and 2 hours,3,Parent/Parents,Parent/Parents,"Guardian e.g., grandparent, uncle, siblings etc.",,,Employed and earning salary/wages,Employed and earning salary/wages
,,,,,Hivuyeriwile ,Xitsonga,1.0,1.0,Second,No fee-paying school,Greater than 80,Rural Village,7,6,Scholar transport (Rural learners),0.0,0.0,School based feeding programme,Bachelor,3,1.0,Rural Village,Single Parent,0.0,0.0,0.0,0.0,0.0,1,1,1,0,1,1,1,First,Job Security,University Residence,Self Catering,1.0,0.0,Less than 5km,Walking,less than 30 minutes,1,NSFAS,NSFAS,NSFAS,1.0,1.0,,Domestic servant or unskilled labour
,,,,,Bracken High School,English,0.0,0.0,Second,Parents or guardians,Between 20 and 30,Suburb/City/Town,11,9,Dropped off by parent or relative,1.0,0.0,Parents provided lunch box.,Bachelor,5,1.0,Suburb/City/Town,Family friend/Friend,0.0,0.0,0.0,1.0,5.0,1,1,0,0,1,1,1,First,Passion,University Residence,Self Catering,1.0,1.0,Less than 5km,Walking,less than 30 minutes,2,Parent/Parents,Parent/Parents,Paying for myself,,,Unemployed and looking for work,Employed and earning salary/wages
,,,,,Eshowe High School ,English,0.0,1.0,First,Bank loan,Between 20 and 30,Suburb/City/Town,12,13,Boarding school,0.0,0.0,Parents provided lunch box.,Bachelor,5,1.0,Suburb/City/Town,"Guardian e.g., grandparent, uncle, siblings etc..",0.0,0.0,0.0,0.0,0.0,1,1,1,0,1,1,1,First,Passion,University Residence,Self Catering,1.0,0.0,Greater than 30km,University bus service,Between 31 minutes and an hour,2,NSFAS,NSFAS,NSFAS,1.0,1.0,,
,,,,,Willowridge High School,English,0.0,0.0,Second,Parents or guardians,Between 31 and 40,Public,11,10,Dropped off by parent or relative,1.0,0.0,Parents provided lunch money,Bachelor,5,1.0,Township,Both Parents,0.0,0.0,0.0,0.0,0.0,1,1,1,0,0,0,1,First,Passion,University Residence,Self Catering,1.0,1.0,Less than 5km,Walking,less than 30 minutes,2,"Bursary e.g., Eskom, Sasol etc.","Bursary e.g., Eskom, Sasol etc","Bursary e.g., Eskom, Sasol etc.",,0.0,Self-employed,Employed and earning salary/wages
,,,,,Qhobo secondary school ,English,1.0,0.0,Second,No fee-paying school,Between 61 and 80,Rural Village,8,8,Walking,0.0,1.0,School based feeding programme,Bachelor,2,1.0,Rural Village,Both Parents,1.0,1.0,0.0,0.0,0.0,1,1,1,0,1,0,1,First,The desire to make a difference,University Residence,Self Catering,1.0,1.0,Between 6km and 9km,University bus service,Between 31 minutes and an hour,1,NSFAS,NSFAS,NSFAS,1.0,1.0,,
,,,,,Emshukantambo Secondary School ,English,1.0,1.0,Second,No fee-paying school,Between 31 and 40,Suburb/City/Town,10,10,Walking,0.0,1.0,School based feeding programme,Bachelor,2,0.0,Suburb/City/Town,Single Parent,1.0,1.0,0.0,1.0,5.0,1,0,0,0,0,0,1,Third,The desire to make a difference,University Residence,Self Catering,1.0,1.0,Between 10km and 14km,University bus service,Between 1 and 2 hours,2,NSFAS,NSFAS,NSFAS,1.0,1.0,,
,,,,,All Saints College Phalaborwa ,English,0.0,0.0,Second,Parents or guardians,Between 20 and 30,Private school,12,8,Walking,0.0,1.0,Parents provided lunch money,Bachelor,3,1.0,Township,Other (Please Specify),0.0,0.0,0.0,0.0,0.0,1,1,1,0,1,1,1,Second,Passion,University Residence,Self Catering,1.0,0.0,,University bus service,Between 31 minutes and an hour,1,"Bursary e.g., Eskom, Sasol etc.","Bursary e.g., Eskom, Sasol etc","Bursary e.g., Eskom, Sasol etc.",1.0,0.0,,
,,,,,Kgola ka leleme,Sepedi,1.0,1.0,Second,No fee-paying school,Between 41 and 60,Rural Village,9,9,Walking,0.0,0.0,School based feeding programme,Bachelor,3,0.0,Rural Village,Single Parent,0.0,0.0,0.0,0.0,0.0,1,0,0,0,0,0,1,First,Passion,University Residence,Self Catering,1.0,0.0,Between 6km and 9km,Walking,less than 30 minutes,1,NSFAS,NSFAS,NSFAS,1.0,1.0,,
,,,,,Lekentle secondary school,Sepedi,1.0,1.0,Second,No fee-paying school,Between 31 and 40,Rural Village,6,4,Walking,0.0,1.0,School based feeding programme,School leaving,1,1.0,Rural Village,Both Parents,1.0,3.0,0.0,1.0,11.0,1,0,0,0,0,0,1,First,The desire to make a difference,University Residence,Self Catering,1.0,0.0,Less than 5km,Walking,less than 30 minutes,1,NSFAS,NSFAS,NSFAS,1.0,1.0,,
,,,,,Thusa Setjhaba Secondary School ,English,1.0,0.0,Second,No fee-paying school,Between 31 and 40,Township,14,8,Walking,1.0,1.0,Parents provided lunch box.,Bachelor,5,1.0,Township,Both Parents,0.0,0.0,0.0,1.0,5.0,1,1,0,0,0,1,1,First,Other,University Residence,Self Catering,1.0,0.0,Between 6km and 9km,Walking,Between 31 minutes and an hour,1,"Bursary e.g., Eskom, Sasol etc.","Bursary e.g., Eskom, Sasol etc","Bursary e.g., Eskom, Sasol etc.",,,,
,,,,,Shorwane secondary school ,Sepedi,1.0,1.0,First,No fee-paying school,Between 31 and 40,Rural Village,7,8,Walking,0.0,0.0,School based feeding programme,Bachelor,1,1.0,Rural Village,Single Parent,1.0,1.0,0.0,0.0,0.0,1,0,1,0,1,1,1,First,Family,University Residence,Self Catering,1.0,0.0,Between 10km and 14km,Walking,less than 30 minutes,2,"Bursary e.g., Eskom, Sasol etc.","Bursary e.g., Eskom, Sasol etc","Bursary e.g., Eskom, Sasol etc.",,,,
,,,,,Dendron secondary school ,Sepedi,1.0,1.0,First,Parents or guardians,Between 61 and 80,Public,10,10,Walking,0.0,0.0,School based feeding programme,Bachelor,5,1.0,Rural Village,Both Parents,1.0,1.0,0.0,0.0,0.0,1,1,0,0,1,1,1,First,The desire to make a difference,Private,Self Catering,0.0,0.0,Less than 5km,Walking,Between 31 minutes and an hour,2,Parent/Parents,Parent/Parents,Funding arrangements not finalized (if none of the above options apply),1.0,0.0,Employed and earning salary/wages,Out of work but not currently looking for work
,,,,,Idlamadoda Secondary School,IsiZulu,1.0,1.0,Second,No fee-paying school,Between 41 and 60,Rural Village,11,11,Walking,1.0,1.0,School based feeding programme,Bachelor,5,1.0,Rural Village,Single Parent,0.0,0.0,0.0,1.0,6.0,1,1,0,0,1,0,1,First,Passion,University Residence,Self Catering,1.0,1.0,Less than 5km,Walking,less than 30 minutes,1,NSFAS,NSFAS,NSFAS,1.0,1.0,,
,,,,,Letsatsing combine school ,English,1.0,1.0,Second,No fee-paying school,Between 41 and 60,Public,6,6,Dropped off by parent or relative,0.0,0.0,School based feeding programme,Bachelor,2,0.0,Township,Family friend/Friend,0.0,0.0,0.0,0.0,0.0,1,1,1,0,1,1,1,First,Passion,University Residence,Self Catering,1.0,,,University bus service,Between 31 minutes and an hour,1,Funding arrangements not analyzed (if none of the above options apply),Funding arrangements not finalized (if none of the above options apply),Funding arrangements not finalized (if none of the above options apply),,,,
,,,,,Liivha combined school ,Tshivenda,1.0,1.0,Second,No fee-paying school,Greater than 80,Township,8,5,Public Transport,0.0,0.0,School based feeding programme,Bachelor,3,1.0,Rural Village,Both Parents,0.0,0.0,0.0,1.0,5.0,1,1,1,0,1,1,1,First,The desire to make a difference,University Residence,Self Catering,0.0,1.0,Less than 5km,Walking,less than 30 minutes,2,Parent/Parents,Parent/Parents,"Guardian e.g., grandparent, uncle, siblings etc.",1.0,0.0,Employed and earning salary/wages,Self-employed
,,,,,DC Marivate SS ,English,1.0,0.0,First,"Parents or guardians, No fee-paying school",Greater than 80,Public,6,5,Walking,0.0,0.0,School based feeding programme,Bachelor,5,1.0,Township,Both Parents,0.0,0.0,1.0,0.0,0.0,0,1,1,0,0,1,1,Third,The desire to make a difference,University Residence,Self Catering,1.0,1.0,Less than 5km,Walking,less than 30 minutes,1,Parent/Parents,Parent/Parents,Paying for myself,,0.0,Self-employed,Employed and earning salary/wages
,,,,,DZJ Mtembule ,Xitsonga,1.0,0.0,Second,Parents or guardians,Greater than 80,Suburb/City/Town,7,5,Scholar transport (Rural learners),1.0,0.0,School based feeding programme,Bachelor,4,1.0,Rural Village,Single Parent,0.0,0.0,,,,1,1,1,0,1,1,1,Second,Passion,University Residence,Self Catering,1.0,1.0,Greater than 30km,University bus service,Between 31 minutes and an hour,1,NSFAS,NSFAS,NSFAS,1.0,1.0,,
,,,,,St James SSS,IsiXhosa,1.0,1.0,Second,Parents or guardians,Between 41 and 60,Public,13,10,Walking,,0.0,School based feeding programme,Bachelor,5,1.0,Suburb/City/Town,"Guardian e.g., grandparent, uncle, siblings etc..",0.0,0.0,,0.0,0.0,1,1,1,0,1,1,1,Second,Other,University Residence,Self Catering,1.0,1.0,Greater than 30km,University bus service,Between 31 minutes and an hour,2,NSFAS,NSFAS,NSFAS,1.0,1.0,,
,,,,,Flavius mareka high school,Sepedi,1.0,1.0,Second,Parents or guardians,Between 31 and 40,Public,9,6,Walking,1.0,0.0,Parents provided lunch box.,Bachelor,4,0.0,Suburb/City/Town,Both Parents,0.0,0.0,0.0,0.0,0.0,1,0,0,0,0,1,1,Second,Passion,University Residence,Self Catering,1.0,1.0,Greater than 30km,University bus service,Between 31 minutes and an hour,1,NSFAS,NSFAS,NSFAS,1.0,1.0,,
,,,,,Semoriri Secondary school ,English,1.0,0.0,Second,"Bursary e.g., Sasol, Eskom etc.",Less than 20,Rural Village,6,6,Walking,0.0,0.0,School based feeding programme,Bachelor,4,1.0,Rural Village,Both Parents,0.0,0.0,0.0,0.0,0.0,1,0,1,0,1,0,1,Third,Job Security,University Residence,Self Catering,1.0,1.0,Between 20km and 30km,University bus service,Between 31 minutes and an hour,1,NSFAS,NSFAS,Paying for myself,1.0,1.0,,
,,,,,Pretoria central high school ,English,1.0,1.0,Second,Parents or guardians,Less than 20,Suburb/City/Town,7,7,Public Transport,1.0,0.0,Parents provided lunch box.,Bachelor,4,1.0,Suburb/City/Town,Both Parents,0.0,0.0,0.0,0.0,0.0,1,1,1,0,1,1,1,First,The desire to make a difference,University Residence,Self Catering,1.0,,Greater than 30km,University bus service,Between 31 minutes and an hour,2,Parent/Parents,Parent/Parents,"Guardian e.g., grandparent, uncle, siblings etc.",,,,Employed and earning salary/wages
,,,,,Hoerskool Ermelo,Afrikaans,1.0,0.0,First,Parents or guardians,Between 20 and 30,Suburb/City/Town,12,11,Dropped off by parent or relative,1.0,1.0,Three meals a day,Bachelor,6,1.0,Suburb/City/Town,Single Parent,0.0,0.0,0.0,0.0,0.0,1,0,1,0,0,1,1,Second,Passion,University Residence,Self Catering,0.0,1.0,Less than 5km,Walking,Between 31 minutes and an hour,3,Parent/Parents,Parent/Parents,"Guardian e.g., grandparent, uncle, siblings etc.",,,,Employed and earning salary/wages
,,,,,Sozama Secondary School ,English,1.0,1.0,Second,Parents or guardians,Between 41 and 60,Township,5,6,Walking,0.0,0.0,Parents provided lunch box.,Diploma,4,0.0,Township,Family friend/Friend,1.0,3.0,0.0,0.0,0.0,0,1,0,0,0,0,1,First,The desire to make a difference,University Residence,Self Catering,1.0,1.0,,,,1,Paying for myself,,Paying for myself,0.0,0.0,,
,,,,,Norkem Park High School,English,1.0,0.0,Second,Parents or guardians,Between 31 and 40,Farm,10,8,Dropped off by parent or relative,0.0,1.0,Two meals a day,Bachelor,6,1.0,Suburb/City/Town,Single Parent,0.0,0.0,0.0,0.0,0.0,1,1,1,0,1,1,1,First,Teachers,University Residence,Self Catering,1.0,1.0,Less than 5km,Walking,less than 30 minutes,1,NSFAS,NSFAS,NSFAS,1.0,1.0,,
,,,,,Silamba secondary school ,English,1.0,0.0,First,Government scholarship/bursary,Between 41 and 60,Rural Village,5,4,Walking,1.0,0.0,School based feeding programme,Bachelor,2,0.0,Rural Village,Single Parent,0.0,0.0,0.0,0.0,0.0,1,1,1,0,0,1,1,Second,Passion,University Residence,Self Catering,1.0,1.0,Less than 5km,Walking,less than 30 minutes,1,NSFAS,NSFAS,NSFAS,1.0,1.0,,
,,,,,Mokwatedi high school ,Sepedi,1.0,1.0,First,Government scholarship/bursary,Greater than 80,Rural Village,9,8,Scholar transport (Rural learners),1.0,0.0,School based feeding programme,Bachelor,2,1.0,Rural Village,Single Parent,0.0,0.0,0.0,0.0,0.0,1,1,1,0,0,1,1,First,Job Security,University Residence,Self Catering,1.0,1.0,,University bus service,Between 31 minutes and an hour,1,NSFAS,NSFAS,NSFAS,1.0,1.0,,
,,,,,Rantailane secondary school ,Setswana,1.0,1.0,Second,Government scholarship/bursary,Between 31 and 40,Township,9,9,Dropped off by parent or relative,1.0,1.0,Parents provided lunch money,Bachelor,5,1.0,Township,Both Parents,0.0,0.0,0.0,0.0,0.0,0,0,1,0,0,0,1,First,The desire to make a difference,University Residence,Self Catering,1.0,1.0,Between 15km and 19km,University bus service,Between 31 minutes and an hour,1,NSFAS,NSFAS,NSFAS,1.0,1.0,,
,,,,,Makuane Secondary ,Sepedi,1.0,1.0,Second,No fee-paying school,Between 20 and 30,Rural Village,7,6,Walking,0.0,0.0,School based feeding programme,Bachelor,4,,Rural Village,Single Parent,0.0,0.0,0.0,0.0,0.0,1,0,0,0,0,0,1,First,Passion,University Residence,Self Catering,0.0,0.0,Less than 5km,Walking,Between 31 minutes and an hour,1,NSFAS,NSFAS,NSFAS,1.0,1.0,,
,,,,,Mamellong comprehensive ,IsiZulu,1.0,1.0,Second,No fee-paying school,Between 20 and 30,Public,6,4,Public Transport,1.0,0.0,School based feeding programme,Bachelor,2,0.0,Township,Single Parent,,,0.0,0.0,0.0,0,0,1,0,0,1,1,Second,Other,University Residence,Self Catering,1.0,,,Walking,less than 30 minutes,0,NSFAS,NSFAS,NSFAS,1.0,1.0,,Unemployed and looking for work
,,,,,Boke Secondary School ,Sepedi,1.0,0.0,Third,No fee-paying school,Between 31 and 40,Rural Village,9,9,Walking,0.0,1.0,School based feeding programme,Bachelor,2,1.0,Rural Village,Single Parent,0.0,0.0,0.0,0.0,0.0,1,1,1,0,1,1,1,First,Passion,University Residence,Self Catering,1.0,1.0,Greater than 30km,University bus service,Between 31 minutes and an hour,1,NSFAS,NSFAS,NSFAS,1.0,1.0,,
,,,,,Hudson ntsan'wisi senior secondary school,Xitsonga,1.0,1.0,Second,No fee-paying school,Between 20 and 30,Township,12,9,Scholar transport (Rural learners),0.0,0.0,School based feeding programme,Bachelor,2,1.0,Rural Village,Both Parents,0.0,0.0,0.0,1.0,5.0,1,1,1,0,0,0,1,First,Job Security,University Residence,Self Catering,1.0,1.0,Greater than 30km,University bus service,Between 31 minutes and an hour,2,NSFAS,NSFAS,NSFAS,1.0,1.0,,
,,,,,JIM CHAVANI HIGH,Xitsonga,1.0,0.0,,No fee-paying school,Greater than 80,Rural Village,7,8,Walking,0.0,0.0,School based feeding programme,Bachelor,2,1.0,Rural Village,Family friend/Friend,0.0,0.0,0.0,0.0,0.0,0,0,1,0,0,0,1,First,Other,University Residence,Self Catering,1.0,1.0,Less than 5km,Walking,less than 30 minutes,1,NSFAS,NSFAS,NSFAS,1.0,1.0,Unemployed and looking for work,Domestic servant or unskilled labour
,,,,,Edendale technical high school ,IsiZulu,1.0,1.0,Second,Parents or guardians,Between 41 and 60,Public,7,7,Dropped off by parent or relative,0.0,1.0,Parents provided lunch money,Bachelor,3,1.0,Suburb/City/Town,No support,0.0,0.0,0.0,0.0,0.0,1,1,1,0,0,0,1,First,Passion,University Residence,Self Catering,1.0,1.0,Between 6km and 9km,Walking,less than 30 minutes,1,NSFAS,NSFAS,NSFAS,1.0,0.0,,
,,,,,Sidinane sss,Isixhosa,1.0,1.0,Second,No fee-paying school,Between 61 and 80,Rural Village,7,6,Scholar transport (Rural learners),0.0,1.0,School based feeding programme,Bachelor,0,0.0,Rural Village,Single Parent,1.0,3.0,0.0,1.0,5.0,0,1,0,0,1,1,1,Second,The desire to make a difference,University Residence,Self Catering,0.0,0.0,Between 6km and 9km,Walking,Between 31 minutes and an hour,1,Parent/Parents,Parent/Parents,Paying for myself,1.0,0.0,,Employed and earning salary/wages
,,,,,J.M Ntsime Secondary School,Setswana,1.0,0.0,Second,Government scholarship/bursary,Between 31 and 40,Township,9,6,Walking,1.0,0.0,Parents provided lunch money,Bachelor,3,0.0,Township,Both Parents,0.0,0.0,0.0,0.0,0.0,1,1,1,0,1,1,1,First,Role Models,University Residence,,,,,,,2,NSFAS,NSFAS,NSFAS,1.0,1.0,,
,,,,,Lebone Secondary School,English,1.0,0.0,Second,Self-funded,Between 20 and 30,Township,5,5,Walking,0.0,0.0,One meal a day at home,Diploma,4,0.0,Township,No support,1.0,4.0,0.0,0.0,0.0,1,0,0,0,0,0,1,First,Job Security,University Residence,Self Catering,1.0,,Less than 5km,Own automobile/car,less than 30 minutes,2,Paying for myself,,Paying for myself,,,,
,,,,,Bodibe Secondary school ,Setswana,1.0,0.0,First,No fee-paying school,Less than 20,Rural Village,6,6,Walking,0.0,1.0,School based feeding programme,Bachelor,2,1.0,Rural Village,Both Parents,0.0,0.0,0.0,1.0,6.0,1,1,0,0,1,1,1,First,Passion,University Residence,Self Catering,0.0,0.0,Between 10km and 14km,Walking,less than 30 minutes,2,NSFAS,NSFAS,NSFAS,1.0,1.0,Unemployed and looking for work,Unemployed and looking for work
,,,,,Hoërskool Akasia ,English,0.0,0.0,Third,Parents or guardians,Between 20 and 30,Suburb/City/Town,10,9,Dropped off by parent or relative,0.0,1.0,Parents provided lunch box.,Bachelor,5,1.0,Suburb/City/Town,Both Parents,0.0,0.0,0.0,0.0,0.0,1,0,1,0,0,0,1,First,Passion,Home,,,0.0,Between 10km and 14km,Own automobile/car,less than 30 minutes,2,Parent/Parents,Parent/Parents,"Guardian e.g., grandparent, uncle, siblings etc.",,,Employed and earning salary/wages,Employed and earning salary/wages
,,,,,Tholulwazi Secondary school ,English,1.0,0.0,First,No fee-paying school,Between 41 and 60,Public,10,9,Walking,0.0,1.0,School based feeding programme,Bachelor,3,0.0,Rural Village,Single Parent,0.0,0.0,0.0,0.0,0.0,0,0,1,0,1,1,1,First,Passion,University Residence,Self Catering,1.0,1.0,Greater than 30km,University bus service,Between 31 minutes and an hour,1,NSFAS,NSFAS,NSFAS,1.0,1.0,,
,,,,,Seshegong Secondary School,English,1.0,0.0,Second,"Parents or guardians, No fee-paying school",Between 41 and 60,Suburb/City/Town,12,12,Walking,1.0,1.0,Three meals a day,Bachelor,3,1.0,Suburb/City/Town,"Guardian e.g., grandparent, uncle, siblings etc..",0.0,0.0,0.0,0.0,0.0,1,1,1,0,1,1,1,First,The desire to make a difference,Accommodation,,,1.0,Greater than 30km,University bus service,Between 31 minutes and an hour,2,Government scholarship/bursary,Government scholarship/bursary,Government scholarship/bursary,,,,
,,,,,Mathew Phosa Secondary School ,Sepedi,1.0,1.0,First,No fee-paying school,Between 41 and 60,Suburb/City/Town,10,6,Walking,0.0,1.0,School based feeding programme,Bachelor,4,1.0,Rural Village,Single Parent,0.0,0.0,0.0,0.0,0.0,1,0,0,0,1,1,1,First,The desire to make a difference,University Residence,Self Catering,1.0,0.0,Greater than 30km,University bus service,Between 31 minutes and an hour,1,NSFAS,NSFAS,NSFAS,1.0,1.0,,
,,,,,Magobanye high,Sepedi,1.0,1.0,Second,No fee-paying school,Between 41 and 60,Rural Village,1,1,Walking,0.0,0.0,One meal a day at home,Bachelor,2,0.0,Rural Village,Both Parents,1.0,2.0,0.0,1.0,5.0,0,1,1,0,0,0,1,First,Family,University Residence,Catered,1.0,,Less than 5km,Walking,less than 30 minutes,1,NSFAS,NSFAS,NSFAS,1.0,1.0,,
,,,,,Seagotle secondary school,Sepedi,1.0,1.0,Second,No fee-paying school,Between 41 and 60,Rural Village,11,9,Walking,1.0,1.0,School based feeding programme,Bachelor,0,0.0,Rural Village,Single Parent,0.0,0.0,0.0,0.0,0.0,0,1,0,0,0,0,1,First,The desire to make a difference,University Residence,Self Catering,1.0,1.0,Between 6km and 9km,Walking,less than 30 minutes,1,NSFAS,NSFAS,NSFAS,1.0,1.0,,Unemployed and looking for work
,,,,,Frans Mohlala Secondary school,Sepedi,1.0,1.0,Second,Government scholarship/bursary,Between 41 and 60,Rural Village,7,5,Walking,0.0,1.0,School based feeding programme,Bachelor,3,0.0,Rural Village,Both Parents,0.0,0.0,1.0,1.0,6.0,1,1,1,0,1,1,1,Second,The desire to make a difference,Accommodation,Self Catering,1.0,0.0,Between 20km and 30km,University bus service,Between 31 minutes and an hour,1,NSFAS,NSFAS,NSFAS,1.0,1.0,,
,,,,,Rantobeng High School,Sepedi,1.0,1.0,Second,No fee-paying school,Between 41 and 60,Rural Village,8,6,Public Transport,0.0,0.0,School based feeding programme,School leaving,2,1.0,Rural Village,Both Parents,0.0,0.0,0.0,0.0,0.0,1,1,0,0,1,1,1,First,Job Security,University Residence,Self Catering,0.0,0.0,Less than 5km,Walking,Between 31 minutes and an hour,2,NSFAS,NSFAS,NSFAS,1.0,1.0,,
,,,,,Fetakgomo High School ,Sepedi,1.0,0.0,First,No fee-paying school,Between 61 and 80,Public,12,6,Walking,0.0,0.0,School based feeding programme,Bachelor,4,0.0,Rural Village,Both Parents,0.0,0.0,0.0,0.0,0.0,1,1,0,0,0,0,1,First,The desire to make a difference,University Residence,,,1.0,Between 6km and 9km,Walking,less than 30 minutes,1,NSFAS,NSFAS,NSFAS,1.0,1.0,,
,,,,,Realogile Secondary School ,Tshivenda,1.0,0.0,First,No fee-paying school,Between 31 and 40,Township,7,7,Public Transport,1.0,0.0,Parents provided lunch money,Bachelor,3,0.0,Township,Single Parent,0.0,0.0,0.0,0.0,0.0,1,1,1,0,0,1,1,First,The desire to make a difference,University Residence,Self Catering,0.0,0.0,Between 10km and 14km,Walking,Between 31 minutes and an hour,2,"Bursary e.g., Eskom, Sasol etc.",Parent/Parents,Paying for myself,1.0,1.0,,Employed and earning salary/wages
,,,,,Jane Furse Comprehensive,English,1.0,1.0,Second,Self-funded,Between 41 and 60,Public,9,9,Scholar transport (Rural learners),1.0,0.0,Parents provided lunch money,Bachelor,4,1.0,Rural Village,Both Parents,0.0,0.0,0.0,0.0,0.0,0,0,1,0,0,1,1,First,Passion,University Residence,Self Catering,1.0,0.0,Less than 5km,Walking,less than 30 minutes,2,NSFAS,NSFAS,"Guardian e.g., grandparent, uncle, siblings etc.",1.0,1.0,,
,,,,,Amogelang secondary school,English,1.0,0.0,First,No fee-paying school,Between 20 and 30,Township,6,6,Walking,0.0,0.0,Parents provided lunch money,Bachelor,5,0.0,Township,Both Parents,0.0,0.0,0.0,1.0,6.0,1,1,1,0,1,1,1,Second,Other,Private,Self Catering,1.0,0.0,Between 10km and 14km,University bus service,Between 31 minutes and an hour,2,NSFAS,NSFAS,NSFAS,1.0,1.0,,
,,,,,Pepps Motheong School,English,0.0,1.0,First,Government scholarship/bursary,Between 20 and 30,Private school,12,11,Dropped off by parent or relative,0.0,0.0,Parents provided lunch box.,Bachelor,4,0.0,Suburb/City/Town,Single Parent,0.0,0.0,0.0,0.0,0.0,1,0,0,0,0,0,1,Second,Passion,University Residence,Self Catering,1.0,0.0,Greater than 30km,University bus service,Between 31 minutes and an hour,3,NSFAS,NSFAS,NSFAS,1.0,1.0,,Employed and earning salary/wages
,,,,,Vosloorus Comprehensive Secondary school ,English,1.0,0.0,First,No fee-paying school,Between 20 and 30,Township,6,4,Walking,0.0,1.0,School based feeding programme,School leaving,3,0.0,Township,Single Parent,0.0,0.0,0.0,0.0,0.0,0,1,0,0,0,0,1,Second,The desire to make a difference,University Residence,Catered,1.0,0.0,Less than 5km,Walking,less than 30 minutes,1,NSFAS,NSFAS,NSFAS,1.0,1.0,,
,,,,,Ramogabudi Senior Secondary school ,English,1.0,0.0,Third,No fee-paying school,Greater than 80,Rural Village,9,7,Walking,0.0,1.0,School based feeding programme,Bachelor,4,0.0,Rural Village,Both Parents,0.0,0.0,0.0,0.0,0.0,1,1,0,0,0,0,1,Second,Role Models,University Residence,Self Catering,1.0,1.0,Less than 5km,University bus service,Between 31 minutes and an hour,1,Parent/Parents,Parent/Parents,Paying for myself,0.0,0.0,Employed and earning salary/wages,Employed and earning salary/wages
,,,,,Ngwana mohube technical high School ,Sepedi,1.0,1.0,Second,Educational or schooling insurance policy,Greater than 80,Public,14,11,Walking,0.0,0.0,Parents provided lunch box.,Bachelor,3,0.0,Rural Village,Both Parents,1.0,3.0,,,,0,0,0,0,0,0,1,First,Passion,University Residence,Catered,1.0,0.0,Less than 5km,Walking,less than 30 minutes,1,NSFAS,NSFAS,NSFAS,1.0,1.0,,
,,,,,Chief sw nhlapho secondary school ,SiSwati,1.0,1.0,First,No fee-paying school,Greater than 80,Public,1,0,Walking,0.0,,,,2,0.0,,,,,0.0,,,0,0,0,0,0,0,0,First,Role Models,University Residence,,1.0,,Less than 5km,Walking,less than 30 minutes,1,,,,,,,
,,,,,IDA HIGH SCHOOL,English,1.0,0.0,First,Parents or guardians,Between 41 and 60,Farm,6,6,Walking,0.0,0.0,School based feeding programme,Bachelor,3,0.0,Rural Village,No support,0.0,0.0,0.0,0.0,0.0,1,1,0,0,1,1,1,Second,The desire to make a difference,University Residence,Self Catering,1.0,1.0,Between 15km and 19km,University bus service,Between 31 minutes and an hour,1,"Bursary e.g., Eskom, Sasol etc.","Bursary e.g., Eskom, Sasol etc","Bursary e.g., Eskom, Sasol etc.",,,,
,,,,,Daliwonga S.S.,IsiXhosa,1.0,1.0,Second,Parents or guardians,Between 20 and 30,Rural Village,11,11,Boarding school,0.0,1.0,Three meals a day,Bachelor,1,1.0,Rural Village,Single Parent,0.0,0.0,0.0,0.0,0.0,1,1,0,0,0,1,1,First,The desire to make a difference,University Residence,Self Catering,1.0,1.0,Greater than 30km,University bus service,Between 31 minutes and an hour,1,NSFAS,NSFAS,NSFAS,1.0,1.0,,
,,,,,Cangci comprehensive technical high School ,Isixhosa ,1.0,1.0,Second,No fee-paying school,Between 61 and 80,Rural Village,11,7,School Bus,0.0,0.0,School based feeding programme,School leaving,2,0.0,Rural Village,"Guardian e.g., grandparent, uncle, siblings etc..",0.0,0.0,0.0,0.0,0.0,1,1,1,0,0,1,1,Third,Family,Accommodation,Self Catering,1.0,1.0,Between 20km and 30km,University bus service,Between 31 minutes and an hour,1,NSFAS,NSFAS,NSFAS,1.0,1.0,,Domestic servant or unskilled labour
,,,,, Sasolburg Highschool ,English,0.0,0.0,First,Parents or guardians,Greater than 80,Public,10,6,Dropped off by parent or relative,0.0,0.0,Parents provided lunch box.,Bachelor,4,1.0,Suburb/City/Town,Both Parents,0.0,0.0,0.0,0.0,0.0,1,1,0,0,0,1,1,Second,Family,University Residence,Self Catering,0.0,0.0,Less than 5km,Walking,less than 30 minutes,2,Parent/Parents,Parent/Parents,Funding arrangements not finalized (if none of the above options apply),,,Employed and earning salary/wages,Employed and earning salary/wages
,,,,,Jane furse comprehensive ,Sepedi,0.0,0.0,First,Parents or guardians,Between 31 and 40,Public,12,12,Walking,0.0,0.0,School based feeding programme,School leaving,2,1.0,Rural Village,No support,0.0,0.0,0.0,0.0,0.0,1,1,0,0,1,1,1,First,The desire to make a difference,University Residence,Self Catering,1.0,1.0,Less than 5km,Walking,less than 30 minutes,1,Funding arrangements not analyzed (if none of the above options apply),Funding arrangements not finalized (if none of the above options apply),Funding arrangements not finalized (if none of the above options apply),,,,Unemployed and looking for work
,,,,,Phulong Secondary School ,IsiZulu,1.0,1.0,First,No fee-paying school,Between 20 and 30,Township,8,5,Walking,0.0,1.0,School based feeding programme,Bachelor,2,1.0,Township,"Guardian e.g., grandparent, uncle, siblings etc..",0.0,0.0,0.0,1.0,6.0,0,0,1,0,0,0,1,First,Teachers,Accommodation,Self Catering,1.0,0.0,Between 20km and 30km,University bus service,Between 31 minutes and an hour,1,NSFAS,NSFAS,NSFAS,1.0,1.0,,
,,,,,Ethangeni combined school,IsiZulu,1.0,1.0,First,Parents or guardians,Between 20 and 30,Suburb/City/Town,9,9,Walking,0.0,1.0,Parents provided lunch box.,School leaving,4,0.0,Suburb/City/Town,Single Parent,0.0,0.0,0.0,0.0,0.0,1,1,1,0,1,1,1,First,Role Models,University Residence,Self Catering,1.0,1.0,Less than 5km,Walking,less than 30 minutes,2,NSFAS,NSFAS,NSFAS,1.0,1.0,,
,,,,,Leruleng Secondary school ,Sepedi,1.0,0.0,First,"Parents or guardians, Bursary e.g., Sasol, Eskom etc.",Greater than 80,Rural Village,7,7,Walking,1.0,1.0,School based feeding programme,Bachelor,5,0.0,Rural Village,Both Parents,0.0,0.0,0.0,0.0,0.0,1,1,0,0,1,0,1,First,Passion,Accommodation,Self Catering,1.0,1.0,Greater than 30km,University bus service,Between 31 minutes and an hour,2,NSFAS,NSFAS,NSFAS,0.0,0.0,Employed and earning salary/wages,Employed and earning salary/wages
,,,,,Northcliff Highschool,English,0.0,1.0,First,Parents or guardians,Between 20 and 30,Public,11,11,Dropped off by parent or relative,0.0,1.0,Parents provided lunch box.,School leaving,4,0.0,Suburb/City/Town,Family friend/Friend,0.0,0.0,0.0,1.0,5.0,1,0,0,0,1,1,1,First,The desire to make a difference,University Residence,Self Catering,1.0,0.0,Less than 5km,Walking,less than 30 minutes,2,Parent/Parents,Parent/Parents,Paying for myself,,,Employed and earning salary/wages,
,,,,,School of pharmacy ,Sepedi,1.0,1.0,First,No fee-paying school,Greater than 80,Rural Village,10,9,Walking,0.0,1.0,School based feeding programme,Bachelor,3,1.0,Rural Village,Both Parents,0.0,0.0,0.0,1.0,5.0,0,0,0,0,0,1,1,First,Other,University Residence,Self Catering,1.0,0.0,Less than 5km,Walking,Between 31 minutes and an hour,1,NSFAS,NSFAS,NSFAS,1.0,1.0,Unemployed and looking for work,Unemployed and looking for work
,,,,,Macingwane secondary School ,IsiZulu,1.0,0.0,Second,No fee-paying school,Between 41 and 60,Rural Village,7,6,Walking,0.0,0.0,School based feeding programme,Bachelor,2,0.0,Rural Village,Single Parent,0.0,0.0,0.0,0.0,0.0,1,0,0,0,0,0,1,First,The desire to make a difference,University Residence,Self Catering,1.0,1.0,Greater than 30km,University bus service,Between 31 minutes and an hour,1,NSFAS,NSFAS,NSFAS,1.0,1.0,,
,,,,,Vulanindlela secondary school,IsiZulu,1.0,1.0,Second,Government scholarship/bursary,Between 20 and 30,Township,8,7,Walking,1.0,1.0,School based feeding programme,Bachelor,3,1.0,Township,Both Parents,0.0,0.0,0.0,1.0,15.0,1,0,1,0,1,0,1,Second,Passion,Accommodation,,,1.0,Greater than 30km,University bus service,Between 31 minutes and an hour,1,NSFAS,NSFAS,NSFAS,1.0,1.0,,
,,,,,Patrick Ramaano ,English,1.0,,First,No fee-paying school,Between 41 and 60,Rural Village,6,7,Walking,0.0,1.0,School based feeding programme,Bachelor,2,1.0,Rural Village,Single Parent,1.0,2.0,0.0,0.0,0.0,1,0,0,0,0,0,1,,Other,University Residence,,1.0,1.0,,Walking,less than 30 minutes,2,NSFAS,NSFAS,NSFAS,1.0,1.0,,
,,,,,Matlosane Secondary School,English,1.0,0.0,Second,No fee-paying school,Between 31 and 40,Township,9,9,Walking,0.0,0.0,School based feeding programme,Bachelor,3,0.0,Township,Family friend/Friend,0.0,0.0,0.0,0.0,0.0,1,1,0,0,0,0,1,First,Passion,University Residence,Self Catering,1.0,,Between 6km and 9km,Walking,less than 30 minutes,1,NSFAS,NSFAS,NSFAS,1.0,1.0,,
,,,,,ENQABENI S.S,English,1.0,1.0,First,No fee-paying school,Between 61 and 80,Rural Village,10,9,Walking,1.0,1.0,School based feeding programme,Bachelor,3,1.0,Rural Village,Single Parent,0.0,0.0,0.0,1.0,6.0,1,1,1,0,0,1,1,Second,Role Models,University Residence,Self Catering,1.0,0.0,Less than 5km,Walking,less than 30 minutes,1,NSFAS,NSFAS,NSFAS,1.0,1.0,Employed and earning salary/wages,Self-employed
,,,,,Machepelele secondary school ,Sepedi,1.0,1.0,First,,Between 41 and 60,Rural Village,6,4,Walking,0.0,0.0,School based feeding programme,Bachelor,1,1.0,,No support,1.0,2.0,0.0,0.0,0.0,1,1,1,0,1,1,1,Third,Passion,University Residence,Self Catering,1.0,0.0,Less than 5km,Walking,less than 30 minutes,1,NSFAS,NSFAS,NSFAS,1.0,1.0,,
,,,,,Nyukani education center,English,0.0,0.0,Second,Parents or guardians,Between 20 and 30,Rural Village,12,11,Public Transport,0.0,0.0,Parents provided lunch box.,School leaving,5,1.0,Suburb/City/Town,Both Parents,0.0,0.0,,0.0,0.0,1,0,0,0,1,1,1,First,Passion,University Residence,,,1.0,Less than 5km,Walking,less than 30 minutes,2,Trust fund,Trust fund,Trust fund,,,,
,,,,,patrick ramaano secondary school,Tshivenda,1.0,1.0,First,No fee-paying school,Between 41 and 60,Rural Village,6,7,Public Transport,0.0,0.0,School based feeding programme,Bachelor,1,1.0,Rural Village,Single Parent,1.0,1.0,0.0,1.0,5.0,0,1,0,0,0,0,1,Second,Passion,Accommodation,Self Catering,1.0,1.0,Between 6km and 9km,Walking,Between 31 minutes and an hour,2,NSFAS,NSFAS,NSFAS,1.0,1.0,,Unemployed and looking for work
,,,,,Healdtown comprehensive high school ,English,1.0,1.0,First,Parents or guardians,Between 41 and 60,Rural Village,8,7,Boarding school,0.0,1.0,School based feeding programme,Bachelor,1,1.0,Township,Both Parents,0.0,0.0,0.0,0.0,0.0,1,0,0,0,0,0,1,First,Passion,University Residence,Self Catering,1.0,0.0,Less than 5km,Walking,Between 31 minutes and an hour,1,Parent/Parents,NSFAS,NSFAS,1.0,1.0,Employed and earning salary/wages,Employed and earning salary/wages
,,,,,Nyathela Senior secondary School ,IsiXhosa,1.0,0.0,Second,No fee-paying school,Between 61 and 80,Rural Village,5,5,Scholar transport (Rural learners),0.0,0.0,School based feeding programme,Bachelor,1,0.0,Rural Village,Single Parent,0.0,0.0,1.0,0.0,0.0,1,1,1,0,1,1,1,Third,Passion,University Residence,Self Catering,1.0,0.0,Between 6km and 9km,Walking,less than 30 minutes,1,NSFAS,NSFAS,NSFAS,1.0,1.0,,
,,,,,Lehlabile secondary school,Sepedi,1.0,1.0,Second,No fee-paying school,Between 61 and 80,Rural Village,8,8,Public Transport,1.0,0.0,School based feeding programme,School leaving,5,1.0,Rural Village,Both Parents,0.0,0.0,0.0,0.0,0.0,1,1,0,0,0,1,1,Third,The desire to make a difference,University Residence,Self Catering,1.0,0.0,Less than 5km,Walking,less than 30 minutes,2,Funding arrangements not analyzed (if none of the above options apply),Funding arrangements not finalized (if none of the above options apply),Funding arrangements not finalized (if none of the above options apply),,,,
,,,,,Mphanama secondary school,IsiZulu,1.0,1.0,Second,No fee-paying school,Between 41 and 60,Township,11,9,Walking,1.0,0.0,School based feeding programme,Bachelor,4,0.0,Township,Single Parent,0.0,0.0,0.0,1.0,5.0,1,1,1,0,1,1,1,First,The desire to make a difference,University Residence,Self Catering,1.0,,,Walking,less than 30 minutes,2,NSFAS,NSFAS,NSFAS,1.0,1.0,,
,,,,,Ponti secondary school ,English,1.0,0.0,First,Self-funded,Between 31 and 40,Rural Village,6,6,Walking,0.0,0.0,School based feeding programme,Bachelor,4,1.0,Rural Village,"Spouse/Partner e.g. wife, boyfriend etc.",1.0,4.0,0.0,0.0,0.0,1,0,0,0,1,1,1,First,Passion,Accommodation,,0.0,1.0,Between 6km and 9km,Public transport,less than 30 minutes,2,Paying for myself,loan etc. Paying for myself,Paying for myself,,,Unemployed and receiving social grant,Unemployed and looking for work
,,,,,Mmadikana Secondary School,Sepedi,1.0,0.0,Second,No fee-paying school,Between 31 and 40,Rural Village,9,9,Public Transport,0.0,1.0,School based feeding programme,Bachelor,4,1.0,Rural Village,Both Parents,0.0,0.0,0.0,1.0,11.0,1,1,1,0,0,0,1,Third,Passion,University Residence,Self Catering,1.0,1.0,Less than 5km,Walking,Between 31 minutes and an hour,2,NSFAS,NSFAS,NSFAS,1.0,1.0,,
1.0,1.0,0.0,1.0,1.0,Curry Academy Pretoria ,English,0.0,0.0,Second,Self-funded,Between 31 and 40,Rural Village,8,7,Own Automobile/car,0.0,0.0,Two meals a day,Bachelor,4,1.0,Suburb/City/Town,Both Parents,0.0,0.0,0.0,1.0,6.0,1,1,0,0,1,1,1,First,Passion,University Residence,Self Catering,1.0,1.0,Greater than 30km,University bus service,Between 31 minutes and an hour,2,Government scholarship/bursary,Government scholarship/bursary,Government scholarship/bursary,0.0,0.0,,
,,,,,Magabotse Secondary School ,SiSwati,1.0,0.0,Second,No fee-paying school,Between 41 and 60,Public,6,6,Walking,0.0,0.0,School based feeding programme,Bachelor,3,0.0,Rural Village,Single Parent,0.0,0.0,0.0,1.0,5.0,1,1,1,0,0,1,1,First,Other,University Residence,Self Catering,1.0,1.0,Less than 5km,Walking,Between 31 minutes and an hour,1,NSFAS,NSFAS,NSFAS,1.0,1.0,,Unemployed and receiving social grant
,,,,,Maserunyane High School,Sepedi,1.0,1.0,First,No fee-paying school,Between 41 and 60,Rural Village,9,8,Walking,0.0,0.0,Community based/NGO feeding programme,Bachelor,3,1.0,Rural Village,"Guardian e.g., grandparent, uncle, siblings etc..",0.0,0.0,0.0,0.0,0.0,1,1,1,0,1,1,1,First,Passion,University Residence,Self Catering,1.0,1.0,Between 15km and 19km,University bus service,Between 31 minutes and an hour,2,"Bursary e.g., Eskom, Sasol etc.","Bursary e.g., Eskom, Sasol etc","Bursary e.g., Eskom, Sasol etc.",,,,
,,,,,Golozela secondary school ,IsiZulu,1.0,1.0,Second,Parents or guardians,Between 41 and 60,Rural Village,4,5,Walking,0.0,0.0,School based feeding programme,Bachelor,2,0.0,Rural Village,"Guardian e.g., grandparent, uncle, siblings etc..",1.0,2.0,0.0,1.0,6.0,1,1,1,0,1,1,1,First,Passion,University Residence,Self Catering,1.0,1.0,Less than 5km,Walking,less than 30 minutes,1,Funding arrangements not analyzed (if none of the above options apply),Funding arrangements not finalized (if none of the above options apply),Funding arrangements not finalized (if none of the above options apply),0.0,0.0,,
,,,,,Khuzulwandle Secondary School,SiSwati,1.0,0.0,Second,Parents or guardians,Between 61 and 80,Rural Village,9,8,Walking,1.0,1.0,Two meals a day,Bachelor,3,0.0,,Both Parents,0.0,0.0,0.0,1.0,6.0,1,1,0,0,1,1,1,Second,Passion,University Residence,Self Catering,1.0,1.0,Between 20km and 30km,University bus service,Between 31 minutes and an hour,2,NSFAS,NSFAS,NSFAS,1.0,1.0,,
,,,,,KHUZULWANDLE SECONDARY SCHOOL,SiSwati,0.0,1.0,Third,Parents or guardians,Between 61 and 80,Rural Village,7,5,Walking,0.0,0.0,Two meals a day,Bachelor,2,1.0,Rural Village,Single Parent,0.0,0.0,0.0,0.0,0.0,1,1,1,0,0,1,1,Third,Passion,University Residence,Self Catering,1.0,0.0,Less than 5km,Walking,less than 30 minutes,2,NSFAS,NSFAS,NSFAS,1.0,1.0,,
,,,,,Meadowlands Secondary school ,Setswana,1.0,1.0,First,No fee-paying school,Between 41 and 60,Suburb/City/Town,8,8,Walking,0.0,0.0,Parents provided lunch box.,Bachelor,4,0.0,Suburb/City/Town,Both Parents,0.0,0.0,0.0,1.0,5.0,1,1,1,0,1,1,1,First,Other,University Residence,,1.0,1.0,Between 6km and 9km,Walking,less than 30 minutes,1,Funding arrangements not analyzed (if none of the above options apply),Funding arrangements not finalized (if none of the above options apply),,1.0,0.0,Employed and earning salary/wages,Unemployed and looking for work
1.0,1.0,0.0,1.0,1.0,Makuane Senior Secondary School,English,1.0,1.0,Second,No fee-paying school,Less than 20,Rural Village,7,7,Walking,0.0,0.0,School based feeding programme,Bachelor,2,0.0,Rural Village,Single Parent,0.0,0.0,0.0,0.0,0.0,1,1,1,0,1,1,1,First,Passion,University Residence,,,1.0,Less than 5km,Walking,less than 30 minutes,2,NSFAS,NSFAS,NSFAS,1.0,1.0,,Self-employed
,,,,,Nathaniel Pamla High School,English,1.0,1.0,Second,No fee-paying school,Between 41 and 60,Rural Village,9,9,Public Transport,0.0,0.0,Two meals a day,Bachelor,4,1.0,Rural Village,No support,0.0,0.0,0.0,0.0,0.0,1,0,1,0,0,0,1,First,The desire to make a difference,University Residence,Self Catering,1.0,0.0,Between 15km and 19km,University bus service,Between 31 minutes and an hour,2,NSFAS,NSFAS,NSFAS,1.0,1.0,Self-employed,Unemployed and receiving social grant
,,,,,Dlamani High school ,Xitsonga,1.0,0.0,First,Government scholarship/bursary,Between 61 and 80,Rural Village,7,6,Scholar transport (Rural learners),0.0,0.0,School based feeding programme,Bachelor,4,0.0,Rural Village,Both Parents,1.0,2.0,0.0,1.0,5.0,1,1,0,0,0,0,1,Second,Passion,University Residence,Catered,1.0,0.0,Less than 5km,Walking,less than 30 minutes,1,NSFAS,NSFAS,NSFAS,1.0,1.0,Employed and earning salary/wages,Unemployed and looking for work
,,,,,Makgongoana High school ,Sepedi,1.0,1.0,First,No fee-paying school,Between 61 and 80,Rural Village,7,6,Walking,0.0,0.0,School based feeding programme,Bachelor,3,0.0,Rural Village,Both Parents,0.0,0.0,0.0,0.0,0.0,1,0,1,0,0,1,1,First,Role Models,University Residence,Self Catering,1.0,1.0,Between 6km and 9km,Walking,Between 31 minutes and an hour,1,NSFAS,NSFAS,NSFAS,1.0,1.0,Employed and earning salary/wages,Domestic servant or unskilled labour
,,,,,Ponego Secondary School,IsiZulu,1.0,1.0,Second,No fee-paying school,Between 41 and 60,Township,9,6,School Bus,0.0,,Parents provided lunch money,Bachelor,2,0.0,Township,Single Parent,0.0,0.0,0.0,1.0,5.0,1,1,1,0,1,1,1,First,Passion,,,,,Between 20km and 30km,University bus service,Between 1 and 2 hours,1,NSFAS,NSFAS,NSFAS,1.0,1.0,,
,,,,,Mabea Secondary School ,Sepedi,1.0,1.0,First,No fee-paying school,Greater than 80,Rural Village,7,7,School Bus,1.0,1.0,School based feeding programme,Bachelor,1,1.0,Farm,Single Parent,0.0,0.0,0.0,1.0,5.0,0,1,0,0,0,0,1,First,Passion,University Residence,Self Catering,1.0,0.0,Between 6km and 9km,Walking,less than 30 minutes,1,NSFAS,NSFAS,NSFAS,1.0,1.0,,Employed and earning salary/wages
,,,,,Relebogile high school ,English,1.0,0.0,First,No fee-paying school,Greater than 80,Suburb/City/Town,7,7,Walking,0.0,0.0,Parents provided lunch money,School leaving,5,1.0,Township,Both Parents,0.0,0.0,0.0,1.0,5.0,1,1,1,0,0,1,1,First,Passion,University Residence,Self Catering,1.0,1.0,Less than 5km,Walking,less than 30 minutes,3,NSFAS,NSFAS,NSFAS,1.0,1.0,,
,,,,,Mlonde high school ,IsiZulu,1.0,1.0,Second,Parents or guardians,Between 31 and 40,Rural Village,5,6,Public Transport,0.0,0.0,School based feeding programme,School leaving,4,1.0,Rural Village,Single Parent,0.0,0.0,0.0,0.0,0.0,1,1,1,0,0,0,1,First,Passion,University Residence,Self Catering,1.0,1.0,Less than 5km,Walking,less than 30 minutes,2,NSFAS,NSFAS,"Guardian e.g., grandparent, uncle, siblings etc.",1.0,1.0,,
,,,,,Dennis Matlhaba Il Secondary,Sepedi,1.0,1.0,Second,No fee-paying school,Greater than 80,Rural Village,12,12,Scholar transport (Rural learners),0.0,0.0,School based feeding programme,Bachelor,4,1.0,Rural Village,Both Parents,0.0,0.0,0.0,0.0,0.0,1,1,0,0,0,1,1,First,Passion,University Residence,Self Catering,1.0,1.0,Less than 5km,Walking,less than 30 minutes,2,NSFAS,NSFAS,NSFAS,1.0,1.0,,
,,,,,Ivuna High School,IsiZulu,1.0,1.0,First,Trust fund,Greater than 80,Rural Village,8,7,Walking,0.0,0.0,School based feeding programme,Bachelor,4,1.0,Rural Village,Single Parent,0.0,0.0,0.0,0.0,0.0,1,1,1,0,1,1,1,First,The desire to make a difference,University Residence,Self Catering,1.0,0.0,Between 6km and 9km,Walking,Between 31 minutes and an hour,1,NSFAS,NSFAS,NSFAS,1.0,1.0,,
,,,,,Taxila secondary,English,1.0,0.0,First,Parents or guardians,Between 31 and 40,Suburb/City/Town,12,9,Walking,1.0,0.0,Parents provided lunch box.,Bachelor,4,1.0,Suburb/City/Town,Both Parents,0.0,0.0,0.0,0.0,0.0,1,1,0,0,0,1,1,First,Family,University Residence,Self Catering,1.0,1.0,Between 20km and 30km,University bus service,Between 31 minutes and an hour,2,NSFAS,NSFAS,NSFAS,1.0,1.0,,
,,,,,Abraham Serote Senior Secondary School ,Sepedi,1.0,1.0,First,No fee-paying school,Between 41 and 60,Rural Village,9,10,Walking,0.0,0.0,School based feeding programme,Bachelor,2,1.0,Rural Village,"Guardian e.g., grandparent, uncle, siblings etc..",0.0,0.0,0.0,0.0,0.0,1,1,1,0,1,1,1,First,The desire to make a difference,University Residence,Self Catering,1.0,1.0,Less than 5km,Walking,less than 30 minutes,2,NSFAS,NSFAS,NSFAS,1.0,1.0,,Unable to work/disabled and not receiving a disability grant
,,,,,John Mutheiwana secondary ,Tshivenda,1.0,0.0,Second,No fee-paying school,Between 41 and 60,Rural Village,6,4,Walking,0.0,0.0,School based feeding programme,Bachelor,1,0.0,Rural Village,Both Parents,1.0,3.0,0.0,0.0,0.0,1,1,1,0,1,1,1,First,Family,Private,Self Catering,1.0,1.0,Between 15km and 19km,University bus service,Between 31 minutes and an hour,1,NSFAS,NSFAS,NSFAS,1.0,1.0,,
,,,,,Leap science and maths school,English,1.0,0.0,First,Parents or guardians,Between 20 and 30,Private school,9,11,Scholar transport (Rural learners),1.0,0.0,School based feeding programme,School leaving,3,1.0,Rural Village,Both Parents,1.0,4.0,0.0,0.0,0.0,1,0,1,0,0,0,1,First,Passion,University Residence,Catered,1.0,1.0,Greater than 30km,University bus service,Between 1 and 2 hours,1,"Bursary e.g., Eskom, Sasol etc.","Bursary e.g., Eskom, Sasol etc",,,,,
,,,,,Sutherland High School ,English,1.0,1.0,First,Parents or guardians,Between 31 and 40,Public,11,11,Dropped off by parent or relative,1.0,0.0,Parents provided lunch box.,Bachelor,6,1.0,Suburb/City/Town,Both Parents,0.0,0.0,0.0,1.0,5.0,1,0,0,0,0,1,1,First,Passion,Home,,1.0,1.0,Greater than 30km,Own automobile/car,Between 31 minutes and an hour,3,Parent/Parents,Parent/Parents,"Spouse/Partner e.g., wife, boyfriend etc.",,,Self-employed,Self-employed
,,,,,St George College ,English,1.0,1.0,Second,Parents or guardians,Greater than 80,Private school,7,6,Scholar transport (Rural learners),0.0,1.0,Parents provided lunch box.,Bachelor,5,0.0,Rural Village,Single Parent,,,0.0,1.0,5.0,1,0,0,0,0,0,1,First,Family,University Residence,Self Catering,1.0,1.0,Less than 5km,Walking,Between 31 minutes and an hour,2,NSFAS,NSFAS,NSFAS,1.0,1.0,,
,,,,,Marobathota,Sepedi,1.0,1.0,Second,Government scholarship/bursary,Between 41 and 60,Township,9,8,Boarding school,1.0,1.0,Parents provided lunch box.,Bachelor,5,1.0,Township,Single Parent,0.0,0.0,0.0,0.0,0.0,0,0,0,0,1,0,1,First,Passion,University Residence,Self Catering,1.0,0.0,Less than 5km,Walking,less than 30 minutes,3,NSFAS,NSFAS,NSFAS,1.0,1.0,,Unemployed and looking for work
,,,,,Lehwelere Matlala Secondary School ,Sepedi,1.0,1.0,Second,No fee-paying school,Between 31 and 40,Rural Village,7,7,Walking,0.0,1.0,School based feeding programme,School leaving,1,1.0,Rural Village,Single Parent,0.0,0.0,0.0,1.0,5.0,1,0,0,0,0,0,1,First,Role Models,University Residence,Self Catering,1.0,0.0,Between 6km and 9km,Walking,less than 30 minutes,3,NSFAS,NSFAS,NSFAS,1.0,1.0,,
,,,,,Pelotona Secondary School ,Setswana,1.0,1.0,Second,No fee-paying school,Between 20 and 30,Township,7,5,School Bus,0.0,1.0,Parents provided lunch money,Bachelor,5,1.0,Township,Single Parent,,,0.0,0.0,0.0,1,1,1,0,1,1,1,First,Passion,University Residence,Self Catering,1.0,1.0,Less than 5km,Walking,Between 31 minutes and an hour,3,"Bursary e.g., Eskom, Sasol etc.","Bursary e.g., Eskom, Sasol etc","Bursary e.g., Eskom, Sasol etc.",,,,
,,,,,Dzata Secondary School,Tshivenda,1.0,1.0,First,"Bursary e.g., Sasol, Eskom etc.",Between 41 and 60,Rural Village,10,8,Public Transport,0.0,0.0,School based feeding programme,Bachelor,2,0.0,Rural Village,Both Parents,0.0,0.0,0.0,0.0,0.0,0,0,1,0,1,1,1,First,Role Models,University Residence,Self Catering,1.0,1.0,Less than 5km,Walking,less than 30 minutes,3,NSFAS,NSFAS,NSFAS,1.0,1.0,,
,,,,,Sebakanaga secondary school ,English,1.0,0.0,First,No fee-paying school,Between 31 and 40,Rural Village,6,3,Walking,0.0,0.0,Parents provided lunch money,Bachelor,4,0.0,Rural Village,Both Parents,0.0,0.0,0.0,,,1,1,1,0,1,1,1,First,The desire to make a difference,University Residence,Self Catering,1.0,0.0,Between 6km and 9km,Walking,less than 30 minutes,2,NSFAS,NSFAS,NSFAS,1.0,1.0,,Self-employed
,,,,,Ngibongeleni High school ,IsiZulu,1.0,0.0,Second,No fee-paying school,Less than 20,Rural Village,7,7,Walking,0.0,0.0,School based feeding programme,Bachelor,2,1.0,Rural Village,"Guardian e.g., grandparent, uncle, siblings etc..",0.0,0.0,0.0,0.0,0.0,1,0,1,0,0,1,1,First,Job Security,University Residence,Self Catering,1.0,1.0,Greater than 30km,University bus service,Between 31 minutes and an hour,2,NSFAS,NSFAS,NSFAS,1.0,1.0,,
,,,,,Mondlo Secondary School ,IsiZulu,1.0,1.0,First,No fee-paying school,Between 61 and 80,Township,10,9,Walking,0.0,1.0,School based feeding programme,Bachelor,2,1.0,Township,Both Parents,1.0,2.0,0.0,1.0,5.0,1,1,1,0,1,1,1,First,The desire to make a difference,University Residence,Self Catering,1.0,1.0,Less than 5km,Walking,less than 30 minutes,1,NSFAS,NSFAS,NSFAS,1.0,1.0,,
,,,,,Enhlanhleni secondary school ,English,1.0,0.0,Second,No fee-paying school,Between 61 and 80,Rural Village,8,8,Walking,1.0,1.0,School based feeding programme,Bachelor,3,1.0,Rural Village,Family friend/Friend,0.0,0.0,0.0,0.0,0.0,1,1,1,0,1,1,1,First,Passion,University Residence,Self Catering,1.0,1.0,Between 15km and 19km,University bus service,Between 31 minutes and an hour,2,NSFAS,NSFAS,NSFAS,1.0,1.0,,Domestic servant or unskilled labour
,,,,,Hoërskool die Wilgers,Afrikaans,1.0,1.0,Second,Parents or guardians,Between 20 and 30,Suburb/City/Town,13,10,Dropped off by parent or relative,0.0,0.0,Two meals a day,School leaving,6,1.0,Suburb/City/Town,Both Parents,0.0,0.0,0.0,0.0,0.0,1,0,0,0,0,1,1,First,Passion,Home,,,1.0,Greater than 30km,Dropped off by parent or relative,Between 31 minutes and an hour,2,Parent/Parents,Parent/Parents,,,,Self-employed,Out of work but not currently looking for work
,,,,,Mbilwi Secondary School ,English,1.0,0.0,Second,Parents or guardians,Between 41 and 60,Rural Village,9,8,Public Transport,0.0,0.0,Parents provided lunch box.,Bachelor,5,1.0,Rural Village,Both Parents,0.0,0.0,0.0,0.0,0.0,1,1,1,0,1,1,1,First,Passion,University Residence,Self Catering,1.0,0.0,Between 6km and 9km,Walking,Between 31 minutes and an hour,2,Merit scholarships,Merit scholarships,Merit scholarships,,,,
,,,,,Mabizela High School ,IsiZulu,1.0,1.0,Second,No fee-paying school,Between 41 and 60,Rural Village,7,6,School Bus,0.0,0.0,School based feeding programme,Bachelor,3,1.0,Rural Village,Both Parents,0.0,0.0,0.0,1.0,6.0,1,1,1,0,1,1,1,First,Passion,University Residence,Self Catering,1.0,0.0,Between 6km and 9km,Walking,less than 30 minutes,2,NSFAS,NSFAS,NSFAS,1.0,1.0,,
,,,,,Boitshepo secondary school ,English,1.0,0.0,Second,No fee-paying school,Between 31 and 40,Rural Village,8,8,Walking,0.0,1.0,School based feeding programme,Bachelor,2,1.0,Rural Village,"Guardian e.g., grandparent, uncle, siblings etc..",0.0,0.0,0.0,0.0,0.0,1,1,1,0,1,1,1,First,Passion,University Residence,Self Catering,1.0,1.0,Less than 5km,Walking,Between 31 minutes and an hour,3,Government scholarship/bursary,Government scholarship/bursary,Government scholarship/bursary,,1.0,,
,,,,,Thunk tiro Engineering School of specialisation ,Sesotho,1.0,1.0,First,No fee-paying school,Between 20 and 30,Township,11,11,Public Transport,1.0,1.0,Parents provided lunch money,Bachelor,3,1.0,Township,"Guardian e.g., grandparent, uncle, siblings etc..",1.0,3.0,0.0,0.0,0.0,1,1,1,0,1,1,1,First,Passion,University Residence,Self Catering,1.0,0.0,Less than 5km,Walking,less than 30 minutes,1,NSFAS,NSFAS,NSFAS,1.0,1.0,Unemployed and looking for work,Unemployed and looking for work
,,,,,TSHIKUNDAMALEMA SECONDARY SCHOOL ,Tshivenda,1.0,1.0,First,No fee-paying school,Between 41 and 60,Rural Village,8,8,School Bus,0.0,,,,3,1.0,Farm,Single Parent,0.0,0.0,0.0,1.0,5.0,0,0,0,0,0,0,0,First,Passion,University Residence,Self Catering,1.0,0.0,Less than 5km,Walking,less than 30 minutes,2,NSFAS,NSFAS,NSFAS,1.0,1.0,,
,,,,,Shawbury  SSS,English,1.0,0.0,Second,Parents or guardians,Between 41 and 60,Rural Village,8,7,Boarding school,0.0,0.0,School based feeding programme,Bachelor,2,1.0,Rural Village,"Guardian e.g., grandparent, uncle, siblings etc..",0.0,0.0,0.0,0.0,0.0,1,0,0,0,0,0,1,First,The desire to make a difference,University Residence,Catered,1.0,0.0,Less than 5km,Walking,less than 30 minutes,1,NSFAS,NSFAS,NSFAS,1.0,1.0,,
,,,,,Moseki Secondary School ,Sepedi,1.0,0.0,Second,No fee-paying school,Between 20 and 30,Rural Village,8,8,Walking,0.0,1.0,School based feeding programme,School leaving,3,1.0,Rural Village,Both Parents,0.0,0.0,0.0,0.0,0.0,1,0,0,0,0,0,1,First,Passion,University Residence,Self Catering,1.0,0.0,Between 6km and 9km,Walking,less than 30 minutes,1,NSFAS,NSFAS,NSFAS,1.0,1.0,,
,,,,,Mmajane Secondary School,English,1.0,0.0,First,"Parents or guardians, No fee-paying school",Between 61 and 80,Rural Village,5,5,Walking,0.0,1.0,Parents provided lunch money,Bachelor,3,1.0,Rural Village,Both Parents,0.0,0.0,0.0,1.0,15.0,1,1,1,0,0,1,1,First,Passion,University Residence,Self Catering,1.0,1.0,Greater than 30km,University bus service,Between 31 minutes and an hour,2,NSFAS,NSFAS,NSFAS,1.0,1.0,,
1.0,1.0,0.0,1.0,1.0,Florida Park highschool ,English,0.0,1.0,First,Parents or guardians,Between 31 and 40,Public,9,9,Walking,0.0,1.0,Parents provided lunch box.,Bachelor,4,1.0,Suburb/City/Town,Both Parents,0.0,0.0,0.0,1.0,6.0,1,1,0,0,0,0,1,First,The desire to make a difference,University Residence,Self Catering,1.0,1.0,Less than 5km,Walking,less than 30 minutes,3,Government scholarship/bursary,Government scholarship/bursary,Government scholarship/bursary,,,,
,,,,,Ngono Secondary School ,IsiZulu,1.0,1.0,First,No fee-paying school,Between 61 and 80,Rural Village,2,2,Walking,0.0,0.0,School based feeding programme,Bachelor,1,1.0,Rural Village,No support,0.0,0.0,0.0,1.0,5.0,1,1,0,0,1,1,1,First,The desire to make a difference,University Residence,Self Catering,0.0,0.0,Greater than 30km,University bus service,Between 31 minutes and an hour,1,Funding arrangements not analyzed (if none of the above options apply),Funding arrangements not finalized (if none of the above options apply),Funding arrangements not finalized (if none of the above options apply),0.0,0.0,,
,,,,,Mp Magagula High School,SiSwati,1.0,0.0,Second,No fee-paying school,Greater than 80,Rural Village,7,5,Walking,0.0,0.0,School based feeding programme,School leaving,3,1.0,Rural Village,"Guardian e.g., grandparent, uncle, siblings etc..",0.0,0.0,0.0,0.0,0.0,1,1,1,0,0,1,1,First,Job Security,University Residence,,1.0,0.0,Less than 5km,Walking,less than 30 minutes,2,Funding arrangements not analyzed (if none of the above options apply),Funding arrangements not finalized (if none of the above options apply),"Guardian e.g., grandparent, uncle, siblings etc.",0.0,0.0,,
,,,,,Harry Oppenheimer Agricultural High school ,Sepedi,1.0,1.0,First,Parents or guardians,Greater than 80,Farm,12,10,Boarding school,0.0,1.0,School based feeding programme,Bachelor,2,1.0,Rural Village,Both Parents,0.0,0.0,,1.0,6.0,1,0,0,0,0,0,1,First,Passion,University Residence,Self Catering,1.0,0.0,Between 6km and 9km,Walking,Between 31 minutes and an hour,1,NSFAS,NSFAS,NSFAS,1.0,1.0,,
,,,,,Mapetla High School ,English,1.0,1.0,Second,No fee-paying school,Between 31 and 40,Township,5,5,Public Transport,0.0,1.0,School based feeding programme,Bachelor,5,1.0,Township,Single Parent,0.0,0.0,0.0,1.0,5.0,1,1,1,0,1,1,1,First,Passion,University Residence,Self Catering,1.0,1.0,Less than 5km,Walking,less than 30 minutes,3,Government scholarship/bursary,Government scholarship/bursary,Government scholarship/bursary,,,,
,,,,,Mphegolle High School ,Sepedi,1.0,1.0,Second,No fee-paying school,Between 61 and 80,Rural Village,6,7,Scholar transport (Rural learners),0.0,1.0,School based feeding programme,Bachelor,4,1.0,Rural Village,Both Parents,0.0,0.0,0.0,0.0,0.0,1,1,0,0,0,1,1,First,Role Models,University Residence,Catered,1.0,0.0,Less than 5km,Walking,less than 30 minutes,2,NSFAS,NSFAS,NSFAS,1.0,1.0,,
,,,,,Lubhoko Comprehensive High school,IsiZulu,1.0,1.0,Second,Parents or guardians,Greater than 80,Farm,6,5,Public Transport,0.0,1.0,School based feeding programme,Bachelor,2,0.0,,Single Parent,0.0,0.0,0.0,1.0,5.0,1,0,1,0,1,1,1,First,Passion,University Residence,Self Catering,1.0,0.0,Less than 5km,Walking,less than 30 minutes,1,NSFAS,NSFAS,NSFAS,1.0,1.0,,Unemployed and receiving social grant
,,,,,Tshepagalang Secondary,Setswana,1.0,0.0,First,No fee-paying school,Between 31 and 40,Township,9,9,Walking,1.0,0.0,School based feeding programme,Bachelor,2,0.0,Rural Village,Single Parent,0.0,0.0,0.0,0.0,0.0,1,1,1,0,1,1,1,First,Passion,University Residence,Self Catering,1.0,0.0,Less than 5km,Walking,less than 30 minutes,2,Funding arrangements not analyzed (if none of the above options apply),Funding arrangements not finalized (if none of the above options apply),Funding arrangements not finalized (if none of the above options apply),,,,
0.5,0.5,0.0,1.0,1.0,Pakamani SSS,IsiXhosa,1.0,1.0,First,Parents or guardians,Greater than 80,Rural Village,5,6,Walking,0.0,0.0,One meal a day at home,Bachelor,1,1.0,Rural Village,Single Parent,0.0,0.0,0.0,0.0,0.0,1,1,1,0,0,1,1,First,Passion,University Residence,Self Catering,1.0,1.0,Greater than 30km,University bus service,Between 31 minutes and an hour,1,NSFAS,NSFAS,NSFAS,1.0,1.0,,
,,,,,Schoongezicht secondary school ,English,1.0,0.0,First,No fee-paying school,Greater than 80,Rural Village,7,5,Walking,0.0,0.0,School based feeding programme,Bachelor,2,1.0,Rural Village,Both Parents,0.0,0.0,0.0,0.0,0.0,0,0,0,0,0,1,1,First,Passion,University Residence,Self Catering,1.0,1.0,Less than 5km,Walking,Between 31 minutes and an hour,1,"Bursary e.g., Eskom, Sasol etc.","Bursary e.g., Eskom, Sasol etc","Bursary e.g., Eskom, Sasol etc.",,,,
,,,,,Makaula senior secondary School ,xhosa,1.0,1.0,Second,No fee-paying school,Between 31 and 40,Rural Village,8,9,Boarding school,0.0,,School based feeding programme,Bachelor,2,1.0,Rural Village,Both Parents,0.0,0.0,0.0,0.0,0.0,1,1,1,0,1,1,1,First,Passion,University Residence,Self Catering,1.0,1.0,Between 10km and 14km,University bus service,Between 31 minutes and an hour,2,NSFAS,NSFAS,NSFAS,1.0,1.0,Domestic servant or unskilled labour,Unemployed and receiving social grant
,,,,,Bataung Secondary school ,Sepedi,1.0,0.0,Second,Government scholarship/bursary,Between 41 and 60,Rural Village,4,3,Walking,0.0,1.0,Parents provided lunch money,School leaving,2,0.0,Rural Village,Single Parent,0.0,0.0,0.0,0.0,0.0,1,1,0,0,1,1,1,First,Passion,University Residence,Self Catering,0.0,0.0,Less than 5km,Walking,less than 30 minutes,2,NSFAS,NSFAS,NSFAS,1.0,1.0,,Unemployed and looking for work
,,,,,St Augustine Residential School ,English,1.0,1.0,Second,Parents or guardians,Greater than 80,Township,7,4,Public Transport,0.0,0.0,Parents provided lunch box.,Bachelor,2,0.0,Rural Village,"Guardian e.g., grandparent, uncle, siblings etc..",0.0,0.0,0.0,1.0,6.0,1,0,0,0,0,0,1,First,Family,University Residence,Self Catering,1.0,1.0,Less than 5km,Walking,Between 31 minutes and an hour,1,Government scholarship/bursary,Government scholarship/bursary,Government scholarship/bursary,,,,
,,,,,Boitshepo Secondary School ,Setswana,1.0,1.0,Second,No fee-paying school,Between 31 and 40,Township,8,8,Walking,0.0,1.0,Parents provided lunch box.,Bachelor,5,1.0,Township,Both Parents,0.0,0.0,0.0,1.0,5.0,1,0,0,0,0,0,1,First,Passion,University Residence,Self Catering,1.0,1.0,Between 6km and 9km,University bus service,Between 31 minutes and an hour,2,"Bursary e.g., Eskom, Sasol etc.","Bursary e.g., Eskom, Sasol etc","Bursary e.g., Eskom, Sasol etc.",,,,Unemployed and receiving social grant
,,,,,St John’s College uMthatha ,IsiXhosa,1.0,0.0,Second,Parents or guardians,Between 41 and 60,Suburb/City/Town,12,11,Boarding school,0.0,1.0,School based feeding programme,Bachelor,5,1.0,Rural Village,Both Parents,0.0,0.0,0.0,0.0,0.0,1,1,0,0,1,1,1,First,Passion,University Residence,Self Catering,0.0,1.0,Less than 5km,Walking,less than 30 minutes,1,Parent/Parents,Parent/Parents,,1.0,0.0,Employed and earning salary/wages,Employed and earning salary/wages
,,,,,Westridge Highschool ,English,0.0,0.0,Third,Parents or guardians,Between 41 and 60,Township,10,7,Public Transport,1.0,1.0,Parents provided lunch box.,Bachelor,5,1.0,Suburb/City/Town,Both Parents,0.0,0.0,0.0,1.0,5.0,1,1,0,0,1,1,1,First,Passion,University Residence,Self Catering,0.0,0.0,Between 6km and 9km,Walking,less than 30 minutes,2,Parent/Parents,Parent/Parents,"Guardian e.g., grandparent, uncle, siblings etc.",,,Employed and earning salary/wages,Employed and earning salary/wages
,,,,,Platinum village secondary school ,English,1.0,0.0,Second,Merit scholarships,Between 41 and 60,Suburb/City/Town,11,10,Public Transport,0.0,1.0,Parents provided lunch box.,Bachelor,2,1.0,Township,Single Parent,0.0,0.0,0.0,0.0,0.0,0,1,0,0,0,0,1,First,Passion,University Residence,Self Catering,1.0,1.0,,University bus service,Between 31 minutes and an hour,1,Funding arrangements not analyzed (if none of the above options apply),Funding arrangements not finalized (if none of the above options apply),Funding arrangements not finalized (if none of the above options apply),,,,
,,,,,Mbilwi Secondary School,English,1.0,1.0,Second,Parents or guardians,Between 41 and 60,Rural Village,9,8,Public Transport,0.0,0.0,Parents provided lunch box.,Bachelor,5,1.0,Rural Village,Both Parents,0.0,0.0,0.0,0.0,0.0,1,1,1,0,1,1,1,First,Passion,University Residence,Self Catering,1.0,0.0,Between 6km and 9km,Walking,Between 31 minutes and an hour,2,Parent/Parents,Funding arrangements not finalized (if none of the above options apply),Funding arrangements not finalized (if none of the above options apply),,,Employed and earning salary/wages,Employed and earning salary/wages
,,,,,Solomon Mahlangu Freedom School,English,1.0,0.0,Third,No fee-paying school,Between 41 and 60,Township,5,3,Walking,0.0,0.0,Parents provided lunch money,Bachelor,3,1.0,Township,Single Parent,1.0,3.0,0.0,1.0,5.0,1,1,0,0,1,1,1,First,The desire to make a difference,University Residence,Self Catering,1.0,1.0,Less than 5km,Walking,less than 30 minutes,2,Government scholarship/bursary,Government scholarship/bursary,Government scholarship/bursary,,,,
0.5,0.5,0.0,1.0,1.0,Tlhorong SS ,Sesotho,1.0,1.0,First,No fee-paying school,Between 31 and 40,Home schooling,6,2,Walking,0.0,0.0,School based feeding programme,Bachelor,2,1.0,Township,Single Parent,0.0,0.0,0.0,1.0,5.0,1,1,0,0,1,1,1,First,Other,Accommodation,,1.0,1.0,Between 20km and 30km,University bus service,Between 31 minutes and an hour,2,NSFAS,NSFAS,NSFAS,1.0,1.0,,Unemployed and looking for work
,,,,,Palmridge Secondary School ,English,1.0,0.0,Second,No fee-paying school,Between 31 and 40,Suburb/City/Town,11,9,Walking,1.0,1.0,School based feeding programme,Bachelor,2,1.0,Township,Both Parents,0.0,0.0,0.0,0.0,0.0,1,0,0,0,0,0,1,First,Passion,University Residence,Self Catering,1.0,1.0,Less than 5km,Walking,Between 31 minutes and an hour,2,NSFAS,NSFAS,NSFAS,1.0,1.0,,
,,,,,Khatisa Secondary School ,English,1.0,1.0,First,No fee-paying school,Between 41 and 60,Rural Village,6,5,Scholar transport (Rural learners),0.0,1.0,School based feeding programme,Bachelor,5,1.0,Rural Village,Both Parents,0.0,0.0,0.0,0.0,0.0,1,1,1,0,1,1,1,First,Family,University Residence,Self Catering,0.0,1.0,Less than 5km,Walking,Between 31 minutes and an hour,2,NSFAS,NSFAS,NSFAS,1.0,1.0,Employed and earning salary/wages,Unemployed and looking for work
,,,,,Chika secondary school,Sepedi,1.0,1.0,First,No fee-paying school,Greater than 80,Rural Village,9,9,School Bus,0.0,1.0,School based feeding programme,Bachelor,3,1.0,Rural Village,Single Parent,1.0,3.0,0.0,1.0,6.0,1,1,1,0,1,1,1,First,Passion,University Residence,Self Catering,1.0,1.0,Between 6km and 9km,Walking,Between 31 minutes and an hour,2,NSFAS,NSFAS,NSFAS,1.0,1.0,,
,,,,,Springs boys high school ,English,0.0,0.0,Second,Parents or guardians,Between 20 and 30,Suburb/City/Town,11,10,Public Transport,0.0,1.0,Two meals a day,Diploma,5,1.0,Suburb/City/Town,Both Parents,0.0,0.0,0.0,0.0,0.0,1,1,1,0,0,1,1,First,Passion,University Residence,Self Catering,1.0,1.0,Less than 5km,Walking,less than 30 minutes,2,"Bursary e.g., Eskom, Sasol etc.","Bursary e.g., Eskom, Sasol etc","Bursary e.g., Eskom, Sasol etc.",,,,
,,,,,Mabea High School ,Sepedi,1.0,1.0,First,No fee-paying school,Between 31 and 40,Rural Village,11,10,Scholar transport (Rural learners),1.0,1.0,School based feeding programme,Bachelor,0,,,,,,,,,0,0,0,0,0,0,0,,,,,,,,,,0,,,,,,,
,,,,,John Mutheiwana ,English,1.0,0.0,Second,Parents or guardians,Between 41 and 60,Rural Village,8,6,Walking,0.0,0.0,School based feeding programme,Bachelor,5,1.0,Rural Village,Both Parents,0.0,0.0,0.0,1.0,6.0,1,1,0,0,0,1,1,First,The desire to make a difference,Accommodation,,1.0,0.0,Between 6km and 9km,University bus service,Between 31 minutes and an hour,2,NSFAS,NSFAS,NSFAS,1.0,1.0,,
,,,,,Dynamique Private High School ,English,0.0,0.0,Second,Parents or guardians,Between 31 and 40,Suburb/City/Town,8,7,Boarding school,0.0,1.0,Three meals a day,Bachelor,6,1.0,Rural Village,Both Parents,0.0,0.0,0.0,0.0,0.0,1,0,1,0,0,1,1,First,Passion,University Residence,Self Catering,1.0,1.0,Less than 5km,Walking,less than 30 minutes,2,NSFAS,NSFAS,NSFAS,1.0,1.0,,
,,,,,KwaNotshelwa High school ,IsiZulu,1.0,1.0,Second,No fee-paying school,Greater than 80,Rural Village,9,6,Walking,0.0,0.0,School based feeding programme,Bachelor,4,1.0,Rural Village,Single Parent,0.0,0.0,0.0,0.0,0.0,1,0,1,0,1,1,1,First,Passion,University Residence,Self Catering,0.0,0.0,Less than 5km,Walking,less than 30 minutes,2,NSFAS,NSFAS,NSFAS,1.0,1.0,,Unemployed and looking for work
,,,,,Reitumetse Secondary School,Sepedi,1.0,0.0,Second,No fee-paying school,Between 31 and 40,Township,9,6,Walking,0.0,0.0,Community based/NGO feeding programme,School leaving,3,1.0,Township,"Guardian e.g., grandparent, uncle, siblings etc..",0.0,0.0,0.0,0.0,0.0,1,1,1,0,1,1,1,First,Family,University Residence,Self Catering,1.0,1.0,Less than 5km,Walking,Between 31 minutes and an hour,2,NSFAS,NSFAS,NSFAS,1.0,1.0,,
,,,,,Matshwara ,Sepedi,1.0,1.0,First,No fee-paying school,Between 31 and 40,Public,9,8,Scholar transport (Rural learners),0.0,0.0,School based feeding programme,School leaving,1,0.0,Rural Village,Single Parent,0.0,0.0,0.0,1.0,6.0,1,1,1,0,0,1,1,First,The desire to make a difference,University Residence,Self Catering,1.0,1.0,Less than 5km,Walking,less than 30 minutes,3,Government scholarship/bursary,Government scholarship/bursary,Government scholarship/bursary,,,Employed and earning salary/wages,Domestic servant or unskilled labour
,,,,,Mphegolle secondary school ,Sepedi,1.0,1.0,First,Government scholarship/bursary,Between 61 and 80,Rural Village,6,5,Public Transport,0.0,0.0,School based feeding programme,Bachelor,3,,Rural Village,Both Parents,0.0,0.0,0.0,0.0,0.0,1,1,1,0,0,1,1,First,The desire to make a difference,University Residence,Self Catering,1.0,1.0,Between 6km and 9km,Walking,Between 31 minutes and an hour,2,NSFAS,NSFAS,NSFAS,1.0,1.0,,
,,,,,Mukula Integrated  School ,Tshivenda,1.0,1.0,First,,Between 61 and 80,Private school,9,4,School Bus,0.0,0.0,,Bachelor,3,1.0,,Single Parent,0.0,0.0,0.0,0.0,0.0,1,0,1,0,0,1,1,First,Passion,University Residence,Self Catering,1.0,,Between 10km and 14km,Walking,Between 31 minutes and an hour,2,NSFAS,NSFAS,NSFAS,1.0,1.0,,
,,,,,Pretoria Boys High School,English,1.0,1.0,First,Parents or guardians,Between 20 and 30,Private school,11,9,Walking,1.0,1.0,Parents provided lunch box.,Bachelor,3,1.0,Township,Both Parents,0.0,0.0,0.0,0.0,0.0,0,1,0,0,1,0,1,First,Passion,University Residence,Self Catering,1.0,,Between 15km and 19km,Public transport,Between 1 and 2 hours,2,Parent/Parents,Parent/Parents,Paying for myself,,,Employed and earning salary/wages,
,,,,,Sekhukhusa Senior Secondary School ,Sepedi,1.0,1.0,Third,"Bursary e.g., Sasol, Eskom etc.",Greater than 80,Public,6,6,Walking,0.0,1.0,School based feeding programme,Bachelor,3,1.0,Rural Village,Both Parents,0.0,0.0,1.0,1.0,5.0,1,1,1,0,1,1,1,Third,Passion,University Residence,Self Catering,1.0,1.0,Greater than 30km,University bus service,Between 31 minutes and an hour,1,NSFAS,NSFAS,NSFAS,1.0,1.0,Self-employed,Employed and earning salary/wages
,,,,,Masobe High School,Sepedi,1.0,1.0,Second,No fee-paying school,Between 61 and 80,Rural Village,8,7,Walking,1.0,0.0,School based feeding programme,Bachelor,2,1.0,Rural Village,Single Parent,0.0,0.0,,1.0,6.0,1,1,0,0,1,1,1,First,Family,University Residence,Self Catering,1.0,0.0,Greater than 30km,University bus service,Between 31 minutes and an hour,1,NSFAS,NSFAS,NSFAS,1.0,1.0,,
,,,,,Mphanama Secondary School,IsiZulu,1.0,1.0,Second,No fee-paying school,Between 41 and 60,Public,11,11,Walking,1.0,0.0,School based feeding programme,Bachelor,4,0.0,Township,Single Parent,0.0,0.0,0.0,0.0,0.0,1,1,1,0,1,1,1,First,The desire to make a difference,University Residence,Self Catering,1.0,,Less than 5km,Walking,Between 31 minutes and an hour,2,NSFAS,NSFAS,NSFAS,1.0,1.0,,
1.0,1.0,0.0,1.0,1.0,Waterberg High School ,English,1.0,0.0,Third,Parents or guardians,Between 31 and 40,Suburb/City/Town,8,7,Walking,0.0,0.0,Parents provided lunch box.,Bachelor,4,1.0,Suburb/City/Town,Both Parents,0.0,0.0,0.0,0.0,0.0,0,1,0,0,0,0,1,First,Passion,Accommodation,,1.0,0.0,Between 20km and 30km,Public transport,less than 30 minutes,2,Parent/Parents,Parent/Parents,"Guardian e.g., grandparent, uncle, siblings etc.",,,Employed and earning salary/wages,Employed and earning salary/wages
,,,,,Nahakwe secondary school ,Sepedi,1.0,1.0,Second,No fee-paying school,Between 31 and 40,Rural Village,8,0,Walking,0.0,1.0,School based feeding programme,Bachelor,5,1.0,Rural Village,Both Parents,0.0,0.0,0.0,0.0,0.0,1,1,0,0,1,0,1,First,Job Security,University Residence,Self Catering,0.0,1.0,Less than 5km,Walking,Between 31 minutes and an hour,2,NSFAS,NSFAS,NSFAS,1.0,1.0,,
,,,,,afrikaanse hoër meisies skool pretoria,Afrikaans,0.0,1.0,Second,Parents or guardians,Between 31 and 40,Suburb/City/Town,13,14,Own Automobile/car,1.0,0.0,Parents provided lunch box.,Bachelor,6,1.0,Suburb/City/Town,Both Parents,0.0,0.0,0.0,1.0,6.0,1,0,0,0,0,1,1,Second,Passion,Home,,,1.0,Greater than 30km,Own automobile/car,Between 31 minutes and an hour,2,Parent/Parents,Parent/Parents,,,,Employed and earning salary/wages,Unemployed and looking for work
,,,,,MBILWI SECONDARY SCHOOL,Tshivenda,1.0,1.0,Second,Parents or guardians,Between 61 and 80,Public,10,8,Public Transport,0.0,0.0,Parents provided lunch box.,Bachelor,4,0.0,Rural Village,"Guardian e.g., grandparent, uncle, siblings etc..",0.0,0.0,0.0,0.0,0.0,1,1,0,0,0,1,1,Second,Family,University Residence,Self Catering,1.0,1.0,Less than 5km,Walking,less than 30 minutes,2,NSFAS,NSFAS,NSFAS,1.0,1.0,,
,,,,,Poo Secondary school ,English,1.0,0.0,Second,No fee-paying school,Between 61 and 80,Rural Village,8,6,Public Transport,0.0,0.0,Parents provided lunch money,Bachelor,3,1.0,Rural Village,"Guardian e.g., grandparent, uncle, siblings etc..",0.0,0.0,0.0,0.0,0.0,1,1,1,0,1,1,1,First,Other,University Residence,Self Catering,1.0,1.0,Between 20km and 30km,University bus service,Between 31 minutes and an hour,2,NSFAS,NSFAS,NSFAS,1.0,1.0,,
,,,,,PT Matlala secondary schoo;,Sepedi,1.0,1.0,Second,No fee-paying school,Between 20 and 30,Rural Village,6,5,Walking,0.0,1.0,School based feeding programme,Bachelor,2,1.0,Rural Village,"Guardian e.g., grandparent, uncle, siblings etc..",1.0,1.0,0.0,1.0,6.0,1,1,1,0,1,1,1,First,The desire to make a difference,University Residence,Self Catering,1.0,0.0,Between 20km and 30km,University bus service,Between 31 minutes and an hour,2,NSFAS,NSFAS,NSFAS,1.0,1.0,,
,,,,,Vulanindlela Secondary school,IsiZulu,1.0,1.0,First,No fee-paying school,Between 31 and 40,Township,8,8,Walking,1.0,0.0,School based feeding programme,Bachelor,3,1.0,Township,Both Parents,0.0,0.0,0.0,0.0,0.0,1,1,0,0,1,0,1,Second,Other,University Residence,Self Catering,0.0,1.0,Between 6km and 9km,Walking,Between 31 minutes and an hour,3,NSFAS,NSFAS,NSFAS,1.0,1.0,,
,,,,,Nhluvuko high school ,Xitsonga,1.0,1.0,Second,No fee-paying school,Between 41 and 60,Rural Village,7,5,Walking,1.0,1.0,School based feeding programme,Bachelor,5,1.0,Rural Village,Both Parents,0.0,0.0,0.0,1.0,5.0,1,1,1,0,1,1,1,First,Family,University Residence,Self Catering,1.0,1.0,Greater than 30km,University bus service,Between 31 minutes and an hour,2,NSFAS,NSFAS,NSFAS,1.0,1.0,,
,,,,,A.M. ZANTSI SENIOR SECONDARY SCHOOL ,ISIXHOSA ,1.0,1.0,First,Parents or guardians,Greater than 80,Rural Village,4,5,Public Transport,0.0,0.0,School based feeding programme,Bachelor,4,0.0,Township,No support,0.0,0.0,1.0,1.0,5.0,1,1,1,0,1,1,1,Third,Job Security,University Residence,Self Catering,0.0,0.0,Less than 5km,Walking,less than 30 minutes,2,Funding arrangements not analyzed (if none of the above options apply),Funding arrangements not finalized (if none of the above options apply),"Guardian e.g., grandparent, uncle, siblings etc.",,,,
,,,,,St George College,English,0.0,0.0,First,Parents or guardians,Between 31 and 40,Private school,9,8,Dropped off by parent or relative,1.0,0.0,Parents provided lunch box.,Bachelor,6,0.0,Suburb/City/Town,Both Parents,0.0,0.0,1.0,0.0,0.0,1,0,1,0,1,0,1,First,Other,University Residence,Self Catering,0.0,1.0,Between 6km and 9km,Walking,less than 30 minutes,2,NSFAS,NSFAS,NSFAS,1.0,1.0,,
,,,,,Mbilwi secondary school ,Tshivenda,1.0,1.0,First,Parents or guardians,Between 61 and 80,Public,9,8,Dropped off by parent or relative,0.0,0.0,Parents provided lunch money,Bachelor,1,1.0,Rural Village,Both Parents,0.0,0.0,0.0,0.0,0.0,1,0,0,0,1,1,1,First,Role Models,University Residence,Self Catering,1.0,1.0,Greater than 30km,University bus service,Between 31 minutes and an hour,2,NSFAS,NSFAS,NSFAS,1.0,1.0,,
,,,,, ,English,1.0,0.0,Second,Parents or guardians,Between 20 and 30,Suburb/City/Town,11,10,Public Transport,1.0,0.0,Parents provided lunch money,Bachelor,5,1.0,Suburb/City/Town,Both Parents,0.0,0.0,0.0,0.0,0.0,1,1,1,0,1,1,1,First,Other,University Residence,Self Catering,1.0,0.0,Less than 5km,Walking,Between 31 minutes and an hour,2,NSFAS,NSFAS,NSFAS,1.0,1.0,Employed and earning salary/wages,Self-employed
,,,,,KLEINWATER COLLEGE ,English,0.0,0.0,Second,Parents or guardians,Between 20 and 30,Private school,11,11,Boarding school,0.0,1.0,Three meals a day,Bachelor,5,1.0,Suburb/City/Town,Single Parent,0.0,0.0,0.0,1.0,6.0,1,1,0,0,1,1,1,First,Family,University Residence,Self Catering,1.0,1.0,Between 20km and 30km,University bus service,Between 31 minutes and an hour,2,"Bursary e.g., Eskom, Sasol etc.","Bursary e.g., Eskom, Sasol etc","Guardian e.g., grandparent, uncle, siblings etc.",,,,
,,,,,Bafokeng High school ,Setswana,1.0,1.0,Second,No fee-paying school,Between 41 and 60,Public,7,6,Walking,0.0,1.0,Two meals a day,Bachelor,3,1.0,Rural Village,Family friend/Friend,1.0,2.0,0.0,0.0,0.0,1,1,0,0,0,1,1,First,Passion,University Residence,Catered,1.0,1.0,Between 6km and 9km,Walking,Between 31 minutes and an hour,1,NSFAS,NSFAS,NSFAS,1.0,1.0,Unemployed and looking for work,Employed and earning salary/wages
,,,,,Hoërskool Waterkloof,Afrikaans,1.0,1.0,Second,Parents or guardians,Between 41 and 60,Suburb/City/Town,12,7,Dropped off by parent or relative,1.0,1.0,Parents provided lunch box.,Bachelor,5,1.0,Suburb/City/Town,Family friend/Friend,0.0,0.0,0.0,1.0,5.0,1,1,0,0,0,1,1,First,The desire to make a difference,Home,,1.0,0.0,Greater than 30km,Own automobile/car,Between 31 minutes and an hour,2,"Loans e.g., bank, Edu loan etc.",,Paying for myself,,,Employed and earning salary/wages,Employed and earning salary/wages
,,,,,Soshanguve east secondary school,English,1.0,0.0,First,"Bursary e.g., Sasol, Eskom etc.",Between 41 and 60,Public,11,10,Walking,1.0,0.0,School based feeding programme,Bachelor,2,1.0,Rural Village,"Guardian e.g., grandparent, uncle, siblings etc..",0.0,0.0,0.0,1.0,6.0,1,1,1,0,0,1,1,First,Role Models,University Residence,Self Catering,1.0,0.0,Less than 5km,Walking,less than 30 minutes,1,Government scholarship/bursary,NSFAS,NSFAS,1.0,1.0,,
,,,,,Ipopeng High School ,Sepedi,1.0,1.0,Second,No fee-paying school,Greater than 80,Rural Village,6,5,School Bus,0.0,0.0,School based feeding programme,Bachelor,2,1.0,Rural Village,Both Parents,0.0,0.0,0.0,1.0,5.0,1,1,1,0,1,1,1,First,The desire to make a difference,University Residence,Self Catering,1.0,1.0,Between 10km and 14km,University bus service,Between 1 and 2 hours,1,NSFAS,NSFAS,NSFAS,1.0,1.0,,
,,,,,ratshepo secondary school ,Setswana,1.0,1.0,Second,Parents or guardians,Between 20 and 30,Township,8,6,School Bus,1.0,0.0,School based feeding programme,Bachelor,2,0.0,Township,Single Parent,0.0,0.0,0.0,1.0,5.0,1,0,0,0,0,1,1,Second,Other,University Residence,Self Catering,1.0,1.0,Between 20km and 30km,University bus service,Between 31 minutes and an hour,1,NSFAS,NSFAS,NSFAS,1.0,1.0,,
,,,,,Iingcinga Zethu SS,Xhosa,1.0,1.0,Second,No fee-paying school,Between 31 and 40,Township,8,8,Walking,0.0,0.0,School based feeding programme,Bachelor,5,1.0,Township,Both Parents,0.0,0.0,0.0,0.0,0.0,1,1,1,0,1,1,1,First,Job Security,University Residence,Self Catering,1.0,,Less than 5km,Walking,less than 30 minutes,1,Government scholarship/bursary,Government scholarship/bursary,Government scholarship/bursary,0.0,0.0,,
,,,,,Bryanston High School,English,0.0,0.0,Second,Parents or guardians,Between 20 and 30,Suburb/City/Town,12,11,Dropped off by parent or relative,1.0,1.0,Parents provided lunch box.,Bachelor,5,1.0,Suburb/City/Town,Single Parent,0.0,0.0,0.0,0.0,0.0,1,1,0,0,0,1,1,First,Passion,University Residence,Self Catering,1.0,1.0,Between 20km and 30km,University bus service,Between 31 minutes and an hour,2,Government scholarship/bursary,Parent/Parents,Government scholarship/bursary,,,,Employed and earning salary/wages
,,,,,Calvin College,English,0.0,1.0,First,Parents or guardians,Less than 20,Township,11,10,Public Transport,0.0,1.0,Parents provided lunch money,Bachelor,2,0.0,Rural Village,Single Parent,0.0,0.0,0.0,0.0,0.0,1,0,1,0,1,1,1,First,The desire to make a difference,University Residence,Self Catering,1.0,0.0,Less than 5km,Walking,less than 30 minutes,2,NSFAS,NSFAS,NSFAS,1.0,1.0,,
,,,,,Executive Academy,IsiXhosa,1.0,1.0,First,Parents or guardians,Greater than 80,Rural Village,11,10,Boarding school,0.0,0.0,Three meals a day,Bachelor,2,1.0,Rural Village,Single Parent,0.0,0.0,0.0,1.0,6.0,1,1,0,0,1,1,1,First,Passion,University Residence,Self Catering,1.0,0.0,Less than 5km,Walking,less than 30 minutes,2,NSFAS,NSFAS,NSFAS,1.0,1.0,,
1.0,1.0,0.0,1.0,1.0,Springs Girls' High School,English,0.0,0.0,Second,Parents or guardians,Between 20 and 30,Suburb/City/Town,11,11,Public Transport,0.0,0.0,Parents provided lunch box.,Bachelor,4,1.0,Township,Single Parent,0.0,0.0,0.0,1.0,5.0,0,0,0,0,0,1,1,First,Passion,University Residence,Self Catering,1.0,0.0,Less than 5km,Walking,less than 30 minutes,2,"Bursary e.g., Eskom, Sasol etc.","Bursary e.g., Eskom, Sasol etc","Bursary e.g., Eskom, Sasol etc.",,,,
,,,,,Nelson Ramodike Secondary school ,Sepedi,1.0,0.0,First,No fee-paying school,Between 61 and 80,Rural Village,7,6,Public Transport,1.0,0.0,Parents provided lunch money,Bachelor,1,0.0,Rural Village,Both Parents,0.0,0.0,0.0,0.0,0.0,0,0,1,0,0,1,1,First,Role Models,University Residence,Self Catering,1.0,0.0,Less than 5km,Walking,less than 30 minutes,1,NSFAS,NSFAS,NSFAS,1.0,1.0,,
,,,,,MICHA KGASI,Setswana,0.0,1.0,Second,Government scholarship/bursary,Greater than 80,Rural Village,5,5,Walking,0.0,0.0,School based feeding programme,School leaving,2,1.0,Rural Village,Single Parent,1.0,2.0,0.0,0.0,0.0,1,1,1,0,1,1,1,First,Passion,University Residence,Self Catering,1.0,1.0,Less than 5km,Walking,less than 30 minutes,1,NSFAS,NSFAS,NSFAS,1.0,1.0,,
,,,,,Hlokozi High School,IsiZulu,1.0,1.0,Second,No fee-paying school,Less than 20,Public,5,5,Walking,0.0,0.0,One meal a day at home,Bachelor,1,1.0,Rural Village,No support,1.0,3.0,0.0,1.0,11.0,1,1,1,0,1,1,1,First,Passion,University Residence,Self Catering,1.0,1.0,Less than 5km,Walking,Between 31 minutes and an hour,1,Funding arrangements not analyzed (if none of the above options apply),Funding arrangements not finalized (if none of the above options apply),Funding arrangements not finalized (if none of the above options apply),,,,
,,,,,Nkwangulatilo Education Center,Xitsonga,1.0,1.0,First,Parents or guardians,Greater than 80,Township,6,5,Own Automobile/car,0.0,0.0,Parents provided lunch money,Bachelor,3,1.0,Rural Village,Both Parents,0.0,0.0,0.0,0.0,0.0,1,0,0,0,0,1,1,First,The desire to make a difference,University Residence,Catered,1.0,0.0,Between 6km and 9km,Walking,less than 30 minutes,3,"Bursary e.g., Eskom, Sasol etc.","Bursary e.g., Eskom, Sasol etc","Guardian e.g., grandparent, uncle, siblings etc.",0.0,0.0,Employed and earning salary/wages,Employed and earning salary/wages
,,,,,St Thomas College ,Sepedi,0.0,1.0,Second,Parents or guardians,Between 20 and 30,Suburb/City/Town,11,11,Public Transport,0.0,0.0,Parents provided lunch money,School leaving,5,1.0,Rural Village,Both Parents,0.0,0.0,0.0,0.0,0.0,1,0,0,0,0,0,1,First,Family,University Residence,Self Catering,1.0,1.0,,University bus service,Between 31 minutes and an hour,2,"Bursary e.g., Eskom, Sasol etc.","Bursary e.g., Eskom, Sasol etc","Bursary e.g., Eskom, Sasol etc.",,,,
,,,,,Shobiyana Senior School,English,1.0,1.0,First,No fee-paying school,Greater than 80,Rural Village,6,4,Dropped off by parent or relative,0.0,1.0,School based feeding programme,Bachelor,2,1.0,Rural Village,Single Parent,0.0,0.0,0.0,1.0,15.0,0,1,0,0,1,1,1,First,The desire to make a difference,University Residence,,1.0,1.0,Less than 5km,Walking,Between 31 minutes and an hour,2,NSFAS,NSFAS,NSFAS,1.0,1.0,,Self-employed
,,,,,Marcia Mokoena Secondary School ,English,1.0,1.0,Second,No fee-paying school,Between 31 and 40,Rural Village,6,4,Walking,0.0,0.0,School based feeding programme,Bachelor,3,1.0,Rural Village,No support,0.0,0.0,0.0,0.0,0.0,0,0,1,0,1,0,1,First,Job Security,University Residence,Self Catering,1.0,1.0,Less than 5km,Walking,less than 30 minutes,1,NSFAS,NSFAS,NSFAS,1.0,1.0,,
,,,,,St augustine,English,1.0,0.0,Second,Parents or guardians,Greater than 80,Private school,8,8,Scholar transport (Rural learners),0.0,0.0,Parents provided lunch box.,Bachelor,2,1.0,Farm,Both Parents,0.0,0.0,0.0,0.0,0.0,0,1,0,0,0,0,1,First,Passion,University Residence,Self Catering,1.0,0.0,Greater than 30km,University bus service,Between 31 minutes and an hour,1,NSFAS,NSFAS,NSFAS,1.0,0.0,Retired with retirement annuity income,Employed and earning salary/wages
,,,,,Tshwane Secondary School,English,1.0,0.0,Second,Parents or guardians,Between 31 and 40,Suburb/City/Town,5,5,Own Automobile/car,1.0,1.0,Parents provided lunch box.,Bachelor,6,1.0,Township,Both Parents,1.0,5.0,0.0,1.0,6.0,0,1,0,0,0,0,1,First,Passion,University Residence,Self Catering,1.0,1.0,Less than 5km,Walking,less than 30 minutes,2,NSFAS,NSFAS,NSFAS,1.0,1.0,Retired with retirement annuity income,
0.5,0.5,0.0,1.0,1.0,Sidungeni secondary school,SiSwati,1.0,1.0,First,Parents or guardians,Between 41 and 60,Rural Village,5,5,Walking,0.0,0.0,School based feeding programme,Bachelor,4,1.0,Rural Village,Single Parent,0.0,0.0,0.0,0.0,0.0,1,0,0,0,1,1,1,First,The desire to make a difference,University Residence,,1.0,1.0,Greater than 30km,University bus service,Between 31 minutes and an hour,5,NSFAS,NSFAS,NSFAS,1.0,1.0,,
,,,,,Ramatshagalala secondary school ,Sepedi,1.0,1.0,Second,No fee-paying school,Between 31 and 40,Rural Village,7,6,Walking,0.0,,School based feeding programme,Bachelor,6,1.0,Rural Village,Both Parents,0.0,0.0,0.0,1.0,15.0,1,1,1,0,1,1,1,First,Family,University Residence,Self Catering,1.0,0.0,Less than 5km,Walking,Between 31 minutes and an hour,2,NSFAS,NSFAS,NSFAS,1.0,1.0,,
,,,,,Ntswane secondary school ,English,1.0,0.0,Second,No fee-paying school,Between 41 and 60,Rural Village,6,4,Walking,0.0,1.0,School based feeding programme,Bachelor,5,1.0,Rural Village,Single Parent,0.0,0.0,0.0,1.0,5.0,1,1,1,0,0,1,1,First,The desire to make a difference,University Residence,Self Catering,1.0,1.0,Between 20km and 30km,University bus service,Between 31 minutes and an hour,3,Government scholarship/bursary,Government scholarship/bursary,Government scholarship/bursary,,,,
,,,,,Mafemani Nxumalo Secondary School,English,1.0,0.0,Second,No fee-paying school,Between 31 and 40,Public,8,7,Public Transport,1.0,1.0,Parents provided lunch money,Bachelor,4,1.0,Rural Village,Both Parents,0.0,0.0,0.0,1.0,6.0,1,1,1,0,0,0,1,First,Passion,University Residence,Self Catering,0.0,1.0,Less than 5km,Walking,less than 30 minutes,2,Funding arrangements not analyzed (if none of the above options apply),Funding arrangements not finalized (if none of the above options apply),Funding arrangements not finalized (if none of the above options apply),1.0,0.0,Employed and earning salary/wages,Unemployed and looking for work
,,,,,Seabe High School ,English,1.0,0.0,Second,Parents or guardians,Between 31 and 40,Rural Village,7,6,School Bus,0.0,0.0,Parents provided lunch box.,Diploma,2,1.0,Rural Village,"Spouse/Partner e.g. wife, boyfriend etc.",1.0,2.0,0.0,0.0,0.0,1,1,0,0,0,0,1,First,The desire to make a difference,Home,,,0.0,Between 6km and 9km,Own automobile/car,less than 30 minutes,2,Paying for myself,,Paying for myself,,,,
,,,,,Reddam House Bedfordview ,English,0.0,1.0,First,Parents or guardians,Greater than 80,Private school,11,10,Dropped off by parent or relative,1.0,1.0,Parents provided lunch box.,Bachelor,6,1.0,Suburb/City/Town,Both Parents,0.0,0.0,0.0,0.0,0.0,1,1,1,0,0,0,1,First,The desire to make a difference,Private,Self Catering,1.0,0.0,Between 20km and 30km,Own automobile/car,Between 31 minutes and an hour,5,Parent/Parents,Parent/Parents,"Guardian e.g., grandparent, uncle, siblings etc.",,,Employed and earning salary/wages,Employed and earning salary/wages
,,,,,Motse maria catholic school ,Sepedi,1.0,1.0,Second,Parents or guardians,Between 61 and 80,Home schooling,11,9,Boarding school,0.0,1.0,One meal a day at home,Bachelor,2,0.0,Rural Village,Single Parent,1.0,2.0,0.0,1.0,5.0,1,1,1,0,0,1,1,First,Family,University Residence,Self Catering,1.0,0.0,Less than 5km,Walking,less than 30 minutes,2,NSFAS,NSFAS,NSFAS,1.0,1.0,Employed and earning salary/wages,Unemployed and looking for work
,,,,,Rama Secondary school ,Sepedi,1.0,0.0,Second,No fee-paying school,Between 41 and 60,Rural Village,5,2,Scholar transport (Rural learners),0.0,0.0,School based feeding programme,Bachelor,2,0.0,Rural Village,No support,1.0,2.0,0.0,1.0,11.0,1,1,0,0,0,0,1,First,Other,University Residence,Self Catering,1.0,1.0,Less than 5km,Walking,Between 31 minutes and an hour,2,NSFAS,NSFAS,NSFAS,1.0,1.0,,
,,,,,Chipa Tabane Secondary School,Sepedi,1.0,0.0,Second,No fee-paying school,Between 31 and 40,Township,8,8,Walking,0.0,1.0,School based feeding programme,Bachelor,1,1.0,Township,Single Parent,0.0,0.0,0.0,1.0,5.0,1,1,0,0,0,1,1,First,Role Models,University Residence,Catered,1.0,0.0,Less than 5km,Walking,less than 30 minutes,2,NSFAS,NSFAS,NSFAS,1.0,1.0,,
,,,,,Zweliwelile Senior Secondary School,Isixhosa ,1.0,1.0,Second,No fee-paying school,Between 61 and 80,Rural Village,6,6,Walking,0.0,1.0,School based food garden,Bachelor,3,0.0,Rural Village,Single Parent,1.0,3.0,0.0,1.0,5.0,0,0,0,0,0,0,0,First,Passion,University Residence,,1.0,1.0,Less than 5km,Walking,less than 30 minutes,0,Funding arrangements not analyzed (if none of the above options apply),Funding arrangements not finalized (if none of the above options apply),Funding arrangements not finalized (if none of the above options apply),1.0,0.0,,Domestic servant or unskilled labour
,,,,,kweledi secondary,Sepedi,1.0,1.0,Second,No fee-paying school,Greater than 80,Rural Village,7,6,Walking,1.0,0.0,Parents provided lunch money,Bachelor,2,1.0,Rural Village,Both Parents,0.0,0.0,0.0,1.0,5.0,1,1,0,0,1,0,1,First,Job Security,University Residence,Self Catering,1.0,1.0,Greater than 30km,University bus service,Between 31 minutes and an hour,1,NSFAS,NSFAS,NSFAS,1.0,1.0,,
,,,,,Golozela Secondary School,IsiZulu,1.0,1.0,Second,Parents or guardians,Between 41 and 60,Rural Village,7,4,Walking,0.0,0.0,School based feeding programme,Bachelor,2,0.0,Rural Village,No support,0.0,0.0,0.0,1.0,5.0,1,1,1,0,0,1,1,First,Passion,University Residence,Self Catering,1.0,0.0,Less than 5km,Walking,less than 30 minutes,1,Funding arrangements not analyzed (if none of the above options apply),Funding arrangements not finalized (if none of the above options apply),Funding arrangements not finalized (if none of the above options apply),,,,
,,,,,Madisong Secondary School,Setswana,1.0,0.0,First,Government scholarship/bursary,Between 20 and 30,Township,8,6,Walking,1.0,1.0,Parents provided lunch money,Bachelor,5,1.0,Township,Both Parents,0.0,0.0,0.0,0.0,0.0,1,1,0,0,1,1,1,Third,Passion,University Residence,Self Catering,1.0,0.0,Less than 5km,Walking,Between 31 minutes and an hour,2,NSFAS,NSFAS,NSFAS,1.0,1.0,,
,,,,,Tshivhase secondary school,Tshivenda,1.0,0.0,First,No fee-paying school,Between 41 and 60,Rural Village,9,8,Public Transport,0.0,1.0,School based feeding programme,Bachelor,4,1.0,Rural Village,Both Parents,0.0,0.0,0.0,0.0,0.0,0,1,0,0,0,0,1,First,Passion,University Residence,Self Catering,1.0,1.0,Greater than 30km,University bus service,Between 31 minutes and an hour,1,"Bursary e.g., Eskom, Sasol etc.","Bursary e.g., Eskom, Sasol etc","Guardian e.g., grandparent, uncle, siblings etc.",,,Employed and earning salary/wages,Unemployed and looking for work
,,,,, Vhudzani Secondary School ,Tshivenda,1.0,0.0,Second,Self-funded,Between 31 and 40,Rural Village,8,8,Public Transport,0.0,0.0,Parents provided lunch box.,Diploma,6,1.0,Suburb/City/Town,"Spouse/Partner e.g. wife, boyfriend etc.",1.0,2.0,0.0,0.0,0.0,0,0,1,0,0,1,1,Second,The desire to make a difference,Home,,,1.0,Between 15km and 19km,Own automobile/car,less than 30 minutes,2,Paying for myself,,Paying for myself,,,,
0.801,0.801,0.0,1.0,1.0,Geysdorp Secondary ,Setswana,1.0,1.0,First,No fee-paying school,Less than 20,Farm,5,5,Public Transport,0.0,0.0,School based feeding programme,Bachelor,2,0.0,Rural Village,Single Parent,1.0,1.0,0.0,1.0,15.0,0,1,0,0,0,0,1,First,Role Models,University Residence,Self Catering,1.0,1.0,Less than 5km,Walking,Between 31 minutes and an hour,2,Government scholarship/bursary,Government scholarship/bursary,Government scholarship/bursary,,,,
,,,,,Masitise High school ,Sesotho,1.0,1.0,Second,Parents or guardians,Between 41 and 60,Public,10,11,Boarding school,0.0,0.0,School based feeding programme,School leaving,1,0.0,Rural Village,Other (Please Specify),0.0,0.0,0.0,1.0,5.0,1,0,0,0,0,0,1,First,The desire to make a difference,University Residence,Catered,1.0,0.0,Less than 5km,Walking,less than 30 minutes,1,Government scholarship/bursary,Government scholarship/bursary,Government scholarship/bursary,0.0,0.0,Unemployed and looking for work,
,,,,,KWANDEBELE SCIENCE SCHOOL,English,1.0,1.0,First,No fee-paying school,Between 41 and 60,Township,12,12,Scholar transport (Rural learners),1.0,0.0,School based feeding programme,Bachelor,5,1.0,Township,Single Parent,0.0,0.0,0.0,0.0,0.0,1,0,0,0,1,0,1,First,Other,University Residence,Self Catering,1.0,0.0,Less than 5km,Walking,Between 31 minutes and an hour,2,NSFAS,NSFAS,NSFAS,1.0,1.0,,
,,,,,Khaiso High School ,Sepedi,1.0,1.0,First,No fee-paying school,Between 61 and 80,Township,6,5,Public Transport,0.0,1.0,School based feeding programme,Bachelor,1,0.0,Rural Village,Single Parent,1.0,1.0,0.0,1.0,11.0,0,0,0,0,0,1,1,First,Passion,University Residence,Self Catering,1.0,1.0,Between 6km and 9km,Walking,Between 31 minutes and an hour,1,NSFAS,NSFAS,NSFAS,1.0,1.0,,
,,,,,Tiyani Secondary school ,Xitsonga,1.0,1.0,First,No fee-paying school,Greater than 80,Rural Village,8,7,Scholar transport (Rural learners),0.0,0.0,School based feeding programme,Bachelor,5,1.0,Rural Village,Single Parent,0.0,0.0,0.0,0.0,0.0,1,1,1,0,1,1,1,First,Job Security,University Residence,Self Catering,1.0,0.0,Between 6km and 9km,Walking,less than 30 minutes,2,NSFAS,NSFAS,NSFAS,1.0,1.0,Employed and earning salary/wages,Employed and earning salary/wages
,,,,,Kaalfontein secondary school,IsiZulu,1.0,1.0,Second,No fee-paying school,Between 41 and 60,Township,5,5,Walking,0.0,0.0,School based feeding programme,Bachelor,2,0.0,Township,Other (Please Specify),0.0,0.0,0.0,1.0,5.0,0,0,1,0,0,0,1,Second,Passion,University Residence,Self Catering,,0.0,Less than 5km,Walking,Between 31 minutes and an hour,1,NSFAS,NSFAS,NSFAS,1.0,1.0,,
,,,,,Vhafamadi Secondary School ,Tshivenda,1.0,0.0,Second,No fee-paying school,Between 61 and 80,Rural Village,9,6,Scholar transport (Rural learners),0.0,0.0,School based feeding programme,Bachelor,2,0.0,Rural Village,Both Parents,0.0,0.0,0.0,0.0,0.0,1,1,1,0,1,1,1,First,Job Security,University Residence,Self Catering,0.0,0.0,Less than 5km,Walking,less than 30 minutes,2,NSFAS,NSFAS,NSFAS,1.0,1.0,,
,,,,,Hoërskool Dinamika,English,0.0,0.0,First,Parents or guardians,Between 20 and 30,Suburb/City/Town,10,9,Dropped off by parent or relative,1.0,1.0,Parents provided lunch box.,Bachelor,4,1.0,Township,Both Parents,0.0,0.0,0.0,0.0,0.0,1,0,0,0,0,1,1,Second,Other,University Residence,Self Catering,1.0,,Less than 5km,Walking,less than 30 minutes,2,NSFAS,NSFAS,NSFAS,1.0,1.0,,
,,,,,Nkgopoleng Bakone Senior Secondary School,Sepedi,1.0,1.0,Second,Government scholarship/bursary,Greater than 80,Rural Village,8,7,School Bus,1.0,0.0,School based feeding programme,Bachelor,5,1.0,Rural Village,Single Parent,0.0,0.0,0.0,0.0,0.0,1,0,0,0,0,1,1,Second,Passion,University Residence,Self Catering,1.0,0.0,Between 6km and 9km,Walking,Between 31 minutes and an hour,2,NSFAS,NSFAS,NSFAS,1.0,1.0,,
,,,,,Leap 4 science and maths school ,English,1.0,0.0,First,Parents or guardians,Between 20 and 30,Township,11,9,Dropped off by parent or relative,1.0,0.0,Parents provided lunch box.,Bachelor,5,1.0,Suburb/City/Town,Both Parents,0.0,0.0,0.0,0.0,0.0,1,0,0,0,1,1,1,Third,The desire to make a difference,University Residence,Self Catering,1.0,0.0,Less than 5km,Walking,less than 30 minutes,2,NSFAS,NSFAS,"Guardian e.g., grandparent, uncle, siblings etc.",1.0,1.0,Employed and earning salary/wages,Employed and earning salary/wages
,,,,,Hlabangemehlo Secondary School,English,1.0,1.0,Second,No fee-paying school,Between 20 and 30,Rural Village,7,5,Walking,0.0,0.0,School based feeding programme,School leaving,2,1.0,Rural Village,Both Parents,0.0,0.0,0.0,,,1,1,1,0,0,0,1,First,Family,University Residence,Self Catering,1.0,1.0,Less than 5km,Walking,less than 30 minutes,1,NSFAS,NSFAS,NSFAS,1.0,1.0,Unemployed and looking for work,
,,,,,Dover Combined Farm School ,IsiZulu,1.0,1.0,Second,Parents or guardians,Between 41 and 60,Farm,5,6,Public Transport,0.0,1.0,Parents provided lunch box.,School leaving,6,1.0,Rural Village,Both Parents,0.0,0.0,0.0,0.0,0.0,1,1,1,0,1,1,1,Third,Passion,University Residence,Self Catering,1.0,0.0,Between 10km and 14km,Walking,Between 31 minutes and an hour,2,NSFAS,NSFAS,NSFAS,1.0,1.0,Employed and earning salary/wages,Unemployed and looking for work
,,,,,Dennis matlhaba ll ,Sepedi,1.0,1.0,Second,Parents or guardians,Greater than 80,Public,10,9,Walking,0.0,0.0,School based feeding programme,Bachelor,2,0.0,Rural Village,Both Parents,1.0,2.0,0.0,1.0,6.0,1,1,1,0,1,1,1,First,Passion,University Residence,Self Catering,1.0,0.0,Between 6km and 9km,Walking,less than 30 minutes,2,NSFAS,NSFAS,NSFAS,1.0,1.0,,
,,,,,Maserumule secondary school ,Sepedi,1.0,1.0,First,No fee-paying school,Between 31 and 40,Rural Village,9,9,Walking,1.0,1.0,School based feeding programme,,4,1.0,Rural Village,Both Parents,,,0.0,0.0,0.0,0,0,0,0,0,0,1,First,The desire to make a difference,University Residence,Self Catering,1.0,0.0,Less than 5km,Walking,Between 31 minutes and an hour,2,NSFAS,NSFAS,NSFAS,1.0,1.0,,Unemployed and looking for work
,,,,,Peu secondary school ,English,1.0,0.0,Second,Parents or guardians,Between 41 and 60,Private school,7,7,Scholar transport (Rural learners),0.0,0.0,Parents provided lunch money,Bachelor,1,1.0,Rural Village,Single Parent,1.0,2.0,0.0,0.0,0.0,1,1,1,0,0,1,1,First,Job Security,University Residence,Self Catering,0.0,1.0,Less than 5km,Walking,Between 31 minutes and an hour,2,NSFAS,NSFAS,NSFAS,1.0,1.0,,
,,,,,Seageng Secondary School ,Setswana,1.0,1.0,First,No fee-paying school,Between 31 and 40,Township,9,8,Walking,1.0,0.0,School based feeding programme,Bachelor,3,1.0,Township,Both Parents,0.0,0.0,0.0,0.0,0.0,1,0,1,0,1,1,1,First,Passion,University Residence,Self Catering,1.0,0.0,Between 6km and 9km,Walking,less than 30 minutes,1,NSFAS,NSFAS,NSFAS,1.0,1.0,Employed and earning salary/wages,Unemployed and looking for work
,,,,,St lewis Bertrand's High school ,IsiZulu,1.0,0.0,Second,No fee-paying school,Between 41 and 60,Rural Village,9,0,Walking,0.0,0.0,Parents provided lunch money,School leaving,2,0.0,Rural Village,Both Parents,0.0,0.0,0.0,0.0,0.0,1,1,0,0,0,0,1,Second,Other,University Residence,Catered,0.0,0.0,Between 6km and 9km,Walking,,2,NSFAS,NSFAS,NSFAS,1.0,1.0,Unemployed and looking for work,Unemployed and looking for work
,,,,,Impumelelo High School,English,1.0,0.0,Second,Parents or guardians,Between 31 and 40,Public,9,9,Public Transport,0.0,0.0,School based feeding programme,Bachelor,3,1.0,Rural Village,No support,0.0,0.0,0.0,1.0,,1,1,1,0,0,0,1,First,Other,University Residence,,,,,Walking,less than 30 minutes,1,Funding arrangements not analyzed (if none of the above options apply),Funding arrangements not finalized (if none of the above options apply),Paying for myself,1.0,0.0,,
,,,,,Lambalati secondary school,SiSwati,1.0,1.0,Second,No fee-paying school,Between 31 and 40,Rural Village,6,7,Walking,0.0,0.0,School based feeding programme,Bachelor,1,0.0,Rural Village,Both Parents,0.0,0.0,0.0,0.0,0.0,0,0,0,0,0,0,1,Second,Passion,University Residence,Self Catering,1.0,1.0,Less than 5km,Walking,less than 30 minutes,1,Funding arrangements not analyzed (if none of the above options apply),Funding arrangements not finalized (if none of the above options apply),Funding arrangements not finalized (if none of the above options apply),0.0,0.0,Employed and earning salary/wages,Employed and earning salary/wages
,,,,,Meriti secondary school ,Setswana,1.0,1.0,First,Parents or guardians,Between 41 and 60,Township,7,6,Walking,0.0,0.0,School based feeding programme,School leaving,2,0.0,Township,"Guardian e.g., grandparent, uncle, siblings etc..",0.0,0.0,0.0,0.0,0.0,1,1,0,0,1,1,1,First,The desire to make a difference,University Residence,Self Catering,1.0,1.0,Between 6km and 9km,Walking,less than 30 minutes,2,NSFAS,NSFAS,NSFAS,1.0,1.0,,
,,,,,Senzangakhona secondary school ,English,1.0,1.0,Second,No fee-paying school,Between 31 and 40,Suburb/City/Town,4,4,Walking,0.0,0.0,School based feeding programme,Bachelor,1,1.0,Suburb/City/Town,"Guardian e.g., grandparent, uncle, siblings etc..",0.0,0.0,0.0,0.0,0.0,1,1,1,0,1,1,1,First,Passion,University Residence,Self Catering,1.0,1.0,Between 6km and 9km,Walking,less than 30 minutes,1,NSFAS,NSFAS,NSFAS,1.0,1.0,,
,,,,,Charlotte Maxeke Secondary School ,English,1.0,0.0,First,No fee-paying school,Between 41 and 60,Township,6,5,Walking,0.0,0.0,Parents provided lunch box.,Bachelor,2,0.0,Township,Both Parents,0.0,0.0,0.0,0.0,0.0,1,0,1,0,1,1,1,First,The desire to make a difference,University Residence,Self Catering,1.0,1.0,Greater than 30km,University bus service,Between 31 minutes and an hour,2,NSFAS,NSFAS,NSFAS,1.0,1.0,,Domestic servant or unskilled labour
,,,,,Mathunjwa High school ,IsiZulu,1.0,0.0,Second,No fee-paying school,Between 31 and 40,Rural Village,8,6,Boarding school,0.0,0.0,Three meals a day,Bachelor,3,1.0,Rural Village,"Guardian e.g., grandparent, uncle, siblings etc..",0.0,0.0,0.0,1.0,6.0,1,0,0,0,0,1,1,First,Passion,University Residence,Self Catering,,,Less than 5km,Walking,less than 30 minutes,2,NSFAS,NSFAS,NSFAS,1.0,1.0,,
,,,,,Hudson Ntsanwisi Senior Secondary School ,Xitsonga,1.0,1.0,First,No fee-paying school,Between 41 and 60,Township,10,8,Dropped off by parent or relative,1.0,0.0,Parents provided lunch box.,Bachelor,6,1.0,Rural Village,Both Parents,0.0,0.0,0.0,0.0,0.0,1,0,0,0,1,1,1,First,The desire to make a difference,University Residence,Self Catering,1.0,0.0,Less than 5km,Walking,Between 31 minutes and an hour,2,NSFAS,NSFAS,NSFAS,1.0,1.0,,
,,,,,MPHEGOLLE SECONDARY SCHOOL ,Sepedi,1.0,1.0,First,No fee-paying school,Between 61 and 80,Rural Village,7,7,Public Transport,0.0,0.0,School based feeding programme,Bachelor,3,0.0,Rural Village,Single Parent,0.0,0.0,0.0,0.0,0.0,1,0,1,0,0,1,1,Second,Family,University Residence,Catered,1.0,0.0,Less than 5km,Walking,Between 31 minutes and an hour,2,NSFAS,NSFAS,NSFAS,1.0,1.0,,Unemployed and looking for work
,,,,,Shawbury Senior Secondary School ,IsiXhosa,1.0,1.0,Second,No fee-paying school,Between 31 and 40,Rural Village,8,8,Boarding school,1.0,1.0,School based feeding programme,Bachelor,1,0.0,Rural Village,Single Parent,0.0,0.0,0.0,0.0,0.0,1,1,1,0,1,1,1,First,Other,University Residence,Self Catering,1.0,0.0,Less than 5km,Walking,less than 30 minutes,2,NSFAS,NSFAS,NSFAS,1.0,1.0,,
,,,,,Mgwazeni secondary school ,IsiZulu,1.0,1.0,Second,Government scholarship/bursary,Between 41 and 60,Rural Village,7,5,Walking,0.0,0.0,Parents provided lunch money,Grade 9 and College NCV courses,3,0.0,Rural Village,No support,0.0,0.0,0.0,1.0,5.0,0,0,0,0,1,0,1,First,The desire to make a difference,University Residence,Self Catering,1.0,0.0,Less than 5km,Walking,Between 1 and 2 hours,2,NSFAS,NSFAS,NSFAS,1.0,1.0,,
,,,,,Esther Maleka Comprehensive High School ,English,0.0,0.0,Second,Parents or guardians,Between 41 and 60,Suburb/City/Town,10,11,School Bus,1.0,1.0,Parents provided lunch box.,Bachelor,5,1.0,Rural Village,Both Parents,0.0,0.0,0.0,0.0,0.0,1,0,1,0,1,1,1,First,The desire to make a difference,University Residence,Self Catering,1.0,0.0,Less than 5km,Walking,Between 31 minutes and an hour,3,NSFAS,NSFAS,NSFAS,1.0,1.0,Unemployed and looking for work,Employed and earning salary/wages
,,,,,Thokoana Makaota Senior Secondary School ,Sesotho,1.0,1.0,Second,"Parents or guardians, No fee-paying school",Between 31 and 40,Rural Village,10,8,Walking,1.0,1.0,School based feeding programme,Bachelor,4,0.0,Rural Village,No support,0.0,0.0,0.0,1.0,5.0,1,0,0,0,0,0,1,Third,Other,University Residence,Self Catering,1.0,0.0,Less than 5km,Walking,less than 30 minutes,2,NSFAS,NSFAS,NSFAS,1.0,1.0,,
,,,,,Benoni Educational College ,English,0.0,0.0,Third,Parents or guardians,Between 20 and 30,Suburb/City/Town,7,6,Public Transport,0.0,1.0,Parents provided lunch box.,Bachelor,5,0.0,Suburb/City/Town,Both Parents,0.0,0.0,0.0,1.0,5.0,1,1,1,0,1,1,1,Second,Passion,University Residence,Self Catering,1.0,1.0,Less than 5km,Walking,less than 30 minutes,2,NSFAS,NSFAS,NSFAS,1.0,1.0,,
,,,,,Sarel cilliers high school ,English,1.0,0.0,Second,"Bursary e.g., Sasol, Eskom etc.",Less than 20,Suburb/City/Town,11,8,Walking,1.0,1.0,Parents provided lunch money,Bachelor,4,1.0,Rural Village,Family friend/Friend,0.0,0.0,,,,1,0,1,0,1,0,1,Second,Passion,University Residence,Self Catering,1.0,1.0,Greater than 30km,University bus service,Between 31 minutes and an hour,1,"Loans e.g., bank, Edu loan etc.",loan etc. Paying for myself,"Loans e.g., bank, Edu loan",1.0,0.0,Self-employed,Employed and earning salary/wages
,,,,,Kwandebele Science Combined School,Sepedi,1.0,1.0,First,Government scholarship/bursary,Between 31 and 40,Suburb/City/Town,9,8,Scholar transport (Rural learners),0.0,1.0,Parents provided lunch money,Bachelor,5,0.0,Suburb/City/Town,Both Parents,0.0,0.0,0.0,1.0,5.0,1,1,0,0,1,1,1,First,Other,University Residence,Self Catering,1.0,0.0,Less than 5km,Walking,Between 31 minutes and an hour,2,NSFAS,NSFAS,NSFAS,1.0,1.0,Employed and earning salary/wages,
,,,,,Maputle Secondary School ,Sepedi,1.0,1.0,First,No fee-paying school,Greater than 80,Rural Village,9,9,Scholar transport (Rural learners),0.0,0.0,School based feeding programme,Bachelor,4,1.0,Rural Village,"Guardian e.g., grandparent, uncle, siblings etc..",0.0,0.0,0.0,0.0,0.0,1,1,1,0,1,1,1,First,The desire to make a difference,University Residence,Self Catering,1.0,1.0,Less than 5km,Walking,less than 30 minutes,3,NSFAS,NSFAS,NSFAS,1.0,1.0,,
,,,,,Mavela high school ,IsiZulu,1.0,1.0,First,No fee-paying school,Between 41 and 60,Rural Village,6,4,Public Transport,0.0,1.0,School based feeding programme,Bachelor,3,1.0,Rural Village,"Guardian e.g., grandparent, uncle, siblings etc..",0.0,0.0,0.0,0.0,0.0,1,0,1,0,0,1,1,First,The desire to make a difference,University Residence,Self Catering,0.0,0.0,Less than 5km,Walking,less than 30 minutes,2,NSFAS,NSFAS,NSFAS,1.0,1.0,,
,,,,,NGODINI HIGH SCHOOL,English,1.0,1.0,First,No fee-paying school,Between 41 and 60,Township,8,2,Public Transport,0.0,0.0,Parents provided lunch box.,Bachelor,5,1.0,Township,Single Parent,0.0,0.0,0.0,0.0,0.0,1,1,1,0,1,1,1,First,Other,University Residence,Self Catering,1.0,0.0,Between 6km and 9km,University bus service,Between 31 minutes and an hour,1,NSFAS,NSFAS,NSFAS,1.0,1.0,,
,,,,,Bazindlovu S.S.S ,IsiXhosa ,1.0,1.0,Second,Parents or guardians,Between 31 and 40,Rural Village,4,4,Walking,0.0,0.0,School based feeding programme,Bachelor,1,1.0,Rural Village,Single Parent,0.0,0.0,1.0,0.0,0.0,1,0,1,0,0,0,1,Second,Passion,University Residence,Self Catering,1.0,1.0,Less than 5km,University bus service,Between 31 minutes and an hour,1,NSFAS,NSFAS,NSFAS,1.0,1.0,,
,,,,,Thuto boswa secondary school ,Setswana,1.0,1.0,Second,No fee-paying school,Between 41 and 60,Township,7,6,Walking,0.0,0.0,Parents provided lunch box.,Bachelor,4,0.0,Suburb/City/Town,"Guardian e.g., grandparent, uncle, siblings etc..",1.0,2.0,1.0,1.0,5.0,1,1,1,0,1,1,1,Second,Other,University Residence,Self Catering,1.0,0.0,Less than 5km,Walking,Between 31 minutes and an hour,2,Paying for myself,Funding arrangements not finalized (if none of the above options apply),Funding arrangements not finalized (if none of the above options apply),,,,
,,,,,Ivory Park secondary school,English,1.0,0.0,First,No fee-paying school,Between 31 and 40,Township,11,11,Walking,1.0,0.0,School based feeding programme,Bachelor,4,1.0,Township,Both Parents,0.0,0.0,0.0,1.0,5.0,1,0,0,0,1,1,1,Second,Passion,Accommodation,Self Catering,1.0,1.0,Greater than 30km,University bus service,Between 31 minutes and an hour,2,NSFAS,NSFAS,NSFAS,1.0,1.0,Employed and earning salary/wages,Unemployed and receiving social grant
,,,,, Mpilisweni School of Specialization,IsiZulu,1.0,1.0,First,No fee-paying school,Between 20 and 30,Township,10,10,Public Transport,1.0,1.0,Parents provided lunch box.,Bachelor,4,1.0,Township,Single Parent,0.0,0.0,0.0,1.0,6.0,1,0,0,0,0,1,1,First,Passion,University Residence,Self Catering,1.0,0.0,Greater than 30km,University bus service,Between 31 minutes and an hour,2,NSFAS,NSFAS,NSFAS,1.0,1.0,,
