hemis_credits_total,hemis_credits_passed,hemis_credits_failed,hemis_credit_pass_rate,target_success_75,matric_school_name,teaching_language,teacher_language_alternation_helped,school_language_same_as_home,english_language_level,school_fee_source,matric_class_size,school_location,school_facilities_count,school_facilities_used_count,school_commute_mode,used_online_learning,school_leadership_activity,school_meal_source,school_academic_achievement,home_resources_count,family_attended_university,home_location,general_support_source,has_dependents,number_of_dependents,has_disability_or_special_needs,plans_part_time_work,part_time_hours,concern_academic,concern_financial,concern_adjustment_belonging,concern_accommodation_transport,concern_safety_health,concern_time_management,concern_any,programme_choice,first_choice_influence,university_accommodation,accommodation_type,accommodation_internet,accommodation_backup_power,distance_from_campus,travel_to_campus,travel_time_to_8am,devices_owned_count,tuition_funding,accommodation_funding,living_expense_funding,applied_nsfas,nsfas_approved,father_employment_status,mother_employment_status
1.0,1.0,0.0,1.0,1.0,Zonkizizwe Secondary School ,English,1.0,1.0,Second,"Bursary e.g., Sasol, Eskom etc.",Between 41 and 60,Township,7,7,Walking,0.0,1.0,School based feeding programme,School leaving,5,0.0,Township,Both Parents,0.0,0.0,0.0,0.0,0.0,1,1,0,0,1,1,1,First,Passion,Accommodation,Self Catering,1.0,0.0,Between 15km and 19km,University bus service,Between 31 minutes and an hour,2,NSFAS,NSFAS,NSFAS,1.0,1.0,,Domestic servant or unskilled labour
1.0,1.0,0.0,1.0,1.0,El tabernacle Christian college ,English,1.0,0.0,Second,Parents or guardians,Less than 20,Private school,13,13,Boarding school,1.0,0.0,School based food garden,Bachelor,5,1.0,Township,Both Parents,0.0,0.0,0.0,0.0,0.0,1,1,0,0,0,1,1,Second,The desire to make a difference,University Residence,Self Catering,1.0,1.0,Between 6km and 9km,University bus service,Between 31 minutes and an hour,2,Parent/Parents,Parent/Parents,Funding arrangements not finalized (if none of the above options apply),0.0,0.0,Employed and earning salary/wages,Employed and earning salary/wages
0.969,0.969,0.0,1.0,1.0,Mphanama Secondary School ,English,1.0,1.0,First,Parents or guardians,Between 20 and 30,Suburb/City/Town,8,8,Walking,1.0,0.0,School based feeding programme,Bachelor,5,1.0,Township,No support,0.0,0.0,0.0,0.0,0.0,1,1,1,0,1,1,1,Second,Passion,University Residence,Self Catering,1.0,1.0,Between 10km and 14km,University bus service,Between 31 minutes and an hour,1,NSFAS,NSFAS,NSFAS,1.0,1.0,,Unable to work/disabled and not receiving a disability grant
1.0,1.0,0.0,1.0,1.0,Semphato Secondary School,Sepedi,1.0,1.0,Second,Government scholarship/bursary,Between 31 and 40,Township,4,4,Walking,0.0,1.0,Parents provided lunch money,Bachelor,3,0.0,Township,Both Parents,0.0,0.0,0.0,1.0,5.0,1,0,0,0,1,0,1,First,The desire to make a difference,Accommodation,Self Catering,1.0,1.0,Less than 5km,University bus service,Between 31 minutes and an hour,2,NSFAS,NSFAS,NSFAS,1.0,1.0,,
0.08,0.08,0.0,1.0,1.0,Dimani Agricultural high ,Tshivenda,1.0,0.0,First,No fee-paying school,Between 41 and 60,Township,7,6,Public Transport,0.0,1.0,Two meals a day,Bachelor,4,1.0,Suburb/City/Town,Single Parent,0.0,0.0,0.0,1.0,6.0,0,0,0,0,0,1,1,First,Passion,University Residence,Self Catering,1.0,1.0,Greater than 30km,University bus service,Between 31 minutes and an hour,2,NSFAS,NSFAS,NSFAS,1.0,1.0,,
1.0,1.0,0.0,1.0,1.0,Monamoledi ,Sepedi,1.0,1.0,First,No fee-paying school,Greater than 80,Rural Village,6,5,Public Transport,0.0,0.0,One meal a day at home,School leaving,1,0.0,Rural Village,No support,0.0,0.0,0.0,0.0,0.0,1,1,1,0,0,1,1,First,Family,University Residence,Self Catering,1.0,0.0,Greater than 30km,University bus service,Between 31 minutes and an hour,1,NSFAS,NSFAS,NSFAS,1.0,1.0,,Unemployed and receiving social grant
1.0,1.0,0.0,1.0,1.0,PInagare Secondary School ,English,1.0,0.0,First,"Parents or guardians, No fee-paying school",Between 41 and 60,Rural Village,4,4,Public Transport,0.0,0.0,School based feeding programme,Bachelor,3,1.0,Rural Village,Both Parents,0.0,0.0,0.0,0.0,0.0,1,0,0,0,1,1,1,First,Teachers,Accommodation,Self Catering,1.0,1.0,Between 20km and 30km,University bus service,Between 31 minutes and an hour,1,Parent/Parents,Parent/Parents,"Spouse/Partner e.g., wife, boyfriend etc.",1.0,0.0,Employed and earning salary/wages,Employed and earning salary/wages
0.5,0.5,0.0,1.0,1.0,Tiyani secondary school ,Xitsonga,1.0,0.0,Second,No fee-paying school,Between 61 and 80,Rural Village,5,4,Walking,0.0,1.0,School based feeding programme,Bachelor,2,1.0,Rural Village,Both Parents,0.0,0.0,0.0,0.0,0.0,1,1,1,0,0,1,1,First,Other,Accommodation,Self Catering,1.0,1.0,Between 20km and 30km,University bus service,Between 31 minutes and an hour,1,NSFAS,NSFAS,NSFAS,1.0,1.0,Employed and earning salary/wages,Unemployed and looking for work
1.0,1.0,0.0,1.0,1.0,Hoërskool Silverton ,English,0.0,0.0,Second,Parents or guardians,Between 31 and 40,Suburb/City/Town,10,7,Public Transport,0.0,0.0,Parents provided lunch box.,Bachelor,4,1.0,Township,Single Parent,0.0,0.0,0.0,1.0,5.0,1,1,1,0,1,1,1,First,Other,University Residence,Self Catering,1.0,1.0,Between 20km and 30km,University bus service,Between 31 minutes and an hour,1,Parent/Parents,Parent/Parents,Paying for myself,,,,Employed and earning salary/wages
0.08,0.08,0.0,1.0,1.0,Bona Lesedi Secondary school ,English,1.0,0.0,First,No fee-paying school,Between 41 and 60,Suburb/City/Town,7,6,Public Transport,0.0,0.0,Two meals a day,Bachelor,3,1.0,Informal settlement,Single Parent,0.0,0.0,0.0,0.0,0.0,1,1,1,0,0,1,1,First,Passion,Accommodation,Self Catering,1.0,1.0,Greater than 30km,University bus service,Between 31 minutes and an hour,1,NSFAS,NSFAS,NSFAS,1.0,1.0,,
1.0,1.0,0.0,1.0,1.0,Frank mahjong’s mst academy,English,1.0,0.0,First,No fee-paying school,Between 41 and 60,Rural Village,10,9,Public Transport,0.0,0.0,School based feeding programme,Bachelor,1,1.0,Rural Village,Both Parents,0.0,0.0,0.0,0.0,0.0,1,0,1,0,1,1,1,First,The desire to make a difference,University Residence,Self Catering,1.0,0.0,Greater than 30km,University bus service,Between 1 and 2 hours,1,NSFAS,NSFAS,NSFAS,1.0,1.0,,
0.5,0.5,0.0,1.0,1.0,FH Odendaal ,English,0.0,0.0,Second,Parents or guardians,Between 20 and 30,Public,10,10,Dropped off by parent or relative,1.0,1.0,Parents provided lunch box.,Bachelor,4,1.0,Township,Both Parents,0.0,0.0,0.0,0.0,0.0,1,1,1,0,1,1,1,First,The desire to make a difference,University Residence,Self Catering,1.0,1.0,Less than 5km,Walking,less than 30 minutes,1,Parent/Parents,Parent/Parents,Funding arrangements not finalized (if none of the above options apply),,,Employed and earning salary/wages,Employed and earning salary/wages
0.5,0.5,0.0,1.0,1.0,Soshanguve East Secondary School,English,1.0,0.0,First,No fee-paying school,Between 31 and 40,Township,12,11,Walking,1.0,0.0,Parents provided lunch box.,Bachelor,4,1.0,Township,Both Parents,0.0,0.0,0.0,0.0,0.0,1,0,1,0,1,1,1,First,Other,University Residence,Self Catering,1.0,0.0,Between 20km and 30km,University bus service,Between 31 minutes and an hour,2,Parent/Parents,Parent/Parents,"Guardian e.g., grandparent, uncle, siblings etc.",0.0,0.0,Employed and earning salary/wages,Self-employed
1.0,1.0,0.0,1.0,1.0,Central Secondary School ,English,1.0,1.0,First,Parents or guardians,Between 20 and 30,Suburb/City/Town,9,7,Walking,0.0,0.0,Parents provided lunch box.,Bachelor,4,1.0,Suburb/City/Town,Both Parents,0.0,0.0,1.0,0.0,0.0,1,1,1,0,1,1,1,First,Passion,University Residence,Self Catering,1.0,1.0,Between 6km and 9km,University bus service,Between 31 minutes and an hour,2,NSFAS,NSFAS,NSFAS,1.0,1.0,Employed and earning salary/wages,Employed and earning salary/wages
1.0,1.0,0.0,1.0,1.0,MAALOBANE HIGH SCHOOL ,English,1.0,0.0,First,No fee-paying school,Between 41 and 60,Rural Village,6,6,Public Transport,0.0,0.0,School based feeding programme,Bachelor,2,0.0,Rural Village,Single Parent,0.0,0.0,1.0,0.0,0.0,1,1,1,0,0,1,1,First,Passion,University Residence,Self Catering,1.0,1.0,Between 20km and 30km,University bus service,Between 31 minutes and an hour,1,NSFAS,NSFAS,NSFAS,1.0,0.0,,
1.0,1.0,0.0,1.0,1.0,Central Secondary School,English,1.0,0.0,First,Parents or guardians,Between 31 and 40,Suburb/City/Town,9,9,Public Transport,0.0,0.0,Parents provided lunch money,Bachelor,5,0.0,Township,Both Parents,0.0,0.0,0.0,0.0,0.0,1,0,1,0,1,1,1,First,The desire to make a difference,University Residence,Self Catering,1.0,0.0,Greater than 30km,University bus service,Between 31 minutes and an hour,1,NSFAS,NSFAS,NSFAS,1.0,1.0,,
0.9,0.9,0.0,1.0,1.0,Mandla Mthethwa school of excellence ,English,1.0,0.0,Second,Parents or guardians,Between 20 and 30,Rural Village,12,12,Boarding school,0.0,0.0,Three meals a day,School leaving,4,0.0,Township,Both Parents,0.0,0.0,0.0,0.0,0.0,1,0,1,0,1,1,1,First,Passion,University Residence,Self Catering,1.0,1.0,Between 20km and 30km,University bus service,Between 31 minutes and an hour,2,NSFAS,NSFAS,NSFAS,1.0,1.0,,
1.0,1.0,0.0,1.0,1.0,Reggie Masuku Secondary School,IsiZulu,1.0,1.0,First,No fee-paying school,Between 41 and 60,Suburb/City/Town,6,5,Walking,0.0,0.0,School based feeding programme,Bachelor,1,1.0,Informal settlement,Single Parent,0.0,0.0,0.0,0.0,0.0,1,0,0,0,0,0,1,First,The desire to make a difference,University Residence,Self Catering,1.0,,,University bus service,Between 1 and 2 hours,1,NSFAS,NSFAS,NSFAS,1.0,1.0,,
1.0,1.0,0.0,1.0,1.0,Engabezweni Secondary school ,English,1.0,0.0,Second,No fee-paying school,Between 31 and 40,Rural Village,7,7,School Bus,0.0,1.0,Parents provided lunch money,Bachelor,5,1.0,Rural Village,Both Parents,1.0,1.0,0.0,0.0,0.0,1,1,1,0,0,1,1,Second,Job Security,University Residence,Self Catering,1.0,1.0,Less than 5km,Walking,less than 30 minutes,1,NSFAS,NSFAS,NSFAS,1.0,1.0,,
1.0,1.0,0.0,1.0,1.0,The Oasis College ,English,1.0,0.0,First,Parents or guardians,Greater than 80,Township,5,4,Scholar transport (Rural learners),0.0,0.0,Parents provided lunch box.,Bachelor,1,1.0,Rural Village,Both Parents,0.0,0.0,0.0,0.0,0.0,1,1,1,0,0,1,1,Second,Passion,University Residence,Self Catering,1.0,1.0,Between 20km and 30km,University bus service,Between 31 minutes and an hour,1,NSFAS,NSFAS,NSFAS,1.0,1.0,Unemployed and looking for work,
0.999,0.999,0.0,1.0,1.0,Kgolakaleleme,English,1.0,0.0,Second,Trust fund,Between 41 and 60,Rural Village,6,1,Walking,1.0,1.0,School based feeding programme,Bachelor,4,1.0,Rural Village,Single Parent,0.0,0.0,0.0,0.0,0.0,0,0,0,0,0,0,1,Third,Other,University Residence,Self Catering,1.0,1.0,Between 20km and 30km,University bus service,Between 31 minutes and an hour,1,NSFAS,NSFAS,NSFAS,1.0,1.0,,
1.0,1.0,0.0,1.0,1.0,Mohlakaneng Senior Secondary School ,Sepedi,1.0,1.0,First,No fee-paying school,Between 20 and 30,Public,9,8,Walking,0.0,1.0,School based feeding programme,Bachelor,4,1.0,Township,Single Parent,0.0,0.0,0.0,1.0,5.0,1,0,1,0,1,1,1,First,Family,University Residence,Self Catering,1.0,1.0,Less than 5km,Walking,Between 31 minutes and an hour,2,NSFAS,NSFAS,NSFAS,1.0,1.0,,
1.0,0.938,0.062,0.938,1.0,Masihambisane High school ,IsiZulu,1.0,1.0,Second,No fee-paying school,Between 41 and 60,Public,5,5,Walking,0.0,0.0,Parents provided lunch money,Bachelor,2,0.0,Township,Both Parents,0.0,0.0,0.0,0.0,0.0,1,0,1,0,1,1,1,First,Role Models,University Residence,Self Catering,1.0,1.0,Between 15km and 19km,University bus service,Between 1 and 2 hours,1,NSFAS,NSFAS,NSFAS,1.0,1.0,Unemployed and receiving social grant,Self-employed
1.0,1.0,0.0,1.0,1.0,Sediba thuto Secondary School ,Sesotho,1.0,1.0,Second,No fee-paying school,Between 31 and 40,Township,9,5,Walking,0.0,0.0,School based feeding programme,Bachelor,3,0.0,Township,No support,0.0,0.0,0.0,0.0,0.0,1,0,1,0,1,1,1,First,The desire to make a difference,University Residence,Self Catering,1.0,1.0,Greater than 30km,University bus service,Between 31 minutes and an hour,1,NSFAS,NSFAS,NSFAS,1.0,1.0,Unemployed and looking for work,Unemployed and looking for work
0.08,0.08,0.0,1.0,1.0,Riverside High School ,English,1.0,0.0,First,Parents or guardians,Greater than 80,Suburb/City/Town,11,10,Lift club,0.0,0.0,Parents provided lunch box.,Bachelor,4,1.0,Suburb/City/Town,Single Parent,0.0,0.0,0.0,0.0,0.0,1,1,1,0,1,1,1,First,Job Security,University Residence,Self Catering,1.0,1.0,,University bus service,Between 31 minutes and an hour,2,Parent/Parents,Parent/Parents,"Guardian e.g., grandparent, uncle, siblings etc.",,,,Employed and earning salary/wages
1.0,1.0,0.0,1.0,1.0,School of Health Sciences ,IsiZulu,1.0,0.0,Second,No fee-paying school,Greater than 80,Rural Village,8,7,Public Transport,0.0,1.0,Parents provided lunch money,School leaving,4,1.0,Rural Village,Single Parent,0.0,0.0,0.0,1.0,6.0,1,1,0,0,1,1,1,First,Job Security,University Residence,Self Catering,1.0,0.0,Greater than 30km,University bus service,Between 31 minutes and an hour,2,NSFAS,NSFAS,NSFAS,1.0,0.0,,
0.08,0.08,0.0,1.0,1.0,St Paul's Catholic School ,English,1.0,0.0,First,Merit scholarships,Between 41 and 60,Rural Village,10,8,Public Transport,1.0,0.0,School based feeding programme,Bachelor,3,1.0,Rural Village,Both Parents,0.0,0.0,0.0,0.0,0.0,1,1,0,0,1,1,1,First,Family,University Residence,Self Catering,1.0,1.0,Greater than 30km,University bus service,Between 31 minutes and an hour,2,NSFAS,NSFAS,NSFAS,1.0,1.0,Employed and earning salary/wages,
0.08,0.08,0.0,1.0,1.0,Hlanganani Secondary School ,English,1.0,0.0,First,No fee-paying school,Between 41 and 60,Rural Village,6,6,Public Transport,0.0,0.0,School based feeding programme,Bachelor,3,0.0,Rural Village,Single Parent,0.0,0.0,0.0,0.0,0.0,1,1,0,0,1,1,1,First,The desire to make a difference,University Residence,Self Catering,1.0,1.0,Greater than 30km,University bus service,Between 31 minutes and an hour,2,NSFAS,NSFAS,NSFAS,1.0,1.0,,Domestic servant or unskilled labour
1.0,1.0,0.0,1.0,1.0,Mokgareng Secondary School ,Setswana,1.0,0.0,Second,No fee-paying school,Between 20 and 30,Rural Village,7,7,Walking,0.0,0.0,School based feeding programme,School leaving,1,0.0,Rural Village,"Guardian e.g., grandparent, uncle, siblings etc..",0.0,0.0,0.0,1.0,6.0,1,1,1,0,0,1,1,First,The desire to make a difference,University Residence,Catered,1.0,1.0,Between 15km and 19km,University bus service,Between 31 minutes and an hour,1,NSFAS,NSFAS,NSFAS,1.0,1.0,,Unemployed and looking for work
1.0,1.0,0.0,1.0,1.0,Mathew Phosa Secondary School ,Sepedi,1.0,1.0,Second,No fee-paying school,Between 61 and 80,Rural Village,8,5,Walking,0.0,1.0,School based feeding programme,Bachelor,3,1.0,Rural Village,Both Parents,0.0,0.0,0.0,,,1,1,1,0,0,0,1,First,Passion,Accommodation,,,1.0,Between 15km and 19km,University bus service,Between 31 minutes and an hour,1,NSFAS,NSFAS,NSFAS,1.0,0.0,Unable to work/disabled and receiving a disability grant,Employed and earning salary/wages
1.002,1.002,0.0,1.0,1.0,Langenhoven High School,English,0.0,0.0,First,Parents or guardians,Between 20 and 30,Suburb/City/Town,12,12,Dropped off by parent or relative,0.0,1.0,Parents provided lunch box.,Bachelor,6,1.0,Suburb/City/Town,Both Parents,0.0,0.0,0.0,1.0,5.0,1,1,0,0,0,1,1,Second,Family,University Residence,Self Catering,1.0,0.0,Less than 5km,Walking,less than 30 minutes,2,Parent/Parents,Parent/Parents,"Guardian e.g., grandparent, uncle, siblings etc.",,,,Employed and earning salary/wages
0.5,0.5,0.0,1.0,1.0,Mapeloana Secondary school ,English,1.0,1.0,Second,"Bursary e.g., Sasol, Eskom etc.",Greater than 80,Suburb/City/Town,8,7,,,0.0,School based feeding programme,Bachelor,3,1.0,Informal settlement,Both Parents,0.0,0.0,0.0,1.0,5.0,1,0,0,0,0,1,1,First,Passion,University Residence,Self Catering,1.0,1.0,Greater than 30km,University bus service,Between 31 minutes and an hour,1,NSFAS,NSFAS,NSFAS,1.0,1.0,Unemployed and looking for work,Unemployed and looking for work
1.0,0.906,0.094,0.906,1.0,Raymond Mhlaba Secondary  School ,IsiZulu,1.0,,Second,"Self-funded, No fee-paying school",Between 61 and 80,Township,12,11,Public Transport,1.0,0.0,School based feeding programme,Bachelor,5,1.0,Township,No support,0.0,0.0,0.0,1.0,15.0,1,1,1,0,0,1,1,Third,The desire to make a difference,University Residence,Catered,1.0,1.0,Between 20km and 30km,University bus service,Between 31 minutes and an hour,0,NSFAS,NSFAS,NSFAS,1.0,1.0,,
1.0,1.0,0.0,1.0,1.0,Hans Kekana Secondary School ,Setswana,1.0,1.0,First,Parents or guardians,Between 20 and 30,Township,1,4,Dropped off by parent or relative,1.0,1.0,Parents provided lunch box.,Bachelor,4,0.0,Rural Village,Both Parents,0.0,0.0,0.0,0.0,0.0,1,0,0,0,1,1,1,First,The desire to make a difference,University Residence,Self Catering,1.0,1.0,Between 20km and 30km,University bus service,Between 31 minutes and an hour,2,Parent/Parents,Parent/Parents,"Guardian e.g., grandparent, uncle, siblings etc.",,,Employed and earning salary/wages,Unemployed and looking for work
0.5,0.4,0.1,0.8,1.0,Sinthumule senior secondary school ,Tshivenda,1.0,1.0,First,No fee-paying school,Greater than 80,Rural Village,7,5,Dropped off by parent or relative,0.0,1.0,Parents provided lunch box.,Bachelor,5,1.0,Suburb/City/Town,Both Parents,0.0,0.0,0.0,0.0,0.0,1,1,1,0,0,0,1,Third,Passion,University Residence,Self Catering,1.0,1.0,Between 10km and 14km,University bus service,Between 1 and 2 hours,1,"Loans e.g., bank, Edu loan etc.","Loans e.g., bank, Edu","Guardian e.g., grandparent, uncle, siblings etc.",1.0,0.0,Unemployed and looking for work,Employed and earning salary/wages
0.08,0.08,0.0,1.0,1.0,Harry Oppenheimer Agricultural High school ,English,1.0,0.0,First,Parents or guardians,Between 41 and 60,Farm,9,8,Boarding school,0.0,0.0,School based feeding programme,Bachelor,3,1.0,Rural Village,Single Parent,0.0,0.0,0.0,0.0,0.0,0,1,1,0,0,0,1,Second,Job Security,University Residence,Self Catering,1.0,0.0,Less than 5km,Walking,less than 30 minutes,2,"Bursary e.g., Eskom, Sasol etc.","Bursary e.g., Eskom, Sasol etc","Bursary e.g., Eskom, Sasol etc.",1.0,0.0,,Employed and earning salary/wages
1.0,1.0,0.0,1.0,1.0,Hans kekana ,Setswana,1.0,1.0,Second,No fee-paying school,Between 20 and 30,Township,7,5,Walking,0.0,1.0,School based feeding programme,Bachelor,2,0.0,Township,Single Parent,0.0,0.0,0.0,0.0,0.0,1,1,1,0,0,1,1,First,Role Models,University Residence,Self Catering,1.0,0.0,Between 10km and 14km,University bus service,Between 31 minutes and an hour,1,Funding arrangements not analyzed (if none of the above options apply),Funding arrangements not finalized (if none of the above options apply),Funding arrangements not finalized (if none of the above options apply),,,,
0.9,0.9,0.0,1.0,1.0,Poo Secondary School,Sepedi,1.0,1.0,Second,No fee-paying school,Between 41 and 60,Rural Village,5,5,Public Transport,0.0,0.0,School based feeding programme,Bachelor,3,1.0,Rural Village,Both Parents,0.0,0.0,0.0,0.0,0.0,1,0,0,0,0,0,1,First,Other,University Residence,Self Catering,1.0,1.0,Between 20km and 30km,University bus service,Between 31 minutes and an hour,1,NSFAS,NSFAS,NSFAS,1.0,1.0,Employed and earning salary/wages,Unemployed and receiving social grant
0.08,0.08,0.0,1.0,1.0,Letsibogo girls high,English,1.0,0.0,First,No fee-paying school,Between 20 and 30,Township,12,12,Walking,1.0,1.0,School based feeding programme,Bachelor,3,0.0,Township,Both Parents,0.0,0.0,0.0,0.0,0.0,1,0,1,0,1,1,1,First,The desire to make a difference,University Residence,Self Catering,1.0,1.0,Between 20km and 30km,University bus service,Between 31 minutes and an hour,1,NSFAS,NSFAS,NSFAS,1.0,1.0,,
0.9,0.9,0.0,1.0,1.0,Letlape middle school ,Setswana,1.0,1.0,Second,Parents or guardians,Between 31 and 40,Rural Village,8,8,School Bus,1.0,0.0,School based feeding programme,Bachelor,3,1.0,Farm,Single Parent,0.0,0.0,0.0,0.0,0.0,1,1,1,0,0,0,1,First,Role Models,Accommodation,Self Catering,0.0,0.0,Between 20km and 30km,Public transport,Between 31 minutes and an hour,1,Parent/Parents,Parent/Parents,"Spouse/Partner e.g., wife, boyfriend etc.",,0.0,Employed and earning salary/wages,Employed and earning salary/wages
1.0,1.0,0.0,1.0,1.0,Msengi senior secondary ,Xitsonga,1.0,1.0,First,No fee-paying school,Greater than 80,Rural Village,8,7,Walking,0.0,0.0,School based feeding programme,Bachelor,2,1.0,Rural Village,"Guardian e.g., grandparent, uncle, siblings etc..",0.0,0.0,0.0,0.0,0.0,1,0,0,0,0,0,1,Third,Passion,Accommodation,,1.0,,,University bus service,Between 31 minutes and an hour,1,NSFAS,NSFAS,NSFAS,1.0,1.0,,
1.0,1.0,0.0,1.0,1.0,Bombani senior secondary school ,English,1.0,0.0,Second,No fee-paying school,Between 41 and 60,Rural Village,8,7,Walking,0.0,1.0,School based feeding programme,Bachelor,2,0.0,Rural Village,No support,0.0,0.0,0.0,0.0,0.0,1,1,0,0,0,0,1,First,Passion,University Residence,Self Catering,1.0,1.0,Greater than 30km,University bus service,Between 31 minutes and an hour,1,NSFAS,NSFAS,NSFAS,1.0,1.0,,
1.0,1.0,0.0,1.0,1.0,Kwandebele Science School ,English,1.0,1.0,Second,No fee-paying school,Between 31 and 40,Township,7,7,Own Automobile/car,0.0,1.0,School based feeding programme,Bachelor,4,1.0,Township,Single Parent,0.0,0.0,0.0,1.0,5.0,1,0,0,0,0,0,1,First,Other,University Residence,Self Catering,1.0,0.0,Greater than 30km,University bus service,Between 31 minutes and an hour,1,NSFAS,NSFAS,NSFAS,1.0,0.0,,
1.0,1.0,0.0,1.0,1.0,Bondzeni high school ,Xitsonga,1.0,1.0,First,No fee-paying school,Between 20 and 30,Rural Village,8,9,Walking,0.0,1.0,Parents provided lunch money,Bachelor,5,1.0,Rural Village,Both Parents,0.0,0.0,0.0,0.0,0.0,1,0,1,0,1,1,1,First,Passion,University Residence,Self Catering,1.0,1.0,Less than 5km,Walking,less than 30 minutes,1,Parent/Parents,Parent/Parents,Paying for myself,1.0,0.0,Employed and earning salary/wages,Employed and earning salary/wages
1.0,1.0,0.0,1.0,1.0,Hoerskool Rob Ferreir,English,0.0,0.0,Second,Parents or guardians,Between 20 and 30,Suburb/City/Town,11,8,Dropped off by parent or relative,1.0,0.0,Parents provided lunch box.,Bachelor,5,1.0,Suburb/City/Town,"Guardian e.g., grandparent, uncle, siblings etc..",0.0,0.0,0.0,0.0,0.0,1,1,1,0,1,1,1,First,The desire to make a difference,Private,Self Catering,1.0,1.0,Greater than 30km,University bus service,Between 31 minutes and an hour,1,NSFAS,NSFAS,NSFAS,1.0,1.0,,
1.0,1.0,0.0,1.0,1.0,Phambili secondary school ,IsiNdebele,1.0,1.0,Second,No fee-paying school,Between 31 and 40,Public,6,3,Walking,0.0,0.0,Parents provided lunch money,Bachelor,4,1.0,Township,Single Parent,0.0,0.0,1.0,0.0,0.0,1,0,0,0,1,1,1,First,The desire to make a difference,University Residence,Self Catering,1.0,1.0,Greater than 30km,University bus service,Between 31 minutes and an hour,2,NSFAS,NSFAS,NSFAS,1.0,1.0,,
1.0,1.0,0.0,1.0,1.0,Edenglen High School ,English,0.0,1.0,First,Parents or guardians,Between 31 and 40,Suburb/City/Town,12,10,Walking,1.0,1.0,Parents provided lunch box.,Bachelor,5,1.0,Suburb/City/Town,Single Parent,0.0,0.0,0.0,1.0,6.0,0,1,0,0,0,0,1,Second,Other,Accommodation,Self Catering,1.0,0.0,Greater than 30km,University bus service,Between 31 minutes and an hour,2,"Bursary e.g., Eskom, Sasol etc.","Bursary e.g., Eskom, Sasol etc",NSFAS,1.0,0.0,,Employed and earning salary/wages
1.0,1.0,0.0,1.0,1.0,Ntodeni secondary school ,Tshivenda,1.0,1.0,First,Parents or guardians,Greater than 80,Rural Village,8,8,Walking,0.0,0.0,School based feeding programme,Bachelor,1,1.0,Rural Village,Single Parent,0.0,0.0,0.0,1.0,5.0,1,1,1,0,1,1,1,First,Passion,University Residence,Self Catering,1.0,1.0,Between 10km and 14km,University bus service,Between 31 minutes and an hour,2,NSFAS,NSFAS,NSFAS,1.0,1.0,,
1.0,1.0,0.0,1.0,1.0,Matshwara secondary school ,English,1.0,1.0,First,No fee-paying school,Between 31 and 40,Rural Village,9,7,Walking,0.0,1.0,School based food garden,School leaving,3,1.0,Rural Village,"Spouse/Partner e.g. wife, boyfriend etc.",1.0,3.0,1.0,1.0,5.0,1,1,0,0,0,1,1,First,Passion,Accommodation,Self Catering,1.0,1.0,Greater than 30km,University bus service,Between 31 minutes and an hour,1,Government scholarship/bursary,Government scholarship/bursary,Government scholarship/bursary,0.0,0.0,Employed and earning salary/wages,Unemployed and receiving social grant
0.08,0.08,0.0,1.0,1.0,Nkwangularilo Education Centre ,English,1.0,0.0,Second,Parents or guardians,Between 20 and 30,Private school,9,9,School Bus,1.0,0.0,Parents provided lunch money,Bachelor,6,1.0,Suburb/City/Town,Both Parents,0.0,0.0,0.0,0.0,0.0,1,1,1,0,1,1,1,First,Passion,University Residence,Self Catering,1.0,1.0,Greater than 30km,University bus service,Between 31 minutes and an hour,1,"Bursary e.g., Eskom, Sasol etc.","Bursary e.g., Eskom, Sasol etc","Bursary e.g., Eskom, Sasol etc.",,,,
1.0,1.0,0.0,1.0,1.0,Hlabi Senior Secondary School ,English,1.0,0.0,First,No fee-paying school,Between 31 and 40,Rural Village,6,4,Walking,0.0,0.0,School based feeding programme,Bachelor,2,1.0,Rural Village,"Guardian e.g., grandparent, uncle, siblings etc..",0.0,0.0,0.0,0.0,0.0,1,1,0,0,0,1,1,First,The desire to make a difference,Accommodation,,,1.0,Between 15km and 19km,University bus service,Between 31 minutes and an hour,1,NSFAS,NSFAS,NSFAS,1.0,1.0,,
1.0,1.0,0.0,1.0,1.0,BAKENBERG HIGH SCHOOL,Sepedi,,0.0,First,,Between 20 and 30,Rural Village,8,9,Walking,0.0,0.0,School based feeding programme,Bachelor,5,1.0,Rural Village,Both Parents,0.0,0.0,0.0,1.0,5.0,1,0,1,0,0,1,1,First,The desire to make a difference,University Residence,Self Catering,1.0,1.0,Between 20km and 30km,University bus service,Between 31 minutes and an hour,1,NSFAS,NSFAS,NSFAS,1.0,1.0,,
0.5,0.5,0.0,1.0,1.0,DD MABUZA COMPREHENSIVE HIGH SCHOOL ,SiSwati,1.0,1.0,First,"Bursary e.g., Sasol, Eskom etc.",Between 41 and 60,Rural Village,9,5,Walking,0.0,0.0,School based feeding programme,School leaving,4,1.0,Rural Village,Single Parent,1.0,1.0,0.0,0.0,0.0,1,0,0,0,0,0,1,Second,Passion,Accommodation,Self Catering,1.0,1.0,Greater than 30km,University bus service,Between 31 minutes and an hour,1,NSFAS,NSFAS,NSFAS,1.0,1.0,Unemployed and looking for work,Unemployed and looking for work
1.0,1.0,0.0,1.0,1.0,Ngwanakwena Secondary school ,Sepedi,1.0,1.0,Second,No fee-paying school,Between 31 and 40,Township,7,7,Walking,0.0,0.0,School based feeding programme,Bachelor,2,1.0,Township,"Guardian e.g., grandparent, uncle, siblings etc..",0.0,0.0,0.0,1.0,5.0,1,1,0,0,1,1,1,First,The desire to make a difference,University Residence,Self Catering,1.0,0.0,Between 20km and 30km,University bus service,Between 31 minutes and an hour,1,NSFAS,NSFAS,NSFAS,1.0,0.0,,
1.0,1.0,0.0,1.0,1.0,The King's white River ,English,1.0,1.0,Second,Parents or guardians,Between 41 and 60,Suburb/City/Town,12,12,Boarding school,1.0,1.0,School based feeding programme,Bachelor,6,1.0,Suburb/City/Town,Family friend/Friend,0.0,0.0,0.0,0.0,0.0,1,1,1,0,1,1,1,Second,The desire to make a difference,University Residence,Self Catering,1.0,1.0,Greater than 30km,University bus service,Between 31 minutes and an hour,2,Parent/Parents,Parent/Parents,Paying for myself,,,Self-employed,Employed and earning salary/wages
1.0,1.0,0.0,1.0,1.0,Umzilikazi Senior Secondary School ,English,1.0,0.0,Second,No fee-paying school,Greater than 80,Rural Village,7,7,School Bus,0.0,0.0,Parents provided lunch box.,Bachelor,4,1.0,Suburb/City/Town,Single Parent,0.0,0.0,0.0,1.0,5.0,1,1,1,0,1,1,1,First,Role Models,University Residence,Self Catering,1.0,1.0,Greater than 30km,University bus service,Between 31 minutes and an hour,1,NSFAS,NSFAS,NSFAS,1.0,1.0,,
1.0,0.719,0.281,0.719,0.0,Marobathota High,Sepedi,,1.0,Second,No fee-paying school,Between 41 and 60,Rural Village,12,8,Public Transport,0.0,0.0,School based feeding programme,Bachelor,3,0.0,Rural Village,Single Parent,0.0,0.0,,,5.0,1,1,1,0,1,1,1,First,The desire to make a difference,University Residence,Self Catering,1.0,1.0,Greater than 30km,University bus service,Between 31 minutes and an hour,1,NSFAS,NSFAS,NSFAS,1.0,1.0,,
0.999,0.999,0.0,1.0,1.0,Kgapane High School ,Sepedi,1.0,1.0,First,No fee-paying school,Between 41 and 60,Rural Village,9,7,Walking,1.0,0.0,School based feeding programme,School leaving,4,1.0,Rural Village,Both Parents,0.0,0.0,0.0,0.0,0.0,1,1,1,0,0,0,1,First,Family,University Residence,Catered,1.0,1.0,Between 20km and 30km,University bus service,Between 31 minutes and an hour,1,NSFAS,NSFAS,NSFAS,1.0,0.0,,
0.08,0.08,0.0,1.0,1.0,Mukhwantheli secondary school ,Tshivenda,1.0,1.0,Second,Parents or guardians,Between 41 and 60,Rural Village,6,6,Walking,0.0,1.0,School based feeding programme,Bachelor,2,1.0,Rural Village,Both Parents,0.0,0.0,0.0,0.0,0.0,1,1,1,0,1,0,1,First,Passion,Accommodation,Self Catering,1.0,1.0,Greater than 30km,University bus service,Between 31 minutes and an hour,1,NSFAS,NSFAS,NSFAS,1.0,1.0,,
0.08,0.08,0.0,1.0,1.0,Segopotje Secondary School ,Sepedi,1.0,1.0,Second,No fee-paying school,Greater than 80,Rural Village,7,6,Public Transport,0.0,0.0,School based feeding programme,Bachelor,1,1.0,Rural Village,Both Parents,0.0,0.0,0.0,0.0,0.0,1,1,1,0,0,1,1,First,Passion,Accommodation,Self Catering,1.0,1.0,Greater than 30km,University bus service,Between 31 minutes and an hour,1,NSFAS,NSFAS,NSFAS,1.0,1.0,,
0.08,0.08,0.0,1.0,1.0,Rusplaas Christian Model School ,Sepedi,0.0,0.0,First,Parents or guardians,Between 20 and 30,Private school,4,4,Walking,0.0,0.0,Parents provided lunch box.,Bachelor,5,1.0,Rural Village,Both Parents,0.0,0.0,0.0,0.0,0.0,1,1,1,0,1,1,1,First,The desire to make a difference,University Residence,Self Catering,1.0,0.0,Less than 5km,Walking,less than 30 minutes,2,Funding arrangements not analyzed (if none of the above options apply),Funding arrangements not finalized (if none of the above options apply),Funding arrangements not finalized (if none of the above options apply),,,Employed and earning salary/wages,Employed and earning salary/wages
1.0,0.812,0.188,0.812,1.0,Naauwport ,English,1.0,0.0,Second,No fee-paying school,Between 20 and 30,Rural Village,9,9,Boarding school,0.0,1.0,Three meals a day,Bachelor,2,0.0,Rural Village,Both Parents,0.0,0.0,0.0,0.0,0.0,1,0,1,0,1,1,1,Second,The desire to make a difference,University Residence,Self Catering,1.0,1.0,Between 6km and 9km,University bus service,Between 31 minutes and an hour,1,NSFAS,NSFAS,NSFAS,1.0,1.0,,
0.08,0.08,0.0,1.0,1.0,John mutheiwana secondary school ,Tshivenda,1.0,0.0,Second,"Bursary e.g., Sasol, Eskom etc.",Between 31 and 40,Rural Village,5,5,Walking,0.0,0.0,School based feeding programme,Bachelor,2,1.0,Rural Village,Both Parents,0.0,0.0,0.0,0.0,0.0,1,1,1,0,0,1,1,First,Passion,University Residence,Self Catering,1.0,1.0,Between 15km and 19km,University bus service,Between 31 minutes and an hour,1,NSFAS,NSFAS,NSFAS,1.0,1.0,,
1.0,1.0,0.0,1.0,1.0,Dennis Matlhaba 2 secondary school ,Sepedi,1.0,0.0,First,No fee-paying school,Between 61 and 80,Rural Village,8,8,Walking,1.0,0.0,Parents provided lunch money,Bachelor,4,1.0,Rural Village,Both Parents,0.0,0.0,0.0,1.0,5.0,1,0,1,0,1,0,1,First,Passion,University Residence,Self Catering,1.0,1.0,Greater than 30km,University bus service,Between 31 minutes and an hour,1,NSFAS,NSFAS,NSFAS,1.0,1.0,,
0.5,0.5,0.0,1.0,1.0,Soshanguve east secondary school ,English,1.0,0.0,Second,No fee-paying school,Between 41 and 60,Township,12,8,School Bus,0.0,0.0,School based feeding programme,Bachelor,2,0.0,Township,"Guardian e.g., grandparent, uncle, siblings etc..",0.0,0.0,0.0,0.0,0.0,1,1,0,0,0,1,1,First,Passion,University Residence,Self Catering,1.0,0.0,Between 15km and 19km,University bus service,Between 31 minutes and an hour,1,Government scholarship/bursary,Government scholarship/bursary,Government scholarship/bursary,,,Unemployed and receiving social grant,
1.0,0.674,0.326,0.674,0.0,MATTHEWS MANGOPE HIGH SCHOOL ,English,1.0,1.0,Second,Government scholarship/bursary,Between 20 and 30,Rural Village,8,5,School Bus,0.0,0.0,School based feeding programme,Bachelor,2,0.0,Rural Village,,1.0,2.0,0.0,0.0,0.0,1,1,1,0,1,1,1,First,Passion,Accommodation,Self Catering,1.0,,Between 6km and 9km,University bus service,Between 31 minutes and an hour,1,NSFAS,NSFAS,NSFAS,1.0,0.0,,Employed and earning salary/wages
1.0,1.0,0.0,1.0,1.0,Sinethezekile High school ,IsiZulu,1.0,1.0,Second,No fee-paying school,Between 61 and 80,Farm,6,7,Scholar transport (Rural learners),0.0,0.0,Parents provided lunch money,Bachelor,1,1.0,Rural Village,"Guardian e.g., grandparent, uncle, siblings etc..",0.0,0.0,0.0,1.0,6.0,1,1,1,0,0,1,1,Second,Passion,University Residence,Self Catering,1.0,0.0,Between 20km and 30km,University bus service,Between 1 and 2 hours,1,NSFAS,NSFAS,NSFAS,1.0,0.0,,
1.0,1.0,0.0,1.0,1.0,Trinity Secondary School ,English,1.0,0.0,First,Parents or guardians,Between 20 and 30,Suburb/City/Town,8,9,Public Transport,1.0,1.0,Parents provided lunch money,Bachelor,5,1.0,Township,Single Parent,0.0,0.0,0.0,1.0,5.0,1,1,0,0,1,1,1,First,Passion,Accommodation,Self Catering,1.0,1.0,Between 20km and 30km,University bus service,Between 31 minutes and an hour,2,NSFAS,NSFAS,NSFAS,1.0,1.0,,
0.08,0.08,0.0,1.0,1.0,Abraham Serote secondary school ,Sepedi,1.0,1.0,Second,No fee-paying school,Between 41 and 60,Rural Village,5,5,Public Transport,1.0,1.0,School based feeding programme,Bachelor,5,1.0,Rural Village,Both Parents,1.0,,1.0,0.0,0.0,0,1,0,0,1,0,1,First,Family,Accommodation,Self Catering,1.0,1.0,Between 15km and 19km,University bus service,Between 31 minutes and an hour,1,NSFAS,NSFAS,NSFAS,1.0,0.0,,Self-employed
0.9,0.7,0.2,0.7777777777777777,1.0,Magoza School of Excellence ,Xitsonga,1.0,1.0,Second,Parents or guardians,Between 31 and 40,Public,10,11,Walking,1.0,0.0,School based feeding programme,Bachelor,3,1.0,Rural Village,Both Parents,0.0,0.0,0.0,0.0,0.0,1,1,1,0,1,1,1,First,The desire to make a difference,University Residence,Self Catering,1.0,1.0,Less than 5km,University bus service,Between 31 minutes and an hour,1,NSFAS,NSFAS,NSFAS,1.0,1.0,Unemployed and looking for work,Unemployed and looking for work
0.08,0.08,0.0,1.0,1.0,Ezibukweni Secondary School ,IsiZulu,1.0,1.0,Second,No fee-paying school,Between 31 and 40,Rural Village,7,7,Public Transport,0.0,0.0,School based feeding programme,Bachelor,2,1.0,Rural Village,Single Parent,0.0,0.0,0.0,0.0,0.0,1,1,1,0,0,1,1,First,Passion,University Residence,Self Catering,1.0,1.0,Between 20km and 30km,University bus service,Between 31 minutes and an hour,1,NSFAS,NSFAS,NSFAS,1.0,1.0,,
1.0,1.0,0.0,1.0,1.0,Moletsane Secondary School,English,1.0,0.0,Third,Educational or schooling insurance policy,Between 41 and 60,Township,7,6,Walking,1.0,0.0,School based feeding programme,Bachelor,3,0.0,Township,Both Parents,0.0,0.0,0.0,0.0,0.0,1,1,1,0,1,1,1,First,Passion,University Residence,Self Catering,1.0,1.0,Greater than 30km,University bus service,Between 31 minutes and an hour,2,NSFAS,NSFAS,NSFAS,1.0,1.0,,
0.95,0.95,0.0,1.0,1.0,Mosipa Secondary School ,Sepedi,1.0,0.0,Second,"Bursary e.g., Sasol, Eskom etc.",Between 20 and 30,Public,9,9,Walking,0.0,0.0,Parents provided lunch money,Bachelor,2,1.0,Rural Village,Both Parents,0.0,0.0,0.0,0.0,0.0,1,0,0,0,0,1,1,First,Passion,University Residence,Self Catering,1.0,1.0,Between 15km and 19km,University bus service,Between 31 minutes and an hour,1,NSFAS,NSFAS,NSFAS,1.0,1.0,,
1.0,1.0,0.0,1.0,1.0,Highveld Secondary School ,SiSwati,1.0,1.0,Second,No fee-paying school,Between 41 and 60,Public,9,7,Dropped off by parent or relative,0.0,1.0,School based feeding programme,Bachelor,4,1.0,Township,Both Parents,0.0,0.0,0.0,1.0,5.0,1,0,0,0,0,1,1,First,Other,University Residence,Self Catering,1.0,0.0,Between 15km and 19km,University bus service,Between 31 minutes and an hour,2,Parent/Parents,Parent/Parents,Paying for myself,,,Employed and earning salary/wages,Employed and earning salary/wages
1.0,1.0,0.0,1.0,1.0,Kgapane high school ,English,1.0,0.0,Third,Government scholarship/bursary,Greater than 80,Township,9,9,Public Transport,1.0,0.0,School based feeding programme,Bachelor,4,1.0,Township,"Guardian e.g., grandparent, uncle, siblings etc..",0.0,0.0,0.0,0.0,0.0,1,1,0,0,1,1,1,First,The desire to make a difference,University Residence,Self Catering,1.0,1.0,Between 10km and 14km,University bus service,Between 31 minutes and an hour,2,NSFAS,NSFAS,NSFAS,1.0,1.0,,
1.0,1.0,0.0,1.0,1.0,Ramphelane High school,Sepedi,1.0,1.0,First,"Bursary e.g., Sasol, Eskom etc.",Greater than 80,Rural Village,5,5,Walking,0.0,0.0,School based feeding programme,Bachelor,1,1.0,Rural Village,Single Parent,0.0,0.0,0.0,0.0,0.0,1,0,0,0,0,0,1,First,Passion,University Residence,Self Catering,1.0,1.0,Between 15km and 19km,University bus service,Between 31 minutes and an hour,1,NSFAS,NSFAS,NSFAS,1.0,1.0,,Unemployed and looking for work
0.08,0.08,0.0,1.0,1.0,Khudugane secondary school ,English,1.0,0.0,Second,No fee-paying school,Between 41 and 60,Rural Village,7,5,Walking,0.0,0.0,School based feeding programme,Bachelor,4,1.0,Rural Village,Single Parent,0.0,0.0,1.0,0.0,0.0,1,1,1,0,1,1,1,First,The desire to make a difference,University Residence,Self Catering,1.0,,,University bus service,Between 31 minutes and an hour,2,NSFAS,NSFAS,NSFAS,1.0,1.0,,
0.08,0.08,0.0,1.0,1.0,Motse Maria High School ,English,1.0,0.0,Second,Parents or guardians,Greater than 80,Rural Village,12,12,Boarding school,0.0,0.0,Three meals a day,Bachelor,2,0.0,Rural Village,Single Parent,0.0,0.0,0.0,0.0,0.0,1,1,0,0,1,1,1,First,Passion,University Residence,Self Catering,1.0,1.0,Less than 5km,University bus service,Between 31 minutes and an hour,1,NSFAS,NSFAS,NSFAS,1.0,0.0,,
0.9,0.9,0.0,1.0,1.0,Mmametlhake Secondary school ,English,1.0,0.0,First,No fee-paying school,Between 20 and 30,Rural Village,13,12,Public Transport,0.0,0.0,School based feeding programme,Bachelor,5,1.0,Rural Village,"Guardian e.g., grandparent, uncle, siblings etc..",0.0,0.0,0.0,0.0,0.0,1,1,0,0,0,0,1,First,Passion,University Residence,Self Catering,1.0,1.0,Between 10km and 14km,University bus service,Between 31 minutes and an hour,1,NSFAS,NSFAS,NSFAS,1.0,0.0,,
1.0,1.0,0.0,1.0,1.0,Ngwanatshwane ,Sepedi,1.0,1.0,Second,No fee-paying school,Between 61 and 80,Rural Village,5,5,Walking,0.0,1.0,School based feeding programme,Bachelor,1,1.0,Rural Village,Both Parents,1.0,2.0,0.0,1.0,5.0,1,1,1,0,0,1,1,Second,Passion,University Residence,Self Catering,1.0,0.0,Greater than 30km,University bus service,Between 31 minutes and an hour,1,NSFAS,NSFAS,NSFAS,1.0,1.0,Unemployed and looking for work,Unemployed and looking for work
0.08,0.08,0.0,1.0,1.0,Gobela high school,English,1.0,0.0,Second,No fee-paying school,Between 31 and 40,Rural Village,7,5,Walking,0.0,1.0,School based feeding programme,Bachelor,3,0.0,Rural Village,Both Parents,0.0,0.0,0.0,0.0,0.0,0,1,0,0,0,0,1,First,Passion,University Residence,Self Catering,1.0,1.0,Greater than 30km,University bus service,Between 31 minutes and an hour,1,NSFAS,NSFAS,NSFAS,1.0,1.0,Domestic servant or unskilled labour,Domestic servant or unskilled labour
0.08,0.08,0.0,1.0,1.0,Macema Commercial Secondary School ,Xitsonga,1.0,1.0,First,Government scholarship/bursary,Between 31 and 40,Rural Village,8,8,Dropped off by parent or relative,0.0,0.0,School based feeding programme,Bachelor,2,1.0,Rural Village,Both Parents,0.0,0.0,0.0,0.0,0.0,1,1,1,0,1,1,1,First,Job Security,Accommodation,Self Catering,1.0,1.0,Greater than 30km,University bus service,Between 31 minutes and an hour,2,NSFAS,NSFAS,Paying for myself,1.0,1.0,,
0.08,0.08,0.0,1.0,1.0,Vlakfontein secondary school ,Sepedi,1.0,1.0,First,No fee-paying school,Between 20 and 30,Public,9,8,Public Transport,0.0,0.0,School based feeding programme,Bachelor,4,1.0,Suburb/City/Town,Both Parents,0.0,0.0,0.0,0.0,0.0,1,1,0,0,1,1,1,First,,Accommodation,Self Catering,1.0,,Greater than 30km,University bus service,Between 31 minutes and an hour,2,Government scholarship/bursary,Government scholarship/bursary,Government scholarship/bursary,0.0,0.0,,
1.0,1.0,0.0,1.0,1.0,Ramatshagalala Secondary School ,Sepedi,1.0,0.0,First,No fee-paying school,Between 41 and 60,Rural Village,8,6,Walking,0.0,0.0,School based feeding programme,Bachelor,3,1.0,Rural Village,Single Parent,0.0,0.0,0.0,0.0,0.0,1,0,1,0,1,1,1,First,Passion,University Residence,Self Catering,1.0,1.0,Less than 5km,Walking,less than 30 minutes,1,NSFAS,NSFAS,NSFAS,1.0,1.0,,
1.0,1.0,0.0,1.0,1.0,Highveld Secondary School,SiSwati,1.0,0.0,Second,Government scholarship/bursary,Between 31 and 40,Rural Village,8,5,Public Transport,0.0,0.0,School based feeding programme,Bachelor,2,1.0,Rural Village,Single Parent,1.0,1.0,0.0,0.0,0.0,1,1,1,0,1,1,1,First,Family,Private,Self Catering,0.0,1.0,Between 20km and 30km,University bus service,Between 31 minutes and an hour,1,NSFAS,NSFAS,NSFAS,1.0,1.0,,
0.08,0.08,0.0,1.0,1.0,ISolomzi Senior Secondary School,Xhosa,1.0,0.0,Second,Parents or guardians,Between 41 and 60,Rural Village,6,6,Walking,0.0,0.0,School based feeding programme,Bachelor,4,1.0,Township,No support,0.0,0.0,0.0,0.0,0.0,1,1,1,0,0,1,1,First,Role Models,Accommodation,,,1.0,Between 20km and 30km,University bus service,Between 31 minutes and an hour,1,Merit scholarships,Merit scholarships,"Guardian e.g., grandparent, uncle, siblings etc.",,,Employed and earning salary/wages,Employed and earning salary/wages
1.0,1.0,0.0,1.0,1.0,Mjokwane secondary school ,English,1.0,0.0,Second,Parents or guardians,Between 41 and 60,Public,12,12,Public Transport,0.0,1.0,School based feeding programme,Bachelor,3,1.0,Rural Village,Both Parents,0.0,0.0,0.0,1.0,11.0,1,0,0,0,0,1,1,First,The desire to make a difference,Accommodation,,,1.0,Between 20km and 30km,University bus service,Between 31 minutes and an hour,2,NSFAS,NSFAS,NSFAS,1.0,1.0,,
1.002,1.002,0.0,1.0,1.0,Central Secondary School ,English,1.0,0.0,First,Parents or guardians,Between 31 and 40,Suburb/City/Town,8,7,Public Transport,0.0,0.0,Parents provided lunch box.,Bachelor,4,1.0,Township,"Guardian e.g., grandparent, uncle, siblings etc..",0.0,0.0,0.0,0.0,0.0,1,1,1,0,1,1,1,Third,Passion,University Residence,Self Catering,1.0,0.0,Less than 5km,Walking,less than 30 minutes,2,NSFAS,NSFAS,NSFAS,1.0,1.0,,
0.08,0.08,0.0,1.0,1.0,Matsimela High School,Sepedi,1.0,0.0,First,No fee-paying school,Between 20 and 30,Rural Village,7,7,Walking,0.0,1.0,School based feeding programme,Bachelor,2,1.0,Rural Village,"Guardian e.g., grandparent, uncle, siblings etc..",0.0,0.0,0.0,0.0,0.0,1,1,0,0,1,1,1,First,Passion,Accommodation,,1.0,1.0,Greater than 30km,University bus service,Between 1 and 2 hours,1,NSFAS,NSFAS,NSFAS,1.0,1.0,,
1.0,0.83,0.17,0.83,1.0,Boke Agricultural High school ,English,1.0,0.0,First,"Bursary e.g., Sasol, Eskom etc.",Greater than 80,Rural Village,9,7,Walking,0.0,,,,1,0.0,Rural Village,Both Parents,0.0,0.0,0.0,1.0,5.0,0,1,0,0,1,1,1,First,Job Security,University Residence,Self Catering,1.0,0.0,Greater than 30km,University bus service,Between 31 minutes and an hour,1,NSFAS,NSFAS,NSFAS,1.0,1.0,,Unemployed and receiving social grant
1.0,1.0,0.0,1.0,1.0,Mbhudula Secondary School ,English,1.0,0.0,Second,Self-funded,Between 41 and 60,Rural Village,9,9,Walking,1.0,0.0,School based feeding programme,Bachelor,5,1.0,Rural Village,Single Parent,0.0,0.0,0.0,0.0,0.0,1,0,0,0,0,0,1,First,Passion,University Residence,Self Catering,1.0,1.0,Between 6km and 9km,University bus service,Between 31 minutes and an hour,1,NSFAS,NSFAS,NSFAS,1.0,1.0,Out of work but not currently looking for work,Unemployed and looking for work
1.0,0.688,0.312,0.688,0.0,Steenbok secondary school,SiSwati,1.0,1.0,Second,Parents or guardians,Greater than 80,Rural Village,8,8,Walking,0.0,0.0,School based feeding programme,Bachelor,3,1.0,Rural Village,Single Parent,1.0,1.0,0.0,1.0,5.0,1,0,0,0,0,0,1,First,Family,University Residence,Self Catering,1.0,1.0,,University bus service,Between 31 minutes and an hour,1,NSFAS,NSFAS,NSFAS,1.0,1.0,,
0.9,0.9,0.0,1.0,1.0,Sesiyabonga Technical School ,IsiZulu,1.0,1.0,First,No fee-paying school,Between 41 and 60,Suburb/City/Town,4,4,Walking,0.0,0.0,School based feeding programme,Bachelor,3,0.0,Township,Both Parents,0.0,0.0,0.0,0.0,0.0,1,0,0,0,0,1,1,First,The desire to make a difference,University Residence,Self Catering,1.0,1.0,Less than 5km,Walking,less than 30 minutes,1,NSFAS,NSFAS,NSFAS,1.0,1.0,,
0.9,0.9,0.0,1.0,1.0,ivory park secondary school ,English,1.0,1.0,First,No fee-paying school,Between 20 and 30,Township,10,9,Public Transport,0.0,0.0,Parents provided lunch money,Bachelor,2,0.0,Township,Both Parents,0.0,0.0,0.0,0.0,0.0,1,0,0,0,0,1,1,Second,The desire to make a difference,University Residence,Catered,1.0,1.0,Less than 5km,Walking,less than 30 minutes,1,NSFAS,NSFAS,NSFAS,1.0,1.0,,
1.0,1.0,0.0,1.0,1.0,Highveld Secondary School,SiSwati,1.0,0.0,Second,No fee-paying school,Between 41 and 60,Township,10,9,Walking,0.0,0.0,School based feeding programme,Bachelor,5,1.0,Rural Village,Single Parent,0.0,0.0,0.0,0.0,0.0,1,0,0,0,1,1,1,First,The desire to make a difference,Accommodation,Self Catering,1.0,0.0,Greater than 30km,University bus service,Between 31 minutes and an hour,2,NSFAS,NSFAS,NSFAS,1.0,1.0,,Unemployed and receiving social grant
0.5,0.5,0.0,1.0,1.0,Mabea Senior Secondary school ,Sepedi,1.0,1.0,First,No fee-paying school,Between 31 and 40,Rural Village,7,7,Walking,1.0,1.0,School based feeding programme,Bachelor,3,1.0,Rural Village,Both Parents,0.0,0.0,0.0,0.0,0.0,0,0,1,0,0,0,1,First,Passion,Accommodation,,,1.0,Between 20km and 30km,University bus service,Between 31 minutes and an hour,1,NSFAS,NSFAS,NSFAS,1.0,1.0,Self-employed,Employed and earning salary/wages
1.0,1.0,0.0,1.0,1.0,Rakgolokwana ,Sepedi,1.0,1.0,First,No fee-paying school,Between 61 and 80,Rural Village,8,8,Walking,0.0,0.0,School based feeding programme,Bachelor,2,0.0,Rural Village,Both Parents,0.0,0.0,0.0,1.0,5.0,1,1,1,0,1,1,1,First,Teachers,University Residence,Self Catering,1.0,1.0,Between 10km and 14km,University bus service,Between 31 minutes and an hour,1,NSFAS,NSFAS,NSFAS,1.0,1.0,,
0.5,0.5,0.0,1.0,1.0,Amaria combined school ,English,1.0,0.0,Second,Parents or guardians,Between 31 and 40,Rural Village,6,6,Scholar transport (Rural learners),1.0,0.0,Parents provided lunch box.,Bachelor,4,1.0,Township,No support,0.0,0.0,0.0,1.0,5.0,1,0,1,0,0,1,1,Third,The desire to make a difference,University Residence,Self Catering,1.0,1.0,Less than 5km,,Between 31 minutes and an hour,2,Parent/Parents,Parent/Parents,Funding arrangements not finalized (if none of the above options apply),,,,Employed and earning salary/wages
1.0,0.531,0.469,0.531,0.0,Rakgotso Secondary School ,Setswana,1.0,0.0,First,No fee-paying school,Between 20 and 30,Township,7,5,Walking,1.0,0.0,School based feeding programme,Bachelor,4,0.0,Township,Single Parent,0.0,0.0,0.0,1.0,5.0,1,1,1,0,1,1,1,First,Other,University Residence,Self Catering,1.0,1.0,Between 20km and 30km,University bus service,Between 31 minutes and an hour,2,NSFAS,NSFAS,NSFAS,1.0,1.0,,Domestic servant or unskilled labour
1.0,1.0,0.0,1.0,1.0,Nthetsheleseni secondary school ,Tshivenda,0.0,1.0,First,"Bursary e.g., Sasol, Eskom etc.",Greater than 80,Rural Village,7,7,Walking,0.0,0.0,Parents provided lunch money,Bachelor,2,1.0,Rural Village,No support,0.0,0.0,0.0,0.0,0.0,1,1,1,0,0,1,1,First,Job Security,University Residence,Self Catering,1.0,1.0,Between 20km and 30km,University bus service,Between 31 minutes and an hour,1,NSFAS,NSFAS,NSFAS,1.0,1.0,,
0.5,0.3,0.2,0.6,0.0,Batlhaping High School,English,1.0,0.0,Second,No fee-paying school,Between 41 and 60,Rural Village,9,6,Public Transport,0.0,0.0,School based feeding programme,Bachelor,1,1.0,Rural Village,Single Parent,0.0,0.0,0.0,1.0,5.0,1,1,0,0,0,0,1,Third,The desire to make a difference,University Residence,Self Catering,1.0,0.0,Between 20km and 30km,University bus service,Between 1 and 2 hours,1,NSFAS,NSFAS,NSFAS,1.0,1.0,,Employed and earning salary/wages
1.0,1.0,0.0,1.0,1.0,Intuthuko Katleho secondary school ,English,1.0,0.0,Second,"Bursary e.g., Sasol, Eskom etc.",Between 31 and 40,Suburb/City/Town,7,4,Walking,1.0,0.0,School based feeding programme,Bachelor,2,0.0,Township,Single Parent,0.0,0.0,0.0,0.0,0.0,1,1,1,0,0,0,1,Second,Job Security,University Residence,Self Catering,1.0,1.0,Between 20km and 30km,University bus service,Between 31 minutes and an hour,1,NSFAS,NSFAS,NSFAS,1.0,0.0,,Employed and earning salary/wages
0.08,0.08,0.0,1.0,1.0,Mbilwi secondary school ,English,1.0,1.0,Second,Parents or guardians,Between 61 and 80,Public,11,10,Public Transport,1.0,0.0,Parents provided lunch money,Bachelor,6,1.0,Suburb/City/Town,Both Parents,0.0,0.0,0.0,1.0,5.0,1,1,0,0,0,0,1,First,Passion,University Residence,Self Catering,1.0,1.0,Between 10km and 14km,University bus service,Between 31 minutes and an hour,1,Funding arrangements not analyzed (if none of the above options apply),Funding arrangements not finalized (if none of the above options apply),"Guardian e.g., grandparent, uncle, siblings etc.",1.0,0.0,Retired with retirement annuity income,Unemployed and receiving social grant
0.5,0.5,0.0,1.0,1.0,Clapham high school ,English,1.0,0.0,Second,Parents or guardians,Between 31 and 40,Suburb/City/Town,10,10,School Bus,0.0,0.0,Parents provided lunch money,Bachelor,5,1.0,Township,Single Parent,0.0,0.0,0.0,0.0,0.0,1,1,0,0,1,1,1,First,Passion,Accommodation,,1.0,0.0,Greater than 30km,University bus service,Between 31 minutes and an hour,1,NSFAS,NSFAS,NSFAS,1.0,1.0,,
0.5,0.5,0.0,1.0,1.0,Mafunda Secondary school ,IsiZulu,1.0,1.0,Second,No fee-paying school,Between 41 and 60,Rural Village,6,3,Walking,0.0,1.0,Parents provided lunch money,Bachelor,2,0.0,Rural Village,Single Parent,0.0,0.0,1.0,1.0,5.0,0,0,0,0,1,0,1,Second,Passion,University Residence,Self Catering,1.0,0.0,Greater than 30km,University bus service,Between 1 and 2 hours,2,NSFAS,NSFAS,NSFAS,1.0,1.0,,
1.0,1.0,0.0,1.0,1.0,Noju Secondary School ,IsiZulu,1.0,1.0,Second,No fee-paying school,Greater than 80,Public,9,9,Walking,0.0,0.0,Two meals a day,Bachelor,2,1.0,Rural Village,Single Parent,0.0,0.0,0.0,0.0,0.0,1,1,0,0,0,1,1,Second,Passion,University Residence,Self Catering,1.0,1.0,,,less than 30 minutes,1,NSFAS,NSFAS,NSFAS,1.0,1.0,,
1.0,0.406,0.594,0.406,0.0,Nkwangulatilo Educa nitional centre,English,1.0,0.0,Second,Parents or guardians,Between 20 and 30,Private school,8,8,Public Transport,1.0,0.0,Parents provided lunch box.,Bachelor,5,0.0,Rural Village,Both Parents,0.0,0.0,0.0,0.0,0.0,1,1,1,0,1,1,1,First,Passion,University Residence,Catered,1.0,1.0,Between 20km and 30km,University bus service,Between 31 minutes and an hour,2,Funding arrangements not analyzed (if none of the above options apply),Funding arrangements not finalized (if none of the above options apply),Funding arrangements not finalized (if none of the above options apply),1.0,0.0,Employed and earning salary/wages,
1.0,1.0,0.0,1.0,1.0,Kgahlanamorulana ,Sepedi,1.0,1.0,Second,No fee-paying school,Greater than 80,Rural Village,0,0,Walking,0.0,,,Bachelor,0,,,,,,,,,0,0,0,0,0,0,0,First,,University Residence,Catered,,,,,,0,,,,,,,
0.5,0.4,0.1,0.8,1.0,Sol Plaatjie secondary school ,English,1.0,0.0,Second,Parents or guardians,Between 20 and 30,Suburb/City/Town,11,9,Dropped off by parent or relative,0.0,1.0,Parents provided lunch box.,Bachelor,5,1.0,Suburb/City/Town,Both Parents,0.0,0.0,0.0,0.0,0.0,1,1,1,0,1,1,1,Second,Passion,University Residence,Self Catering,1.0,1.0,Between 20km and 30km,University bus service,Between 31 minutes and an hour,1,NSFAS,NSFAS,NSFAS,1.0,1.0,,
1.0,1.0,0.0,1.0,1.0,Motlalaohle secondary school,English,1.0,0.0,First,Government scholarship/bursary,Between 41 and 60,Rural Village,10,9,Walking,1.0,0.0,School based feeding programme,Bachelor,3,1.0,Rural Village,Both Parents,0.0,0.0,0.0,1.0,5.0,1,0,0,0,0,0,1,First,The desire to make a difference,University Residence,Self Catering,1.0,1.0,Greater than 30km,University bus service,Between 31 minutes and an hour,1,NSFAS,NSFAS,NSFAS,1.0,1.0,Unemployed and looking for work,Unemployed and looking for work
1.0,1.0,0.0,1.0,1.0,Mphela a Marumo Secondary School ,Sepedi,1.0,1.0,First,No fee-paying school,Between 41 and 60,Rural Village,9,7,Public Transport,0.0,1.0,School based feeding programme,Bachelor,5,1.0,Rural Village,Single Parent,1.0,2.0,0.0,0.0,0.0,1,0,0,0,0,1,1,First,Family,Accommodation,Self Catering,1.0,1.0,Greater than 30km,University bus service,Between 31 minutes and an hour,1,NSFAS,NSFAS,NSFAS,1.0,1.0,,Out of work but not currently looking for work
1.0,1.0,0.0,1.0,1.0,Sepheu moleke secondary,English,0.0,0.0,Second,"Bursary e.g., Sasol, Eskom etc.",Greater than 80,Rural Village,6,6,Walking,0.0,0.0,School based feeding programme,Bachelor,2,0.0,Rural Village,Both Parents,1.0,2.0,,0.0,0.0,0,1,1,0,0,1,1,Third,Passion,University Residence,Self Catering,1.0,1.0,Between 20km and 30km,University bus service,Between 31 minutes and an hour,1,NSFAS,NSFAS,NSFAS,1.0,1.0,,
1.0,1.0,0.0,1.0,1.0,Malenga high school ,Xitsonga,1.0,1.0,First,Parents or guardians,Between 41 and 60,Rural Village,6,5,Scholar transport (Rural learners),0.0,0.0,School based feeding programme,Bachelor,1,1.0,Rural Village,Single Parent,0.0,0.0,0.0,0.0,0.0,1,1,1,0,1,1,1,First,Passion,Accommodation,Self Catering,1.0,1.0,Greater than 30km,University bus service,Between 1 and 2 hours,2,NSFAS,NSFAS,NSFAS,1.0,1.0,,
0.08,0.08,0.0,1.0,1.0,Manzomthombo Secondary school,English,1.0,0.0,First,No fee-paying school,Between 31 and 40,Informal settlement,10,9,Public Transport,0.0,1.0,School based feeding programme,Bachelor,2,0.0,Township,"Guardian e.g., grandparent, uncle, siblings etc..",0.0,0.0,0.0,1.0,5.0,1,1,1,0,1,1,1,First,Passion,University Residence,Self Catering,1.0,1.0,Between 20km and 30km,University bus service,Between 31 minutes and an hour,2,NSFAS,NSFAS,NSFAS,1.0,1.0,,
1.0,1.0,0.0,1.0,1.0,Imbali Combined School ,English,1.0,1.0,First,Parents or guardians,Less than 20,Township,4,3,Public Transport,0.0,0.0,Parents provided lunch box.,Bachelor,6,1.0,Township,Single Parent,0.0,0.0,0.0,0.0,0.0,1,0,1,0,1,1,1,First,Other,University Residence,Self Catering,1.0,1.0,Between 15km and 19km,University bus service,Between 31 minutes and an hour,2,NSFAS,NSFAS,NSFAS,1.0,1.0,,
1.0,0.8,0.2,0.8,1.0,Frank Maghinyane MSTA ,Xitsonga,1.0,1.0,Second,Parents or guardians,Between 41 and 60,Rural Village,10,11,Walking,0.0,0.0,School based food garden,Bachelor,4,1.0,Rural Village,Both Parents,0.0,0.0,0.0,0.0,0.0,0,1,0,0,0,0,1,First,Family,University Residence,Self Catering,1.0,1.0,Less than 5km,Walking,less than 30 minutes,1,Funding arrangements not analyzed (if none of the above options apply),Funding arrangements not finalized (if none of the above options apply),Funding arrangements not finalized (if none of the above options apply),0.0,0.0,Employed and earning salary/wages,Employed and earning salary/wages
1.0,1.0,0.0,1.0,1.0,Derek Kobe High School ,Sepedi,1.0,1.0,First,No fee-paying school,Between 41 and 60,Public,8,8,Public Transport,0.0,0.0,School based feeding programme,Bachelor,3,1.0,Rural Village,Single Parent,0.0,0.0,0.0,1.0,5.0,1,1,0,0,0,1,1,Second,Passion,Accommodation,Self Catering,1.0,,Greater than 30km,University bus service,Between 31 minutes and an hour,1,NSFAS,NSFAS,NSFAS,1.0,1.0,,
0.999,0.999,0.0,1.0,1.0,Sekgalabjana secondary school ,Sepedi,1.0,0.0,First,Trust fund,Between 61 and 80,Rural Village,8,8,Walking,0.0,0.0,School based feeding programme,Bachelor,3,1.0,Rural Village,Single Parent,0.0,0.0,0.0,0.0,0.0,1,0,0,0,0,0,1,First,Family,University Residence,Self Catering,1.0,1.0,Between 10km and 14km,University bus service,Between 31 minutes and an hour,1,NSFAS,NSFAS,NSFAS,1.0,1.0,,Self-employed
0.999,0.999,0.0,1.0,1.0, Chief A Luthuli secondary ,Sepedi,1.0,1.0,First,No fee-paying school,Between 31 and 40,Public,6,3,Dropped off by parent or relative,0.0,0.0,School based feeding programme,Bachelor,4,0.0,Suburb/City/Town,Both Parents,0.0,0.0,0.0,0.0,0.0,1,0,1,0,1,1,1,Second,Passion,Accommodation,,,1.0,Between 20km and 30km,University bus service,Between 31 minutes and an hour,1,NSFAS,NSFAS,NSFAS,1.0,1.0,Employed and earning salary/wages,Unemployed and looking for work
0.999,0.999,0.0,1.0,1.0,Manzolwandle secondary ,SiSwati,1.0,1.0,First,No fee-paying school,Less than 20,Rural Village,6,5,Walking,0.0,0.0,School based feeding programme,Bachelor,2,,Rural Village,Single Parent,1.0,4.0,0.0,0.0,0.0,1,0,0,0,0,0,1,Second,Family,University Residence,Catered,1.0,1.0,Between 20km and 30km,University bus service,Between 31 minutes and an hour,1,NSFAS,NSFAS,NSFAS,1.0,1.0,,
1.0,0.674,0.326,0.674,0.0,Mabaso Secondary School ,IsiZulu,1.0,1.0,Second,No fee-paying school,Between 31 and 40,Rural Village,6,3,Walking,0.0,1.0,Two meals a day,Bachelor,3,1.0,Rural Village,"Guardian e.g., grandparent, uncle, siblings etc..",0.0,0.0,0.0,0.0,0.0,0,0,0,0,0,1,1,Second,Role Models,Accommodation,Self Catering,1.0,1.0,Greater than 30km,University bus service,Between 31 minutes and an hour,1,NSFAS,NSFAS,NSFAS,1.0,1.0,,Unemployed and looking for work
1.0,1.0,0.0,1.0,1.0,Pretoria Central High School ,English,1.0,0.0,First,Parents or guardians,Between 31 and 40,Suburb/City/Town,7,7,Public Transport,0.0,1.0,Parents provided lunch box.,Bachelor,2,1.0,Suburb/City/Town,Both Parents,0.0,0.0,0.0,0.0,0.0,1,0,1,0,0,1,1,Third,The desire to make a difference,Accommodation,Self Catering,1.0,,Greater than 30km,University bus service,Between 31 minutes and an hour,1,NSFAS,NSFAS,NSFAS,1.0,1.0,,
1.0,0.906,0.094,0.906,1.0,Sekoba secondary school ,English,1.0,0.0,Second,No fee-paying school,Between 41 and 60,Rural Village,7,7,Walking,0.0,0.0,School based feeding programme,Bachelor,4,1.0,Rural Village,Single Parent,0.0,0.0,0.0,0.0,0.0,1,0,0,0,0,1,1,First,Family,University Residence,Self Catering,1.0,1.0,,University bus service,Between 31 minutes and an hour,2,NSFAS,NSFAS,NSFAS,1.0,1.0,,
0.5,0.5,0.0,1.0,1.0,Kgola Thuto S.S.S,English,1.0,0.0,First,No fee-paying school,Greater than 80,Suburb/City/Town,11,9,Walking,0.0,0.0,School based feeding programme,Bachelor,3,1.0,Rural Village,"Spouse/Partner e.g. wife, boyfriend etc.",1.0,1.0,0.0,1.0,5.0,1,0,0,0,1,0,1,First,Teachers,University Residence,Self Catering,1.0,1.0,Between 15km and 19km,University bus service,Between 31 minutes and an hour,1,NSFAS,NSFAS,NSFAS,1.0,1.0,Unemployed and receiving social grant,Domestic servant or unskilled labour
1.0,1.0,0.0,1.0,1.0,Steenbok secondary school ,SiSwati,1.0,1.0,First,Parents or guardians,Greater than 80,Rural Village,7,6,Walking,1.0,1.0,School based feeding programme,Bachelor,3,1.0,Rural Village,"Spouse/Partner e.g. wife, boyfriend etc.",0.0,0.0,0.0,0.0,0.0,1,1,1,0,0,1,1,First,Role Models,Accommodation,Self Catering,1.0,1.0,Greater than 30km,University bus service,Between 31 minutes and an hour,1,NSFAS,NSFAS,NSFAS,1.0,1.0,,
1.0,0.83,0.17,0.83,1.0,Schoongezicht ,Sepedi,1.0,1.0,First,"Parents or guardians, No fee-paying school",Between 41 and 60,Rural Village,8,3,Boarding school,0.0,0.0,School based feeding programme,Bachelor,2,0.0,Rural Village,Single Parent,0.0,0.0,0.0,0.0,0.0,1,1,0,0,1,1,1,First,Passion,University Residence,Self Catering,1.0,1.0,Greater than 30km,University bus service,Between 31 minutes and an hour,1,,Parent/Parents,Paying for myself,,0.0,,Employed and earning salary/wages
1.0,1.0,0.0,1.0,1.0,Morena Mokopela Secondary school ,Sesotho,1.0,1.0,First,No fee-paying school,Between 31 and 40,Rural Village,12,12,Walking,0.0,1.0,,Bachelor,2,1.0,Rural Village,Single Parent,0.0,0.0,0.0,0.0,0.0,1,1,0,0,1,0,1,Second,The desire to make a difference,Accommodation,,1.0,1.0,Greater than 30km,University bus service,Between 31 minutes and an hour,1,NSFAS,NSFAS,NSFAS,1.0,1.0,,
0.5,0.5,0.0,1.0,1.0,Hlomphanang Secondary School ,Setswana,1.0,0.0,Second,No fee-paying school,Between 31 and 40,Public,8,7,School Bus,1.0,0.0,School based food garden,Bachelor,2,0.0,,Single Parent,0.0,0.0,0.0,0.0,0.0,1,1,1,0,1,1,1,Third,The desire to make a difference,Accommodation,Catered,1.0,1.0,Greater than 30km,University bus service,Between 31 minutes and an hour,1,NSFAS,NSFAS,NSFAS,1.0,1.0,,
0.08,0.08,0.0,1.0,1.0,LEAP Science and Maths school,English,1.0,0.0,Second,Parents or guardians,Between 20 and 30,,9,9,Lift club,1.0,1.0,School based feeding programme,Bachelor,6,1.0,Suburb/City/Town,Both Parents,0.0,0.0,0.0,0.0,0.0,1,1,0,0,0,0,1,First,Passion,University Residence,Self Catering,1.0,1.0,Between 20km and 30km,University bus service,Between 31 minutes and an hour,2,Parent/Parents,Parent/Parents,Paying for myself,,,Employed and earning salary/wages,Employed and earning salary/wages
0.5,0.5,0.0,1.0,1.0,Centurion Secondary school ,English,0.0,1.0,Second,Parents or guardians,Between 20 and 30,Suburb/City/Town,9,6,Dropped off by parent or relative,0.0,1.0,Parents provided lunch box.,Bachelor,5,1.0,Suburb/City/Town,Both Parents,0.0,0.0,0.0,0.0,0.0,1,0,1,0,0,0,1,Third,Family,University Residence,Self Catering,1.0,1.0,Less than 5km,Walking,less than 30 minutes,3,Parent/Parents,Parent/Parents,Paying for myself,,,Self-employed,Employed and earning salary/wages
1.0,1.0,0.0,1.0,1.0,Nala Secondary,Sepedi,1.0,0.0,First,No fee-paying school,Between 31 and 40,Public,8,9,Walking,1.0,1.0,School based feeding programme,Bachelor,3,1.0,Rural Village,Single Parent,0.0,0.0,0.0,1.0,5.0,1,0,0,0,0,0,1,First,Passion,University Residence,Self Catering,1.0,1.0,Greater than 30km,University bus service,Between 31 minutes and an hour,1,NSFAS,NSFAS,NSFAS,1.0,1.0,,Unemployed and looking for work
0.5,0.5,0.0,1.0,1.0,Mahwibitswane Secondary school ,Sepedi,1.0,1.0,Second,No fee-paying school,Between 61 and 80,Rural Village,11,7,Walking,0.0,1.0,School based feeding programme,Bachelor,2,0.0,Rural Village,Both Parents,0.0,0.0,0.0,0.0,0.0,1,0,1,0,1,1,1,First,Passion,University Residence,Self Catering,1.0,,Between 20km and 30km,University bus service,Between 31 minutes and an hour,2,NSFAS,NSFAS,NSFAS,1.0,1.0,,
0.08,0.08,0.0,1.0,1.0,Azwifarwi Secondary School,Tshivenda,1.0,1.0,Second,No fee-paying school,Between 31 and 40,Rural Village,6,0,Walking,0.0,0.0,School based feeding programme,Bachelor,1,0.0,Rural Village,Single Parent,0.0,0.0,0.0,0.0,0.0,1,1,0,0,0,1,1,First,Passion,Accommodation,Self Catering,1.0,1.0,Greater than 30km,University bus service,Between 31 minutes and an hour,1,NSFAS,NSFAS,NSFAS,1.0,1.0,,
1.0,1.0,0.0,1.0,1.0,Hoer Landbouskool Kuschke ,English,1.0,1.0,Second,Parents or guardians,Between 20 and 30,Farm,10,9,Boarding school,0.0,1.0,Three meals a day,Bachelor,3,1.0,Rural Village,Both Parents,0.0,0.0,0.0,1.0,5.0,1,1,0,0,1,1,1,First,Family,University Residence,Self Catering,1.0,1.0,Less than 5km,Walking,less than 30 minutes,1,"Bursary e.g., Eskom, Sasol etc.","Bursary e.g., Eskom, Sasol etc","Bursary e.g., Eskom, Sasol etc.",,,,
0.969,0.969,0.0,1.0,1.0,Hlabi senior secondary school ,English,1.0,0.0,Second,No fee-paying school,Between 31 and 40,Rural Village,6,6,Walking,0.0,0.0,School based feeding programme,Bachelor,2,1.0,Rural Village,Family friend/Friend,0.0,0.0,0.0,0.0,0.0,0,0,0,0,0,1,1,Second,Passion,University Residence,Self Catering,1.0,0.0,Between 15km and 19km,University bus service,Between 31 minutes and an hour,1,NSFAS,NSFAS,NSFAS,1.0,1.0,,
0.08,0.08,0.0,1.0,1.0,Monamoledi secondary school ,Sepedi,1.0,1.0,Second,No fee-paying school,Between 41 and 60,Rural Village,7,7,Scholar transport (Rural learners),0.0,0.0,Parents provided lunch money,Bachelor,4,1.0,Rural Village,"Guardian e.g., grandparent, uncle, siblings etc..",1.0,1.0,0.0,0.0,0.0,0,0,0,0,0,1,1,First,Passion,University Residence,Catered,1.0,1.0,,University bus service,Between 1 and 2 hours,1,NSFAS,NSFAS,NSFAS,1.0,1.0,Unemployed and looking for work,
0.9,0.0,0.9,0.0,0.0,Ivuna High School ,IsiZulu,1.0,0.0,First,No fee-paying school,Greater than 80,Rural Village,6,5,Walking,0.0,0.0,School based feeding programme,Bachelor,2,1.0,Rural Village,Single Parent,0.0,0.0,0.0,1.0,6.0,0,0,0,0,0,0,0,First,Passion,University Residence,Self Catering,1.0,1.0,Less than 5km,University bus service,Between 1 and 2 hours,1,NSFAS,NSFAS,NSFAS,1.0,1.0,,
1.0,1.0,0.0,1.0,1.0,BOTLHABELO HIGH SCHOOL,English,1.0,0.0,First,No fee-paying school,Between 41 and 60,Township,6,6,Walking,0.0,0.0,School based feeding programme,Bachelor,2,0.0,Township,Single Parent,1.0,2.0,0.0,1.0,5.0,1,1,0,0,1,1,1,First,The desire to make a difference,University Residence,Self Catering,1.0,0.0,,University bus service,Between 31 minutes and an hour,1,NSFAS,NSFAS,NSFAS,1.0,1.0,,Self-employed
1.0,1.0,0.0,1.0,1.0,Mandla Mthethwa School of Excellence ,English,1.0,0.0,Second,Parents or guardians,Between 20 and 30,Rural Village,11,11,Boarding school,0.0,0.0,Three meals a day,Bachelor,2,1.0,Township,"Guardian e.g., grandparent, uncle, siblings etc..",0.0,0.0,0.0,0.0,0.0,1,0,1,0,0,1,1,First,Family,University Residence,Self Catering,1.0,1.0,Greater than 30km,University bus service,Between 31 minutes and an hour,1,"Loans e.g., bank, Edu loan etc.","Loans e.g., bank, Edu","Loans e.g., bank, Edu loan",0.0,0.0,Unable to work/disabled and not receiving a disability grant,Employed and earning salary/wages
1.0,1.0,0.0,1.0,1.0,Kgoshimoroangoato High School ,English,1.0,0.0,Second,"Parents or guardians, No fee-paying school",Between 31 and 40,Rural Village,7,7,Walking,0.0,0.0,School based feeding programme,Bachelor,1,1.0,Rural Village,Both Parents,0.0,0.0,0.0,1.0,5.0,0,1,0,0,0,0,1,First,Passion,University Residence,Self Catering,1.0,1.0,Between 20km and 30km,University bus service,Between 31 minutes and an hour,1,Funding arrangements not analyzed (if none of the above options apply),Funding arrangements not finalized (if none of the above options apply),Funding arrangements not finalized (if none of the above options apply),0.0,0.0,Unemployed and receiving social grant,Unemployed and receiving social grant
1.0,1.0,0.0,1.0,1.0,Pherehla Maake Secondary School ,Sepedi,1.0,1.0,First,No fee-paying school,Between 41 and 60,Rural Village,6,5,Walking,0.0,0.0,School based feeding programme,Bachelor,1,0.0,Rural Village,Single Parent,0.0,0.0,0.0,0.0,0.0,1,1,0,0,1,1,1,First,Job Security,University Residence,Self Catering,1.0,1.0,Between 15km and 19km,University bus service,Between 31 minutes and an hour,1,NSFAS,NSFAS,NSFAS,1.0,1.0,,
0.5,0.5,0.0,1.0,1.0,Kwena molapo cfs,English,1.0,0.0,Second,Parents or guardians,Between 31 and 40,Farm,8,6,Dropped off by parent or relative,0.0,0.0,Parents provided lunch box.,Bachelor,4,1.0,Suburb/City/Town,Both Parents,1.0,2.0,0.0,0.0,0.0,1,0,0,0,0,1,1,Third,Passion,University Residence,Self Catering,1.0,1.0,Greater than 30km,University bus service,Between 31 minutes and an hour,2,Parent/Parents,Parent/Parents,"Guardian e.g., grandparent, uncle, siblings etc.",,0.0,Employed and earning salary/wages,Employed and earning salary/wages
1.0,0.518,0.482,0.518,0.0,Kgoshi Moroangoato,English,1.0,0.0,Second,"Bursary e.g., Sasol, Eskom etc.",Between 31 and 40,Rural Village,5,9,Walking,0.0,1.0,School based feeding programme,Bachelor,1,1.0,Rural Village,Single Parent,1.0,2.0,0.0,1.0,5.0,1,1,1,0,0,1,1,First,The desire to make a difference,University Residence,Self Catering,1.0,1.0,Between 20km and 30km,University bus service,Between 1 and 2 hours,1,NSFAS,NSFAS,NSFAS,1.0,1.0,,
1.0,1.0,0.0,1.0,1.0,Vusisizwe independent school ,English,1.0,0.0,Second,Parents or guardians,Between 31 and 40,Suburb/City/Town,7,6,School Bus,1.0,0.0,Parents provided lunch money,School leaving,4,1.0,Township,Single Parent,0.0,0.0,0.0,0.0,0.0,0,0,0,0,0,0,1,First,Passion,University Residence,Self Catering,1.0,1.0,Between 20km and 30km,University bus service,Between 31 minutes and an hour,1,"Bursary e.g., Eskom, Sasol etc.","Bursary e.g., Eskom, Sasol etc","Bursary e.g., Eskom, Sasol etc.",1.0,0.0,,Employed and earning salary/wages
0.08,0.08,0.0,1.0,1.0,Thengwe High School ,Tshivenda,1.0,1.0,Second,Parents or guardians,Between 41 and 60,Rural Village,9,8,Public Transport,1.0,0.0,School based feeding programme,Bachelor,4,1.0,Rural Village,Both Parents,0.0,0.0,0.0,0.0,0.0,1,1,0,0,0,1,1,First,Passion,University Residence,Self Catering,1.0,1.0,Between 20km and 30km,University bus service,Between 31 minutes and an hour,2,Parent/Parents,Parent/Parents,Paying for myself,,,,Employed and earning salary/wages
0.08,0.08,0.0,1.0,1.0,Rainbow Combined School ,English,0.0,0.0,Second,Parents or guardians,Between 41 and 60,Rural Village,8,5,Public Transport,0.0,1.0,Parents provided lunch box.,Bachelor,3,1.0,Rural Village,Single Parent,0.0,0.0,0.0,0.0,0.0,1,1,1,0,1,1,1,First,Passion,University Residence,Self Catering,1.0,0.0,Between 15km and 19km,University bus service,Between 31 minutes and an hour,2,NSFAS,NSFAS,NSFAS,1.0,1.0,,
1.0,1.0,0.0,1.0,1.0,Isolomuzi Senior Secondary School ,IsiZulu,1.0,1.0,First,No fee-paying school,Between 61 and 80,Township,12,12,Walking,0.0,0.0,School based feeding programme,Bachelor,4,1.0,Rural Village,Single Parent,0.0,0.0,0.0,0.0,0.0,1,1,1,0,1,1,1,First,Passion,Accommodation,,1.0,0.0,Between 20km and 30km,University bus service,Between 31 minutes and an hour,1,NSFAS,NSFAS,NSFAS,1.0,1.0,,
0.08,0.08,0.0,1.0,1.0,Nkgopoleng Bakone Sec school,Sepedi,1.0,1.0,First,Parents or guardians,,Rural Village,7,6,Public Transport,0.0,0.0,School based feeding programme,Bachelor,4,1.0,Rural Village,Single Parent,0.0,0.0,0.0,0.0,0.0,1,0,1,0,1,1,1,First,Passion,Accommodation,Self Catering,1.0,1.0,Between 20km and 30km,University bus service,Between 31 minutes and an hour,1,NSFAS,NSFAS,"Guardian e.g., grandparent, uncle, siblings etc.",1.0,0.0,,Employed and earning salary/wages
0.5,0.5,0.0,1.0,1.0,Motshegoa secondary school ,English,1.0,1.0,First,No fee-paying school,Between 31 and 40,Rural Village,8,8,Walking,0.0,0.0,School based feeding programme,Bachelor,4,1.0,Rural Village,Single Parent,0.0,0.0,0.0,0.0,0.0,1,1,1,0,0,1,1,Third,Passion,University Residence,Catered,1.0,1.0,Between 6km and 9km,University bus service,Between 31 minutes and an hour,2,NSFAS,NSFAS,NSFAS,1.0,0.0,,
0.08,0.08,0.0,1.0,1.0,St Marks College,English,1.0,0.0,Second,Parents or guardians,Between 20 and 30,Rural Village,7,7,Public Transport,0.0,1.0,Parents provided lunch box.,Bachelor,2,1.0,Rural Village,Single Parent,0.0,0.0,0.0,0.0,0.0,1,1,1,0,1,1,1,First,Passion,University Residence,Self Catering,1.0,0.0,Greater than 30km,University bus service,Between 31 minutes and an hour,1,NSFAS,NSFAS,NSFAS,1.0,1.0,,
1.0,1.0,0.0,1.0,1.0,Maphutha secondary school ,English,1.0,,First,No fee-paying school,Between 41 and 60,Public,8,6,Walking,0.0,0.0,School based feeding programme,Bachelor,2,1.0,Township,"Guardian e.g., grandparent, uncle, siblings etc..",0.0,0.0,0.0,0.0,0.0,1,0,1,0,0,1,1,First,The desire to make a difference,University Residence,Catered,1.0,1.0,Greater than 30km,University bus service,Between 31 minutes and an hour,1,NSFAS,NSFAS,NSFAS,1.0,1.0,,
1.0,1.0,0.0,1.0,1.0,Rantobeng ,Sepedi,1.0,1.0,First,No fee-paying school,Greater than 80,Rural Village,4,4,Walking,0.0,0.0,School based feeding programme,Bachelor,1,0.0,,Both Parents,1.0,1.0,0.0,0.0,0.0,0,1,0,0,0,0,1,First,Passion,University Residence,Self Catering,1.0,1.0,Greater than 30km,University bus service,Between 1 and 2 hours,1,NSFAS,NSFAS,NSFAS,1.0,1.0,,
1.0,0.8,0.2,0.8,1.0,Hlabatshane s.s.s,Isixhosa,1.0,1.0,Second,Parents or guardians,Between 61 and 80,Rural Village,7,5,Walking,0.0,0.0,School based feeding programme,Bachelor,1,0.0,Rural Village,Both Parents,0.0,0.0,0.0,0.0,0.0,1,1,1,0,0,1,1,First,Family,University Residence,Self Catering,1.0,1.0,,University bus service,Between 31 minutes and an hour,1,NSFAS,NSFAS,NSFAS,1.0,1.0,Unemployed and receiving social grant,Unemployed and receiving social grant
0.5,0.5,0.0,1.0,1.0,Atlas Combined School ,English,1.0,0.0,Third,Parents or guardians,Less than 20,Private school,8,4,Own Automobile/car,1.0,1.0,Parents provided lunch money,Bachelor,3,0.0,Suburb/City/Town,"Guardian e.g., grandparent, uncle, siblings etc..",0.0,0.0,0.0,0.0,0.0,0,0,0,0,0,0,1,Third,The desire to make a difference,University Residence,Self Catering,1.0,1.0,Between 20km and 30km,University bus service,Between 31 minutes and an hour,1,NSFAS,NSFAS,NSFAS,1.0,1.0,Employed and earning salary/wages,Unemployed and looking for work
1.0,1.0,0.0,1.0,1.0,Ingqayizivele secondary school,English,1.0,0.0,First,No fee-paying school,Between 20 and 30,Township,9,5,Walking,1.0,1.0,School based feeding programme,Bachelor,5,1.0,Suburb/City/Town,Single Parent,0.0,0.0,0.0,0.0,0.0,1,1,0,0,0,1,1,First,The desire to make a difference,University Residence,Self Catering,1.0,0.0,Greater than 30km,University bus service,Between 31 minutes and an hour,1,NSFAS,NSFAS,Paying for myself,1.0,0.0,,Employed and earning salary/wages
1.0,1.0,0.0,1.0,1.0,School of pharmacy ,Sepedi,1.0,0.0,Second,No fee-paying school,Between 20 and 30,Rural Village,7,7,Walking,0.0,1.0,School based feeding programme,Bachelor,3,0.0,Rural Village,Single Parent,1.0,1.0,0.0,1.0,6.0,1,1,0,0,1,1,1,First,Role Models,University Residence,Self Catering,1.0,1.0,Between 15km and 19km,University bus service,Between 31 minutes and an hour,1,NSFAS,NSFAS,NSFAS,1.0,1.0,,
1.0,0.906,0.094,0.906,1.0,Shanke senior secondary school ,IsiZulu,1.0,0.0,Second,No fee-paying school,Between 61 and 80,Rural Village,4,4,Walking,0.0,0.0,School based feeding programme,Bachelor,3,1.0,Rural Village,Family friend/Friend,0.0,0.0,0.0,1.0,5.0,1,1,0,0,0,1,1,First,Passion,Accommodation,Self Catering,1.0,1.0,Between 6km and 9km,University bus service,Between 31 minutes and an hour,1,NSFAS,NSFAS,NSFAS,1.0,1.0,,Unemployed and looking for work
1.0,1.0,0.0,1.0,1.0,Klaas mothapo,English,1.0,0.0,First,No fee-paying school,Between 61 and 80,Rural Village,7,7,Walking,0.0,1.0,School based feeding programme,Bachelor,3,1.0,Rural Village,Both Parents,1.0,3.0,0.0,0.0,0.0,1,1,1,0,1,1,1,First,The desire to make a difference,Accommodation,,1.0,1.0,Greater than 30km,University bus service,Between 31 minutes and an hour,1,NSFAS,NSFAS,NSFAS,1.0,1.0,Unemployed and looking for work,Unemployed and looking for work
0.08,0.07,0.01,0.8750000000000001,1.0,Manyaku Secondary School ,English,1.0,1.0,Second,No fee-paying school,Between 41 and 60,Rural Village,7,4,Walking,0.0,0.0,School based feeding programme,Bachelor,3,1.0,Rural Village,Both Parents,0.0,0.0,0.0,0.0,0.0,1,1,1,0,1,1,1,First,The desire to make a difference,Accommodation,Self Catering,1.0,,Between 20km and 30km,University bus service,Between 1 and 2 hours,2,NSFAS,NSFAS,NSFAS,1.0,1.0,,
0.5,0.1,0.4,0.2,0.0,Magwagwaza high school ,Xitsonga,1.0,1.0,First,No fee-paying school,Between 61 and 80,Rural Village,5,4,Walking,0.0,0.0,School based feeding programme,Bachelor,2,1.0,Rural Village,Both Parents,1.0,1.0,0.0,0.0,0.0,1,1,0,0,1,1,1,Third,Passion,University Residence,Self Catering,1.0,1.0,Greater than 30km,University bus service,Between 31 minutes and an hour,1,NSFAS,NSFAS,NSFAS,1.0,1.0,,
0.5,0.3,0.2,0.6,0.0,Mugena High School,Xitsonga,1.0,1.0,First,No fee-paying school,Between 41 and 60,Rural Village,10,7,Public Transport,0.0,1.0,School based feeding programme,Bachelor,1,1.0,Rural Village,Single Parent,0.0,0.0,0.0,0.0,0.0,0,1,0,0,0,0,1,Third,The desire to make a difference,University Residence,Self Catering,1.0,1.0,Less than 5km,Walking,less than 30 minutes,1,NSFAS,NSFAS,NSFAS,1.0,0.0,,
0.5,0.4,0.1,0.8,1.0,Hoërskool Delmas,English,0.0,0.0,First,Educational or schooling insurance policy,Greater than 80,Suburb/City/Town,12,10,Dropped off by parent or relative,0.0,0.0,Parents provided lunch box.,School leaving,5,0.0,Suburb/City/Town,Both Parents,0.0,0.0,0.0,0.0,0.0,1,0,0,0,0,1,1,Third,Other,University Residence,Self Catering,1.0,1.0,Greater than 30km,University bus service,Between 1 and 2 hours,2,NSFAS,NSFAS,NSFAS,1.0,1.0,,
0.08,0.08,0.0,1.0,1.0,Patrick Ramaano Secondary ,English,1.0,0.0,Second,No fee-paying school,Between 31 and 40,Rural Village,8,7,Public Transport,0.0,0.0,School based feeding programme,Bachelor,1,0.0,Rural Village,Both Parents,0.0,0.0,0.0,0.0,0.0,1,1,0,0,0,0,1,First,Other,University Residence,Self Catering,1.0,0.0,Less than 5km,Walking,less than 30 minutes,1,Funding arrangements not analyzed (if none of the above options apply),Funding arrangements not finalized (if none of the above options apply),"Guardian e.g., grandparent, uncle, siblings etc.",,,Employed and earning salary/wages,Employed and earning salary/wages
1.0,1.0,0.0,1.0,1.0,Mahashe Secondary Schools ,English,1.0,0.0,First,No fee-paying school,Between 41 and 60,Rural Village,7,7,Walking,0.0,0.0,School based feeding programme,Bachelor,3,0.0,Rural Village,Single Parent,0.0,0.0,0.0,0.0,0.0,1,1,0,0,0,1,1,Second,Passion,University Residence,Self Catering,1.0,1.0,Between 6km and 9km,University bus service,Between 31 minutes and an hour,1,NSFAS,NSFAS,NSFAS,1.0,1.0,Unemployed and looking for work,Unemployed and looking for work
1.0,1.0,0.0,1.0,1.0,Midland Primary and High School ,English,1.0,0.0,Second,Parents or guardians,Between 20 and 30,Suburb/City/Town,9,8,School Bus,1.0,0.0,Parents provided lunch money,Bachelor,4,1.0,Suburb/City/Town,Both Parents,0.0,0.0,0.0,0.0,0.0,1,0,1,0,0,1,1,Second,The desire to make a difference,University Residence,Self Catering,1.0,1.0,Between 20km and 30km,University bus service,Between 31 minutes and an hour,2,NSFAS,NSFAS,NSFAS,1.0,0.0,,
1.0,1.0,0.0,1.0,1.0,Ponego secondary school ,English,1.0,1.0,First,No fee-paying school,Between 20 and 30,Township,6,6,Walking,0.0,0.0,School based feeding programme,Bachelor,2,0.0,Township,Both Parents,0.0,0.0,0.0,0.0,0.0,1,1,1,0,0,0,1,First,Passion,University Residence,Self Catering,1.0,0.0,Less than 5km,University bus service,Between 31 minutes and an hour,2,NSFAS,NSFAS,NSFAS,1.0,1.0,,
0.9,0.9,0.0,1.0,1.0,St Peter's Combined Christian School ,Sepedi,1.0,1.0,Second,Parents or guardians,Between 61 and 80,Rural Village,13,7,Boarding school,0.0,1.0,School based feeding programme,Bachelor,4,1.0,Rural Village,Both Parents,0.0,0.0,0.0,1.0,5.0,0,1,0,0,0,0,1,First,Passion,University Residence,Self Catering,1.0,1.0,Between 15km and 19km,University bus service,Between 31 minutes and an hour,1,NSFAS,NSFAS,NSFAS,1.0,1.0,Employed and earning salary/wages,Self-employed
1.0,0.9,0.1,0.9,1.0,Sediba-Thuto Secondary School ,Sesotho,1.0,0.0,Second,No fee-paying school,Between 31 and 40,Township,8,7,Walking,0.0,1.0,School based feeding programme,Bachelor,3,1.0,Township,Both Parents,0.0,0.0,0.0,0.0,0.0,1,1,0,0,1,1,1,Third,Role Models,University Residence,Self Catering,1.0,1.0,Between 20km and 30km,University bus service,Between 31 minutes and an hour,2,Government scholarship/bursary,Government scholarship/bursary,"Guardian e.g., grandparent, uncle, siblings etc.",,,Employed and earning salary/wages,Employed and earning salary/wages
0.999,0.999,0.0,1.0,1.0,Khamane high school ,Setswana,1.0,1.0,Second,No fee-paying school,Between 31 and 40,Rural Village,10,10,Public Transport,0.0,1.0,School based feeding programme,Bachelor,3,1.0,Rural Village,No support,0.0,0.0,0.0,0.0,0.0,1,0,1,0,1,1,1,First,Passion,University Residence,Self Catering,1.0,0.0,Greater than 30km,University bus service,Between 31 minutes and an hour,2,NSFAS,NSFAS,NSFAS,1.0,1.0,,
0.95,0.5,0.45,0.5263157894736842,0.0,TIPFUXENI SECONDARY SCHOOL,English,1.0,0.0,Second,No fee-paying school,Between 20 and 30,Rural Village,7,5,Walking,1.0,,Parents provided lunch money,Bachelor,4,1.0,Rural Village,Both Parents,0.0,0.0,0.0,1.0,5.0,1,1,1,0,1,1,1,First,Job Security,University Residence,Self Catering,1.0,0.0,Greater than 30km,University bus service,Between 31 minutes and an hour,2,NSFAS,NSFAS,NSFAS,1.0,1.0,,
1.0,1.0,0.0,1.0,1.0,Kwandebele science combine school,English,1.0,0.0,Second,Parents or guardians,Between 31 and 40,Township,11,10,Public Transport,0.0,0.0,School based feeding programme,Bachelor,5,1.0,Township,Single Parent,0.0,0.0,0.0,0.0,0.0,1,0,1,0,1,1,1,First,Role Models,Accommodation,Self Catering,1.0,1.0,Between 20km and 30km,University bus service,Between 31 minutes and an hour,2,NSFAS,NSFAS,NSFAS,1.0,1.0,,Unemployed and looking for work
1.0,1.0,0.0,1.0,1.0,Semphato Secondary School ,Sepedi,1.0,0.0,Second,No fee-paying school,Between 31 and 40,Township,4,4,Walking,0.0,0.0,School based feeding programme,Bachelor,2,0.0,Township,Single Parent,0.0,0.0,0.0,0.0,0.0,1,0,0,0,0,0,1,First,The desire to make a difference,University Residence,Self Catering,1.0,,Between 6km and 9km,University bus service,Between 1 and 2 hours,1,Government scholarship/bursary,Government scholarship/bursary,Government scholarship/bursary,,,Unemployed and looking for work,Unemployed and receiving social grant
1.0,1.0,0.0,1.0,1.0,Mahlatsi secondary school,English,1.0,0.0,Second,No fee-paying school,Between 31 and 40,Public,12,9,Public Transport,0.0,0.0,School based feeding programme,,3,1.0,Informal settlement,Both Parents,0.0,0.0,0.0,0.0,0.0,1,0,0,0,0,0,1,First,The desire to make a difference,Accommodation,Catered,1.0,1.0,Between 6km and 9km,University bus service,Between 31 minutes and an hour,1,,,,,,Unemployed and looking for work,Unemployed and looking for work
1.0,0.844,0.156,0.844,1.0,Dlamani high school ,Xitsonga,0.0,1.0,Second,Parents or guardians,Between 41 and 60,Rural Village,1,1,Walking,0.0,0.0,School based feeding programme,Bachelor,1,0.0,Rural Village,Family friend/Friend,0.0,0.0,0.0,0.0,0.0,1,1,1,0,1,1,1,First,Other,University Residence,Self Catering,1.0,1.0,Between 20km and 30km,University bus service,Between 31 minutes and an hour,1,NSFAS,NSFAS,NSFAS,1.0,1.0,,
0.08,0.08,0.0,1.0,1.0,Masana Secondary School ,English,1.0,0.0,First,No fee-paying school,Between 61 and 80,Township,8,7,Public Transport,0.0,0.0,Parents provided lunch box.,Bachelor,2,1.0,Rural Village,Both Parents,0.0,0.0,0.0,0.0,0.0,1,0,1,0,1,1,1,First,Passion,University Residence,Self Catering,1.0,1.0,Greater than 30km,University bus service,Between 31 minutes and an hour,1,NSFAS,NSFAS,NSFAS,1.0,1.0,,
1.0,1.0,0.0,1.0,1.0,Mpumelelo secondary school ,IsiNdebele,1.0,0.0,First,No fee-paying school,Between 61 and 80,Rural Village,9,7,Walking,0.0,0.0,School based feeding programme,Bachelor,2,1.0,Rural Village,Single Parent,0.0,0.0,0.0,0.0,0.0,1,1,1,0,1,1,1,Second,Passion,Accommodation,,1.0,1.0,Between 20km and 30km,University bus service,Between 31 minutes and an hour,1,NSFAS,NSFAS,NSFAS,1.0,1.0,,
0.5,0.4,0.1,0.8,1.0,phendukani high,IsiZulu,1.0,1.0,First,No fee-paying school,Between 31 and 40,Suburb/City/Town,11,10,Walking,0.0,1.0,School based feeding programme,Bachelor,2,1.0,Suburb/City/Town,Single Parent,0.0,0.0,0.0,1.0,5.0,1,0,1,0,1,1,1,Second,Passion,University Residence,Self Catering,1.0,1.0,Less than 5km,University bus service,Between 31 minutes and an hour,1,NSFAS,NSFAS,NSFAS,1.0,1.0,,
1.0,1.0,0.0,1.0,1.0,Photani high school ,English,1.0,1.0,First,No fee-paying school,Between 61 and 80,Rural Village,8,7,Walking,0.0,,School based feeding programme,Bachelor,5,0.0,Rural Village,Both Parents,0.0,0.0,0.0,0.0,0.0,1,0,0,0,0,0,1,First,Passion,University Residence,Self Catering,1.0,1.0,Between 20km and 30km,University bus service,Between 31 minutes and an hour,2,NSFAS,NSFAS,NSFAS,1.0,1.0,Self-employed,Self-employed
1.0,1.0,0.0,1.0,1.0,Mahwetse Secondary School,English,1.0,0.0,Second,No fee-paying school,Between 41 and 60,Rural Village,8,8,Walking,0.0,0.0,School based feeding programme,Bachelor,4,0.0,Rural Village,"Guardian e.g., grandparent, uncle, siblings etc..",0.0,0.0,0.0,0.0,0.0,1,1,1,0,1,1,1,First,Passion,University Residence,Self Catering,1.0,1.0,Between 20km and 30km,University bus service,Between 31 minutes and an hour,2,Parent/Parents,Parent/Parents,"Guardian e.g., grandparent, uncle, siblings etc.",,,Retired living on social grant,
0.999,0.999,0.0,1.0,1.0,Mmakopi secondary ,Sepedi,1.0,1.0,First,Parents or guardians,Between 31 and 40,Rural Village,4,4,Scholar transport (Rural learners),0.0,1.0,School based feeding programme,Bachelor,2,0.0,Rural Village,Family friend/Friend,0.0,0.0,0.0,0.0,0.0,1,1,1,0,1,1,1,First,Job Security,University Residence,Self Catering,1.0,1.0,Between 20km and 30km,University bus service,Between 31 minutes and an hour,2,NSFAS,NSFAS,NSFAS,1.0,1.0,,
1.0,1.0,0.0,1.0,1.0,Rantobeng High school,Sepedi,1.0,1.0,Second,No fee-paying school,Between 41 and 60,Rural Village,6,0,Public Transport,0.0,0.0,School based feeding programme,Bachelor,0,,,,,,,,,0,0,0,0,0,0,0,First,Role Models,,,,,,,,0,,,,,,,
0.906,0.812,0.094,0.8962472406181016,1.0,Ngwanabatlhalerwa ,Sepedi,1.0,1.0,Second,No fee-paying school,Between 41 and 60,Rural Village,5,5,Walking,1.0,0.0,School based feeding programme,Bachelor,2,0.0,Rural Village,Both Parents,0.0,0.0,0.0,1.0,5.0,0,0,1,0,0,0,1,Third,The desire to make a difference,University Residence,Self Catering,1.0,1.0,Between 20km and 30km,University bus service,Between 31 minutes and an hour,1,NSFAS,NSFAS,NSFAS,1.0,1.0,,
1.0,0.906,0.094,0.906,1.0,Malengine Secondary ,Sepedi,1.0,0.0,First,No fee-paying school,Less than 20,Rural Village,7,7,Walking,0.0,1.0,School based feeding programme,Bachelor,4,1.0,Rural Village,Single Parent,0.0,0.0,1.0,1.0,5.0,1,0,0,0,0,0,1,Second,Passion,University Residence,Self Catering,1.0,0.0,Between 15km and 19km,University bus service,Between 31 minutes and an hour,1,NSFAS,NSFAS,NSFAS,1.0,1.0,,Unemployed and looking for work
1.0,1.0,0.0,1.0,1.0,MOTSE MARIA ,English,1.0,0.0,First,Government scholarship/bursary,Greater than 80,Rural Village,10,10,Boarding school,0.0,0.0,Three meals a day,Bachelor,2,1.0,Rural Village,Both Parents,0.0,0.0,0.0,0.0,0.0,1,0,0,0,0,1,1,First,The desire to make a difference,University Residence,Self Catering,1.0,1.0,Between 15km and 19km,University bus service,Between 31 minutes and an hour,1,NSFAS,NSFAS,NSFAS,1.0,0.0,Unemployed and looking for work,Unemployed and looking for work
1.0,0.906,0.094,0.906,1.0,Madaheni combined ,Tshivenda,1.0,1.0,Second,No fee-paying school,Between 31 and 40,Rural Village,9,7,Walking,0.0,0.0,School based feeding programme,Bachelor,2,0.0,Rural Village,No support,0.0,0.0,0.0,0.0,0.0,1,0,1,0,0,0,1,Second,Passion,University Residence,Self Catering,1.0,0.0,Less than 5km,Walking,less than 30 minutes,1,NSFAS,NSFAS,NSFAS,1.0,1.0,,
1.0,0.906,0.094,0.906,1.0,Bizana senior secondary school ,Xhosa ,1.0,1.0,First,No fee-paying school,Between 20 and 30,Rural Village,3,2,Walking,0.0,0.0,School based feeding programme,Bachelor,2,1.0,Rural Village,Both Parents,0.0,0.0,0.0,0.0,0.0,0,1,0,0,0,0,1,First,Other,Accommodation,,1.0,0.0,Greater than 30km,University bus service,Between 31 minutes and an hour,1,NSFAS,NSFAS,NSFAS,1.0,1.0,,
1.0,1.0,0.0,1.0,1.0,Litshovhu Secondary School ,English,1.0,0.0,Second,No fee-paying school,Between 61 and 80,Rural Village,9,6,Public Transport,1.0,0.0,School based feeding programme,Bachelor,4,1.0,Rural Village,Single Parent,0.0,0.0,0.0,0.0,0.0,1,1,1,0,1,1,1,First,Passion,University Residence,Self Catering,1.0,0.0,Between 15km and 19km,University bus service,Between 31 minutes and an hour,2,NSFAS,NSFAS,NSFAS,1.0,1.0,,Employed and earning salary/wages
1.0,1.0,0.0,1.0,1.0,Mathew phosa secondary school ,Sepedi,0.0,1.0,First,"Bursary e.g., Sasol, Eskom etc.",Between 61 and 80,Public,9,8,Walking,0.0,0.0,School based feeding programme,School leaving,2,0.0,Rural Village,Both Parents,0.0,0.0,0.0,0.0,0.0,1,1,0,0,0,1,1,First,Family,University Residence,Self Catering,1.0,1.0,Greater than 30km,University bus service,Between 31 minutes and an hour,1,NSFAS,NSFAS,NSFAS,1.0,1.0,,
1.0,0.8,0.2,0.8,1.0,McAuley House School,English,0.0,0.0,First,Parents or guardians,Between 20 and 30,Suburb/City/Town,12,12,Public Transport,0.0,0.0,Parents provided lunch money,Bachelor,5,0.0,Township,"Guardian e.g., grandparent, uncle, siblings etc..",0.0,0.0,0.0,1.0,6.0,1,1,0,0,0,1,1,Third,Passion,Accommodation,Self Catering,1.0,1.0,Less than 5km,University bus service,Between 31 minutes and an hour,1,NSFAS,NSFAS,NSFAS,1.0,0.0,,
1.0,1.0,0.0,1.0,1.0,RISINGA HIGH SCHOOL,English,0.0,0.0,First,No fee-paying school,Between 41 and 60,Township,6,5,Walking,0.0,1.0,School based feeding programme,Bachelor,4,1.0,Township,Single Parent,0.0,0.0,0.0,1.0,6.0,1,1,1,0,1,1,1,First,Other,Accommodation,Self Catering,1.0,0.0,Greater than 30km,University bus service,Between 1 and 2 hours,2,NSFAS,NSFAS,NSFAS,1.0,0.0,,
1.0,1.0,0.0,1.0,1.0,Bodiela Secondary School ,Sepedi,1.0,1.0,First,No fee-paying school,Between 31 and 40,Rural Village,5,5,Walking,0.0,1.0,One meal a day at home,Bachelor,2,1.0,Rural Village,"Guardian e.g., grandparent, uncle, siblings etc..",0.0,0.0,0.0,0.0,0.0,1,1,1,0,0,0,1,First,The desire to make a difference,University Residence,Self Catering,1.0,1.0,Between 20km and 30km,University bus service,Between 31 minutes and an hour,1,NSFAS,NSFAS,NSFAS,1.0,1.0,,
0.5,0.5,0.0,1.0,1.0,Mmalesiba Secondary school ,Sepedi,1.0,1.0,Second,No fee-paying school,Between 61 and 80,Rural Village,8,6,Walking,0.0,0.0,School based food garden,Bachelor,3,1.0,Rural Village,Both Parents,0.0,0.0,0.0,0.0,0.0,1,0,0,0,0,0,1,First,Passion,University Residence,Self Catering,0.0,1.0,,University bus service,Between 31 minutes and an hour,2,NSFAS,NSFAS,NSFAS,1.0,1.0,Employed and earning salary/wages,Unemployed and looking for work
1.0,1.0,0.0,1.0,1.0,Rusplaas Christian Model School,English,1.0,0.0,Second,Parents or guardians,Between 20 and 30,Township,11,9,Dropped off by parent or relative,0.0,0.0,Parents provided lunch box.,Bachelor,2,1.0,Township,Both Parents,0.0,0.0,0.0,0.0,0.0,1,1,0,0,0,1,1,First,The desire to make a difference,Accommodation,Self Catering,1.0,1.0,Greater than 30km,University bus service,Between 31 minutes and an hour,2,Funding arrangements not analyzed (if none of the above options apply),Funding arrangements not finalized (if none of the above options apply),Funding arrangements not finalized (if none of the above options apply),1.0,0.0,Employed and earning salary/wages,
1.0,1.0,0.0,1.0,1.0,Gaopalelwe secondary school,English,1.0,1.0,First,No fee-paying school,Between 31 and 40,Public,7,6,Walking,0.0,1.0,Parents provided lunch box.,Bachelor,5,1.0,Township,Both Parents,0.0,0.0,0.0,0.0,0.0,1,0,1,0,0,0,1,Third,Passion,University Residence,,1.0,1.0,Less than 5km,Walking,less than 30 minutes,2,NSFAS,NSFAS,NSFAS,1.0,1.0,,
1.0,1.0,0.0,1.0,1.0,Pakamani ,Isixhosa,1.0,1.0,First,No fee-paying school,Between 41 and 60,Township,5,5,Public Transport,0.0,1.0,School based food garden,Bachelor,6,1.0,Rural Village,Single Parent,1.0,3.0,0.0,1.0,5.0,0,1,0,0,0,0,1,First,Passion,University Residence,Self Catering,1.0,0.0,Between 20km and 30km,University bus service,Between 31 minutes and an hour,1,Parent/Parents,Parent/Parents,"Guardian e.g., grandparent, uncle, siblings etc.",1.0,0.0,,Employed and earning salary/wages
0.9,0.9,0.0,1.0,1.0,Kgatoentle Secondary School (LG Holele),Setswana,1.0,1.0,First,No fee-paying school,Between 41 and 60,Public,9,8,Public Transport,0.0,1.0,Parents provided lunch box.,Bachelor,3,0.0,Rural Village,Single Parent,0.0,0.0,0.0,0.0,0.0,1,1,1,0,0,1,1,First,The desire to make a difference,Home,,,0.0,Greater than 30km,Public transport,Between 31 minutes and an hour,1,NSFAS,NSFAS,NSFAS,1.0,0.0,,
1.0,1.0,0.0,1.0,1.0,J.M.Ntsime High school,English,1.0,0.0,Second,Parents or guardians,Between 31 and 40,Rural Village,9,6,Scholar transport (Rural learners),0.0,0.0,Parents provided lunch money,Bachelor,5,1.0,Township,Both Parents,0.0,0.0,0.0,0.0,0.0,1,1,1,0,1,1,1,Third,The desire to make a difference,University Residence,Self Catering,1.0,1.0,Between 20km and 30km,University bus service,Between 31 minutes and an hour,2,"Loans e.g., bank, Edu loan etc.","Loans e.g., bank, Edu","Loans e.g., bank, Edu loan",,,,
1.0,1.0,0.0,1.0,1.0,Reitumetse Secondary School ,English,1.0,1.0,First,Parents or guardians,Between 31 and 40,Township,8,5,Public Transport,0.0,0.0,School based feeding programme,Bachelor,4,0.0,Township,Both Parents,0.0,0.0,0.0,0.0,0.0,1,0,0,0,1,1,1,Second,Other,Accommodation,Self Catering,1.0,1.0,Greater than 30km,University bus service,Between 31 minutes and an hour,1,NSFAS,NSFAS,NSFAS,1.0,1.0,,
1.0,1.0,0.0,1.0,1.0,Taxila,English,1.0,0.0,Second,Parents or guardians,Between 20 and 30,Suburb/City/Town,10,10,Dropped off by parent or relative,1.0,0.0,Parents provided lunch money,Bachelor,5,1.0,Suburb/City/Town,Both Parents,0.0,0.0,0.0,0.0,0.0,1,1,1,0,1,1,1,First,Passion,University Residence,,1.0,1.0,Greater than 30km,University bus service,Between 31 minutes and an hour,2,Parent/Parents,Parent/Parents,Paying for myself,,,Employed and earning salary/wages,Employed and earning salary/wages
0.08,0.08,0.0,1.0,1.0,Dinakanyane senior secondary school,Sepedi,1.0,1.0,First,No fee-paying school,Between 41 and 60,Rural Village,7,7,Walking,0.0,0.0,School based feeding programme,Bachelor,2,1.0,Rural Village,Single Parent,0.0,0.0,0.0,0.0,0.0,1,1,1,0,1,1,1,First,The desire to make a difference,University Residence,Self Catering,1.0,1.0,Less than 5km,University bus service,Between 31 minutes and an hour,2,NSFAS,NSFAS,NSFAS,1.0,0.0,,
1.0,1.0,0.0,1.0,1.0,Lepono Senior Secondary School ,Sepedi,1.0,1.0,Second,No fee-paying school,Between 31 and 40,Township,9,9,Walking,0.0,1.0,School based feeding programme,Bachelor,1,1.0,Township,Single Parent,0.0,0.0,1.0,1.0,5.0,1,1,1,0,1,1,1,Second,Passion,University Residence,Self Catering,1.0,1.0,Between 20km and 30km,University bus service,Between 31 minutes and an hour,1,NSFAS,NSFAS,NSFAS,1.0,1.0,,
0.08,0.08,0.0,1.0,1.0,Rantobeng High School ,English,1.0,0.0,Second,No fee-paying school,Between 31 and 40,Rural Village,9,7,Scholar transport (Rural learners),0.0,0.0,School based feeding programme,Bachelor,3,1.0,Rural Village,Both Parents,0.0,0.0,0.0,0.0,0.0,1,1,0,0,0,1,1,First,Passion,University Residence,Self Catering,1.0,1.0,Between 20km and 30km,University bus service,Between 31 minutes and an hour,3,NSFAS,NSFAS,NSFAS,1.0,1.0,,
0.95,0.95,0.0,1.0,1.0,Northcliff High School,English,1.0,1.0,Second,Parents or guardians,Between 20 and 30,Suburb/City/Town,11,8,Own Automobile/car,1.0,0.0,Parents provided lunch box.,School leaving,4,1.0,Suburb/City/Town,Both Parents,0.0,0.0,0.0,1.0,5.0,1,1,0,0,1,1,1,Third,Passion,Accommodation,,,0.0,Between 20km and 30km,University bus service,Between 1 and 2 hours,1,Funding arrangements not analyzed (if none of the above options apply),Funding arrangements not finalized (if none of the above options apply),Funding arrangements not finalized (if none of the above options apply),,,,
0.5,0.3,0.2,0.6,0.0,Hoerskool Gerrit Maritz,English,1.0,0.0,Second,"Bursary e.g., Sasol, Eskom etc.",Between 31 and 40,Suburb/City/Town,11,7,Dropped off by parent or relative,0.0,0.0,Parents provided lunch money,Bachelor,5,1.0,Suburb/City/Town,Both Parents,0.0,0.0,0.0,0.0,0.0,1,0,0,0,0,0,1,Third,The desire to make a difference,Private,Self Catering,1.0,1.0,Greater than 30km,University bus service,Between 31 minutes and an hour,2,Government scholarship/bursary,Government scholarship/bursary,Government scholarship/bursary,,,,
1.0,0.938,0.062,0.938,1.0,Abel Motshoane secondary school,English,1.0,0.0,Second,No fee-paying school,Between 20 and 30,Informal settlement,11,8,Walking,1.0,0.0,School based feeding programme,Bachelor,3,0.0,Informal settlement,Single Parent,1.0,3.0,0.0,0.0,0.0,1,1,0,0,1,1,1,First,The desire to make a difference,University Residence,Catered,1.0,1.0,Greater than 30km,University bus service,Between 31 minutes and an hour,1,NSFAS,NSFAS,NSFAS,1.0,1.0,,
1.0,1.0,0.0,1.0,1.0,Moukagoe secondary school ,Sepedi,1.0,1.0,Second,No fee-paying school,Between 41 and 60,Rural Village,7,5,Walking,1.0,0.0,School based feeding programme,Bachelor,2,0.0,Rural Village,Single Parent,0.0,0.0,0.0,,,1,1,0,0,0,1,1,Third,Passion,Accommodation,Self Catering,1.0,,Greater than 30km,University bus service,Between 31 minutes and an hour,1,NSFAS,NSFAS,NSFAS,1.0,1.0,,
0.08,0.08,0.0,1.0,1.0,Makhosini Combined Secondary School ,English,1.0,0.0,Second,No fee-paying school,Between 31 and 40,Township,6,5,Walking,0.0,0.0,School based feeding programme,Bachelor,2,1.0,Township,"Guardian e.g., grandparent, uncle, siblings etc..",0.0,0.0,0.0,0.0,0.0,1,1,1,0,0,1,1,First,The desire to make a difference,Accommodation,Self Catering,1.0,0.0,Greater than 30km,University bus service,Between 1 and 2 hours,1,Government scholarship/bursary,Government scholarship/bursary,Government scholarship/bursary,,,,
0.5,0.5,0.0,1.0,1.0,Boitumelong Secondary School ,English,1.0,1.0,Second,No fee-paying school,Between 41 and 60,Public,11,11,Public Transport,1.0,0.0,School based feeding programme,Bachelor,1,0.0,Informal settlement,Both Parents,0.0,0.0,0.0,0.0,0.0,0,0,1,0,0,0,1,Third,The desire to make a difference,University Residence,Self Catering,1.0,1.0,Greater than 30km,University bus service,Between 31 minutes and an hour,2,NSFAS,NSFAS,NSFAS,1.0,1.0,,
1.0,1.0,0.0,1.0,1.0,Makala Secondary school ,English,1.0,0.0,Second,No fee-paying school,Greater than 80,Rural Village,4,5,Walking,0.0,0.0,School based feeding programme,Bachelor,2,1.0,Rural Village,"Guardian e.g., grandparent, uncle, siblings etc..",0.0,0.0,0.0,1.0,6.0,1,0,1,0,0,1,1,First,Job Security,University Residence,Self Catering,1.0,,Greater than 30km,University bus service,Between 31 minutes and an hour,2,NSFAS,NSFAS,NSFAS,1.0,1.0,,
0.906,0.656,0.25,0.7240618101545254,0.0,Rantobeng High School ,Sepedi,1.0,0.0,Second,"Parents or guardians, Self-funded",Between 41 and 60,Rural Village,5,5,Walking,0.0,0.0,School based feeding programme,Bachelor,2,1.0,Rural Village,Both Parents,0.0,0.0,0.0,0.0,0.0,1,1,0,0,0,0,1,First,Family,University Residence,Self Catering,1.0,1.0,Greater than 30km,University bus service,Between 31 minutes and an hour,1,"Bursary e.g., Eskom, Sasol etc.","Bursary e.g., Eskom, Sasol etc","Bursary e.g., Eskom, Sasol etc.",0.0,0.0,Unemployed and receiving social grant,Employed and earning salary/wages
1.0,1.0,0.0,1.0,1.0,Lwamondo High School,Tshivenda,1.0,1.0,First,No fee-paying school,Between 41 and 60,Rural Village,10,8,Public Transport,0.0,0.0,Parents provided lunch money,Bachelor,4,1.0,Rural Village,Other (Please Specify),0.0,0.0,0.0,0.0,0.0,1,0,1,0,1,1,1,First,Passion,University Residence,Self Catering,1.0,1.0,Between 20km and 30km,University bus service,Between 31 minutes and an hour,1,NSFAS,NSFAS,NSFAS,1.0,1.0,,
1.0,1.0,0.0,1.0,1.0,Syanda Secondary school ,English,1.0,0.0,Second,No fee-paying school,Between 20 and 30,Rural Village,10,10,Walking,1.0,0.0,School based feeding programme,Bachelor,2,0.0,Rural Village,Both Parents,0.0,0.0,0.0,0.0,0.0,0,1,1,0,1,1,1,First,The desire to make a difference,University Residence,Self Catering,1.0,1.0,Between 6km and 9km,University bus service,Between 31 minutes and an hour,2,NSFAS,NSFAS,NSFAS,1.0,1.0,,
1.0,1.0,0.0,1.0,1.0,Gija Ngove ,English,1.0,0.0,First,No fee-paying school,Between 61 and 80,Rural Village,8,8,Walking,0.0,0.0,School based feeding programme,Bachelor,4,1.0,Rural Village,Both Parents,0.0,0.0,0.0,0.0,0.0,1,0,0,0,0,0,1,First,Role Models,Accommodation,Self Catering,1.0,0.0,Between 20km and 30km,University bus service,Between 31 minutes and an hour,2,NSFAS,NSFAS,NSFAS,1.0,1.0,,
0.08,0.08,0.0,1.0,1.0,Phunyako High  School,Sepedi,1.0,1.0,Second,No fee-paying school,Greater than 80,Rural Village,9,7,Walking,0.0,0.0,School based feeding programme,Bachelor,2,0.0,Rural Village,Both Parents,0.0,0.0,1.0,1.0,6.0,1,1,1,0,1,1,1,First,Passion,University Residence,Self Catering,1.0,1.0,Greater than 30km,University bus service,Between 31 minutes and an hour,3,NSFAS,NSFAS,NSFAS,1.0,1.0,,
0.9,0.9,0.0,1.0,1.0,ZAMA HIGH SCHOOL,IsiZulu,1.0,1.0,Second,No fee-paying school,Between 41 and 60,Public,8,6,Walking,0.0,1.0,School based feeding programme,Bachelor,2,1.0,Rural Village,"Guardian e.g., grandparent, uncle, siblings etc..",0.0,0.0,,1.0,,1,1,0,0,0,1,1,First,Passion,University Residence,Self Catering,1.0,,Between 10km and 14km,University bus service,Between 31 minutes and an hour,1,NSFAS,NSFAS,NSFAS,1.0,1.0,,
1.0,1.0,0.0,1.0,1.0,Ramatshagalala secondary school ,Sepedi,1.0,1.0,First,No fee-paying school,Between 41 and 60,Rural Village,7,7,Walking,0.0,0.0,School based feeding programme,Bachelor,0,0.0,Rural Village,Both Parents,1.0,2.0,0.0,0.0,0.0,0,0,1,0,0,0,1,First,Passion,University Residence,Self Catering,1.0,1.0,Between 20km and 30km,University bus service,less than 30 minutes,1,NSFAS,NSFAS,NSFAS,1.0,1.0,,
1.0,1.0,0.0,1.0,1.0,Nghonyama Secondary School ,English,1.0,1.0,Second,No fee-paying school,Between 41 and 60,Rural Village,9,8,Walking,0.0,1.0,School based feeding programme,Bachelor,1,0.0,Rural Village,Both Parents,0.0,0.0,0.0,0.0,0.0,1,0,0,0,0,1,1,First,Passion,University Residence,Catered,1.0,1.0,Between 20km and 30km,University bus service,Between 31 minutes and an hour,1,NSFAS,NSFAS,NSFAS,1.0,1.0,Employed and earning salary/wages,Unemployed and looking for work
1.0,0.844,0.156,0.844,1.0,Napscom Secondary School ,Sepedi,1.0,0.0,Second,No fee-paying school,Between 20 and 30,Rural Village,9,9,Walking,1.0,0.0,School based feeding programme,Bachelor,3,1.0,Rural Village,Both Parents,0.0,0.0,0.0,0.0,0.0,1,1,0,0,0,0,1,First,Family,University Residence,Self Catering,1.0,,Greater than 30km,University bus service,Between 31 minutes and an hour,1,Funding arrangements not analyzed (if none of the above options apply),Funding arrangements not finalized (if none of the above options apply),Funding arrangements not finalized (if none of the above options apply),,0.0,A student,Unemployed and looking for work
0.994,0.684,0.31,0.688128772635815,0.0,Nkwangulatilo Education Centre ,English,1.0,0.0,Second,Parents or guardians,Between 20 and 30,Suburb/City/Town,10,10,Dropped off by parent or relative,1.0,0.0,Parents provided lunch box.,Bachelor,5,1.0,Suburb/City/Town,Both Parents,0.0,0.0,0.0,0.0,0.0,1,0,1,0,1,0,1,First,Passion,University Residence,Self Catering,,1.0,Between 6km and 9km,University bus service,Between 31 minutes and an hour,2,Parent/Parents,Parent/Parents,"Guardian e.g., grandparent, uncle, siblings etc.",,0.0,Employed and earning salary/wages,Employed and earning salary/wages
1.0,1.0,0.0,1.0,1.0,Kutama secondary school ,Tshivenda,1.0,1.0,Second,No fee-paying school,Between 41 and 60,Rural Village,8,8,Walking,0.0,0.0,School based feeding programme,Bachelor,2,0.0,Rural Village,No support,0.0,0.0,0.0,0.0,0.0,1,1,1,0,1,1,1,First,Job Security,University Residence,Self Catering,1.0,0.0,Between 20km and 30km,University bus service,Between 31 minutes and an hour,1,NSFAS,NSFAS,NSFAS,1.0,1.0,,
0.9,0.9,0.0,1.0,1.0,Lekete High School ,Sepulana,1.0,0.0,First,No fee-paying school,Between 61 and 80,Rural Village,11,8,Public Transport,0.0,1.0,School based feeding programme,Bachelor,3,0.0,Rural Village,Single Parent,0.0,0.0,0.0,1.0,5.0,1,1,1,0,1,1,1,First,The desire to make a difference,University Residence,Self Catering,0.0,1.0,Less than 5km,Walking,less than 30 minutes,2,NSFAS,NSFAS,NSFAS,1.0,1.0,,
0.08,0.08,0.0,1.0,1.0,Semendhe Secondary ,Xitsonga,1.0,1.0,Second,Government scholarship/bursary,Between 41 and 60,Rural Village,6,5,Walking,0.0,0.0,School based feeding programme,Bachelor,2,0.0,Rural Village,Both Parents,1.0,2.0,0.0,1.0,5.0,1,0,0,0,0,1,1,First,Passion,University Residence,Self Catering,1.0,1.0,Between 20km and 30km,University bus service,Between 31 minutes and an hour,2,NSFAS,NSFAS,NSFAS,1.0,1.0,,
1.0,0.6,0.4,0.6,0.0,Mokebe Secondary School,English,1.0,0.0,First,Government scholarship/bursary,Between 41 and 60,Rural Village,2,3,Public Transport,0.0,1.0,School based feeding programme,Bachelor,3,0.0,Rural Village,Single Parent,0.0,0.0,0.0,1.0,5.0,1,0,0,0,1,1,1,Third,The desire to make a difference,University Residence,Self Catering,1.0,1.0,Between 6km and 9km,University bus service,Between 31 minutes and an hour,2,NSFAS,NSFAS,NSFAS,1.0,1.0,,
0.964,0.964,0.0,1.0,1.0,Matsukubyane secondary school ,Setswana,0.0,1.0,Second,No fee-paying school,Between 61 and 80,Township,6,6,Scholar transport (Rural learners),1.0,0.0,School based feeding programme,Bachelor,2,0.0,Rural Village,No support,0.0,0.0,0.0,1.0,5.0,1,1,0,0,1,0,1,First,Teachers,University Residence,Self Catering,1.0,1.0,Between 20km and 30km,University bus service,Between 31 minutes and an hour,2,NSFAS,NSFAS,NSFAS,1.0,1.0,,
0.6,0.3,0.3,0.5,0.0,National School of Arts,English,1.0,0.0,Third,"Bursary e.g., Sasol, Eskom etc.",Between 41 and 60,Suburb/City/Town,10,10,Boarding school,1.0,1.0,Parents provided lunch box.,Bachelor,3,1.0,Township,Both Parents,0.0,0.0,1.0,1.0,5.0,1,1,1,0,1,1,1,Third,The desire to make a difference,University Residence,Self Catering,1.0,0.0,Greater than 30km,University bus service,Between 1 and 2 hours,1,NSFAS,NSFAS,NSFAS,1.0,1.0,Employed and earning salary/wages,Employed and earning salary/wages
1.0,1.0,0.0,1.0,1.0,Ngwanatshwane secondary school,Sepedi,1.0,1.0,First,"Bursary e.g., Sasol, Eskom etc.",Between 61 and 80,Rural Village,5,5,Walking,0.0,0.0,Three meals a day,Bachelor,3,1.0,Rural Village,Single Parent,0.0,0.0,0.0,0.0,0.0,1,1,1,0,1,1,1,First,Other,University Residence,Self Catering,1.0,0.0,Less than 5km,Walking,less than 30 minutes,2,NSFAS,NSFAS,NSFAS,1.0,1.0,,
1.0,1.0,0.0,1.0,1.0,Velangaye ,IsiZulu,1.0,1.0,Second,Educational or schooling insurance policy,Greater than 80,Rural Village,3,3,Walking,0.0,1.0,School based feeding programme,Bachelor,0,,,,,,,,,0,0,0,0,0,0,0,,,,,,,,,,0,,,,,,,
1.0,0.906,0.094,0.906,1.0,Health care sciences,English,1.0,0.0,Second,Trust fund,Between 41 and 60,Township,5,4,Walking,0.0,1.0,School based feeding programme,Bachelor,2,0.0,Township,"Guardian e.g., grandparent, uncle, siblings etc..",1.0,,0.0,1.0,5.0,1,0,1,0,0,1,1,First,The desire to make a difference,University Residence,Self Catering,1.0,0.0,Greater than 30km,University bus service,Between 31 minutes and an hour,2,NSFAS,NSFAS,NSFAS,1.0,1.0,,
0.9,0.9,0.0,1.0,1.0,Seageng Secondary School,Setswana,1.0,1.0,Second,No fee-paying school,Between 20 and 30,Suburb/City/Town,10,10,School Bus,1.0,1.0,School based feeding programme,Bachelor,5,1.0,Suburb/City/Town,Both Parents,0.0,0.0,0.0,0.0,0.0,1,0,0,0,0,1,1,Second,Passion,University Residence,Self Catering,1.0,1.0,Less than 5km,University bus service,Between 31 minutes and an hour,2,Government scholarship/bursary,Government scholarship/bursary,Government scholarship/bursary,,,,
0.9,0.9,0.0,1.0,1.0,Mampoi Secondary School ,English,1.0,1.0,First,,Between 31 and 40,Public,12,10,Walking,0.0,0.0,School based feeding programme,Bachelor,4,1.0,Rural Village,Both Parents,,,0.0,0.0,0.0,0,0,0,0,1,0,1,,,Accommodation,Self Catering,1.0,1.0,,University bus service,Between 31 minutes and an hour,1,NSFAS,NSFAS,NSFAS,1.0,1.0,,
0.9,0.9,0.0,1.0,1.0,Mhlanga Secondary School,IsiXhosa ,1.0,0.0,First,No fee-paying school,Between 41 and 60,Rural Village,7,6,Walking,0.0,0.0,School based feeding programme,Bachelor,0,1.0,Rural Village,Both Parents,1.0,1.0,0.0,0.0,0.0,0,1,0,0,0,0,1,First,Passion,University Residence,Self Catering,1.0,1.0,Between 10km and 14km,University bus service,Between 31 minutes and an hour,2,NSFAS,NSFAS,NSFAS,1.0,1.0,,
0.9,0.9,0.0,1.0,1.0,Njeyeza secondary school ,SiSwati,1.0,1.0,Second,Parents or guardians,Between 20 and 30,Township,9,7,Walking,1.0,0.0,Parents provided lunch box.,Bachelor,5,0.0,Township,Single Parent,0.0,0.0,0.0,0.0,0.0,1,1,0,0,1,1,1,Second,Job Security,Accommodation,Self Catering,1.0,1.0,Between 20km and 30km,University bus service,Between 1 and 2 hours,2,NSFAS,NSFAS,NSFAS,1.0,1.0,,
1.0,1.0,0.0,1.0,1.0,Kheto Nxumayo Agricultural High school ,Xitsonga,1.0,0.0,First,No fee-paying school,Between 41 and 60,Rural Village,6,6,Public Transport,0.0,1.0,School based feeding programme,Bachelor,3,0.0,Rural Village,No support,0.0,0.0,0.0,1.0,5.0,0,0,0,0,1,0,1,First,Passion,University Residence,Self Catering,1.0,1.0,Between 20km and 30km,University bus service,Between 1 and 2 hours,1,NSFAS,NSFAS,NSFAS,1.0,1.0,Unemployed and looking for work,Self-employed
1.0,1.0,0.0,1.0,1.0,Highveld Secondary School,English,1.0,1.0,Second,Parents or guardians,Between 41 and 60,Rural Village,8,7,Walking,0.0,0.0,School based feeding programme,Bachelor,4,1.0,Rural Village,Single Parent,0.0,0.0,0.0,0.0,0.0,1,0,1,0,1,1,1,First,Passion,University Residence,Self Catering,1.0,1.0,Between 20km and 30km,University bus service,Between 31 minutes and an hour,2,NSFAS,NSFAS,NSFAS,1.0,1.0,,
1.0,1.0,0.0,1.0,1.0,Kwandebele Science Secondary School,English,1.0,1.0,Second,No fee-paying school,Between 20 and 30,Rural Village,8,7,Public Transport,0.0,0.0,,Bachelor,3,1.0,Rural Village,Both Parents,0.0,0.0,0.0,0.0,0.0,1,1,0,0,1,1,1,First,Passion,University Residence,Self Catering,1.0,1.0,Greater than 30km,University bus service,Between 31 minutes and an hour,2,NSFAS,NSFAS,NSFAS,1.0,1.0,,
0.9,0.9,0.0,1.0,1.0,KwaDukathole Comprehensive School ,English,1.0,1.0,Third,Parents or guardians,Between 41 and 60,Township,7,6,Public Transport,0.0,1.0,School based feeding programme,Bachelor,1,1.0,Informal settlement,Both Parents,1.0,3.0,0.0,0.0,0.0,1,1,0,0,1,1,1,First,Passion,University Residence,Self Catering,1.0,0.0,Between 10km and 14km,University bus service,Between 31 minutes and an hour,2,NSFAS,NSFAS,NSFAS,1.0,1.0,,
1.0,0.844,0.156,0.844,1.0,Mahlabela Secondary School ,English,1.0,1.0,First,No fee-paying school,Between 31 and 40,Suburb/City/Town,11,8,Dropped off by parent or relative,1.0,1.0,School based feeding programme,Bachelor,4,1.0,Suburb/City/Town,Both Parents,0.0,0.0,0.0,1.0,11.0,1,0,1,0,1,0,1,First,Family,University Residence,Self Catering,1.0,1.0,Between 20km and 30km,University bus service,Between 31 minutes and an hour,4,NSFAS,NSFAS,NSFAS,1.0,1.0,Employed and earning salary/wages,Employed and earning salary/wages
1.0,1.0,0.0,1.0,1.0,Curry Academy Pretoria ,English,0.0,0.0,Second,Self-funded,Between 31 and 40,Rural Village,8,7,Own Automobile/car,0.0,0.0,Two meals a day,Bachelor,4,1.0,Suburb/City/Town,Both Parents,0.0,0.0,0.0,1.0,6.0,1,1,0,0,1,1,1,First,Passion,University Residence,Self Catering,1.0,1.0,Greater than 30km,University bus service,Between 31 minutes and an hour,2,Government scholarship/bursary,Government scholarship/bursary,Government scholarship/bursary,0.0,0.0,,
1.0,1.0,0.0,1.0,1.0,Makuane Senior Secondary School,English,1.0,1.0,Second,No fee-paying school,Less than 20,Rural Village,7,7,Walking,0.0,0.0,School based feeding programme,Bachelor,2,0.0,Rural Village,Single Parent,0.0,0.0,0.0,0.0,0.0,1,1,1,0,1,1,1,First,Passion,University Residence,,,1.0,Less than 5km,Walking,less than 30 minutes,2,NSFAS,NSFAS,NSFAS,1.0,1.0,,Self-employed
1.0,1.0,0.0,1.0,1.0,Florida Park highschool ,English,0.0,1.0,First,Parents or guardians,Between 31 and 40,Public,9,9,Walking,0.0,1.0,Parents provided lunch box.,Bachelor,4,1.0,Suburb/City/Town,Both Parents,0.0,0.0,0.0,1.0,6.0,1,1,0,0,0,0,1,First,The desire to make a difference,University Residence,Self Catering,1.0,1.0,Less than 5km,Walking,less than 30 minutes,3,Government scholarship/bursary,Government scholarship/bursary,Government scholarship/bursary,,,,
0.5,0.5,0.0,1.0,1.0,Pakamani SSS,IsiXhosa,1.0,1.0,First,Parents or guardians,Greater than 80,Rural Village,5,6,Walking,0.0,0.0,One meal a day at home,Bachelor,1,1.0,Rural Village,Single Parent,0.0,0.0,0.0,0.0,0.0,1,1,1,0,0,1,1,First,Passion,University Residence,Self Catering,1.0,1.0,Greater than 30km,University bus service,Between 31 minutes and an hour,1,NSFAS,NSFAS,NSFAS,1.0,1.0,,
0.5,0.5,0.0,1.0,1.0,Tlhorong SS ,Sesotho,1.0,1.0,First,No fee-paying school,Between 31 and 40,Home schooling,6,2,Walking,0.0,0.0,School based feeding programme,Bachelor,2,1.0,Township,Single Parent,0.0,0.0,0.0,1.0,5.0,1,1,0,0,1,1,1,First,Other,Accommodation,,1.0,1.0,Between 20km and 30km,University bus service,Between 31 minutes and an hour,2,NSFAS,NSFAS,NSFAS,1.0,1.0,,Unemployed and looking for work
1.0,1.0,0.0,1.0,1.0,Waterberg High School ,English,1.0,0.0,Third,Parents or guardians,Between 31 and 40,Suburb/City/Town,8,7,Walking,0.0,0.0,Parents provided lunch box.,Bachelor,4,1.0,Suburb/City/Town,Both Parents,0.0,0.0,0.0,0.0,0.0,0,1,0,0,0,0,1,First,Passion,Accommodation,,1.0,0.0,Between 20km and 30km,Public transport,less than 30 minutes,2,Parent/Parents,Parent/Parents,"Guardian e.g., grandparent, uncle, siblings etc.",,,Employed and earning salary/wages,Employed and earning salary/wages
1.0,1.0,0.0,1.0,1.0,Springs Girls' High School,English,0.0,0.0,Second,Parents or guardians,Between 20 and 30,Suburb/City/Town,11,11,Public Transport,0.0,0.0,Parents provided lunch box.,Bachelor,4,1.0,Township,Single Parent,0.0,0.0,0.0,1.0,5.0,0,0,0,0,0,1,1,First,Passion,University Residence,Self Catering,1.0,0.0,Less than 5km,Walking,less than 30 minutes,2,"Bursary e.g., Eskom, Sasol etc.","Bursary e.g., Eskom, Sasol etc","Bursary e.g., Eskom, Sasol etc.",,,,
0.5,0.5,0.0,1.0,1.0,Sidungeni secondary school,SiSwati,1.0,1.0,First,Parents or guardians,Between 41 and 60,Rural Village,5,5,Walking,0.0,0.0,School based feeding programme,Bachelor,4,1.0,Rural Village,Single Parent,0.0,0.0,0.0,0.0,0.0,1,0,0,0,1,1,1,First,The desire to make a difference,University Residence,,1.0,1.0,Greater than 30km,University bus service,Between 31 minutes and an hour,5,NSFAS,NSFAS,NSFAS,1.0,1.0,,
0.801,0.801,0.0,1.0,1.0,Geysdorp Secondary ,Setswana,1.0,1.0,First,No fee-paying school,Less than 20,Farm,5,5,Public Transport,0.0,0.0,School based feeding programme,Bachelor,2,0.0,Rural Village,Single Parent,1.0,1.0,0.0,1.0,15.0,0,1,0,0,0,0,1,First,Role Models,University Residence,Self Catering,1.0,1.0,Less than 5km,Walking,Between 31 minutes and an hour,2,Government scholarship/bursary,Government scholarship/bursary,Government scholarship/bursary,,,,
